time_s,roll_deg,pitch_deg,yaw_deg
0.00536132383786025,-124.883628845215,-65.2544708251953,-114.807037353516
0.0220284576280392,-124.57389831543,-65.3087539672852,-115.328536987305
0.0386955914163991,-124.414222717285,-65.317741394043,-115.660949707031
0.055362725206578,-124.323638916016,-65.2916641235352,-115.885208129883
0.0720298589958475,-124.194190979004,-65.2254486083984,-116.118049621582
0.0886969927851169,-124.05884552002,-65.1305389404297,-116.298889160156
0.105364126574386,-123.89143371582,-65.0013885498047,-116.463111877441
0.122031260363656,-123.736701965332,-64.8749847412109,-116.57194519043
0.138698394152925,-123.55419921875,-64.7226333618164,-116.671310424805
0.155365527942195,-123.349937438965,-64.5914993286133,-116.759284973145
0.172032661732374,-123.178115844727,-64.4993209838867,-116.788986206055
0.188699795520733,-123.031051635742,-64.3853073120117,-116.782722473145
0.205366929310912,-122.936210632324,-64.2928848266602,-116.724617004395
0.222034063100182,-122.858741760254,-64.2006988525391,-116.649948120117
0.238701196889451,-122.698036193848,-64.1518478393555,-116.691268920898
0.255368330678721,-122.427825927734,-64.1928024291992,-116.859390258789
0.27203546446799,-122.019912719727,-64.2267227172852,-117.171401977539
0.28870259825726,-121.431137084961,-64.209098815918,-117.65030670166
0.305369732046529,-120.675346374512,-64.0164947509766,-118.240646362305
0.322036865836708,-119.780006408691,-63.6771240234375,-118.886611938477
0.338703999625068,-119.487030029297,-63.826057434082,-118.935340881348
0.355371133415247,-119.369895935059,-63.7250862121582,-118.723457336426
0.372038267204516,-119.493614196777,-63.7586135864258,-118.366386413574
0.388705400993786,-119.714996337891,-63.8714828491211,-117.89111328125
0.405372534783055,-120.003814697266,-64.0534362792969,-117.39720916748
0.422039668572324,-120.242065429688,-64.2106094360352,-116.987495422363
0.438706802361594,-120.281547546387,-64.2497482299805,-116.795799255371
0.455373936150863,-120.285797119141,-64.4046173095703,-116.627601623535
0.472041069941042,-119.957504272461,-64.3971481323242,-116.737579345703
0.488708203729402,-119.470092773438,-64.326774597168,-116.981239318848
0.505375337519581,-118.810661315918,-64.1058807373047,-117.282150268555
0.522042471308851,-118.153465270996,-63.8638114929199,-117.50993347168
0.53870960509812,-117.514938354492,-63.5886917114258,-117.635543823242
0.555376738887389,-116.986541748047,-63.298225402832,-117.614654541016
0.572043872676659,-116.571647644043,-63.0361976623535,-117.459922790527
0.588711006465928,-116.374664306641,-62.8423919677734,-117.076271057129
0.605378140255198,-116.437477111816,-62.6991691589355,-116.43684387207
0.622045274045377,-116.775871276855,-62.6126403808594,-115.540466308594
0.638712407833737,-117.335739135742,-62.5729942321777,-114.444839477539
0.655379541623915,-118.019058227539,-62.5426216125488,-113.235404968262
0.672046675413185,-118.67652130127,-62.5143661499023,-112.08194732666
0.688713809202454,-119.209396362305,-62.4861450195312,-111.086563110352
0.705380942991724,-119.611763000488,-62.4444580078125,-110.240516662598
0.722048076780993,-119.937042236328,-62.3548622131348,-109.473426818848
0.738715210570263,-120.160118103027,-62.225830078125,-108.84765625
0.755382344359532,-120.365203857422,-62.1299438476562,-108.254005432129
0.772049478149711,-120.545944213867,-62.0431976318359,-107.730094909668
0.788716611938071,-120.745147705078,-61.9499130249023,-107.232803344727
0.80538374572825,-121.008811950684,-61.9197425842285,-106.704620361328
0.822050879517519,-121.337066650391,-61.9220237731934,-106.156753540039
0.838718013306789,-121.784309387207,-61.9889106750488,-105.555534362793
0.855385147096058,-122.338569641113,-62.1080093383789,-104.916061401367
0.872052280885327,-123.011077880859,-62.2985038757324,-104.230834960938
0.888719414674597,-123.788887023926,-62.5049934387207,-103.495292663574
0.905386548463866,-124.649436950684,-62.6738243103027,-102.706184387207
0.922053682254045,-125.316871643066,-62.7143936157227,-102.114555358887
0.938720816042405,-125.713638305664,-62.6336822509766,-101.807601928711
0.955387949832584,-125.651123046875,-62.3324432373047,-101.961585998535
0.972055083621854,-125.759368896484,-62.4870185852051,-102.020240783691
0.988722217411123,-125.91064453125,-62.5636596679688,-102.038734436035
1.00538935120039,-126.10034942627,-62.5957946777344,-102.117561340332
1.02205648498966,-126.657829284668,-62.9090614318848,-101.922981262207
1.03872361877893,-127.502449035645,-63.2597236633301,-101.509941101074
1.0553907525682,-128.353164672852,-63.5483055114746,-101.183471679688
1.07205788635838,-129.38215637207,-63.7782096862793,-100.608520507812
1.08872502014674,-130.134536743164,-63.7715644836426,-100.242813110352
1.10539215393692,-130.772323608398,-63.6640510559082,-99.9239501953125
1.12205928772619,-131.089691162109,-63.4614753723145,-99.8699188232422
1.13872642151546,-130.923828125,-63.1534042358398,-100.253295898438
1.15539355530473,-130.388137817383,-62.8779792785645,-100.956787109375
1.172060689094,-129.474487304688,-62.6852226257324,-102.013031005859
1.18872782288327,-128.361175537109,-62.5717582702637,-103.279998779297
1.20539495667254,-127.222877502441,-62.541877746582,-104.604484558105
1.22206209046271,-126.191680908203,-62.5975646972656,-105.847068786621
1.23872922425107,-125.280899047852,-62.6896018981934,-107.010009765625
1.25539635804125,-124.544960021973,-62.8159675598145,-108.00951385498
1.27206349183052,-124.086357116699,-63.0497283935547,-108.688888549805
1.28873062561979,-123.826347351074,-63.3068733215332,-109.185134887695
1.30539775940906,-123.727157592773,-63.5893898010254,-109.515892028809
1.32206489319833,-123.863555908203,-63.961669921875,-109.559661865234
1.3387320269876,-124.248657226562,-64.3878402709961,-109.325912475586
1.35539916077687,-125.045066833496,-64.9265441894531,-108.640365600586
1.37206629456705,-126.258041381836,-65.5712432861328,-107.536743164062
1.38873342835541,-127.911193847656,-66.3760681152344,-105.986183166504
1.40540056214559,-129.922302246094,-67.2201766967773,-104.06591796875
1.42206769593486,-132.325531005859,-68.0536804199219,-101.713928222656
1.43873482972413,-135.139221191406,-68.8240509033203,-98.8961639404297
1.4554019635134,-138.316177368164,-69.4649276733398,-95.6229248046875
1.47206909730266,-141.617752075195,-69.9047164916992,-92.1324920654297
1.48873623109193,-144.686767578125,-70.1067123413086,-88.8268356323242
1.5054033648812,-147.545043945312,-70.2317504882812,-85.6757736206055
1.52207049867138,-149.941955566406,-70.2521438598633,-82.9191589355469
1.53873763245974,-151.625183105469,-70.2074661254883,-80.8435134887695
1.55540476624992,-152.115081787109,-69.9373626708984,-79.9013061523438
1.57207190003919,-151.625625610352,-69.7483901977539,-79.8330459594727
1.58873903382846,-152.246368408203,-69.8701095581055,-78.6840667724609
1.60540616761773,-151.429718017578,-69.7632141113281,-78.9612731933594
1.622073301407,-151.374786376953,-69.8255844116211,-78.6380081176758
1.63874043519627,-151.539779663086,-69.9767074584961,-78.2155075073242
1.65540756898554,-151.822601318359,-70.111442565918,-77.7118759155273
1.67207470277572,-152.382019042969,-70.4345321655273,-77.1229553222656
1.68874183656499,-152.586227416992,-70.7183380126953,-76.9569549560547
1.70540897035426,-152.895919799805,-71.1452941894531,-76.7461318969727
1.72207610414353,-152.710632324219,-71.5213165283203,-76.9467926025391
1.73874323793279,-152.101684570312,-71.7972183227539,-77.5704574584961
1.75541037172206,-151.170135498047,-71.9580230712891,-78.4555740356445
1.77207750551133,-150.360229492188,-72.1223907470703,-79.1589431762695
1.7887446393006,-149.625930786133,-72.2334442138672,-79.7550811767578
1.80541177308987,-148.983642578125,-72.2503509521484,-80.2276840209961
1.82207890688005,-148.511032104492,-72.1923294067383,-80.5235366821289
1.83874604066932,-148.358978271484,-72.0883102416992,-80.5149002075195
1.85541317445859,-148.525436401367,-71.9308395385742,-80.2189178466797
1.87208030824786,-149.026718139648,-71.7344284057617,-79.6159286499023
1.88874744203713,-149.711578369141,-71.5085601806641,-78.8541641235352
1.9054145758264,-150.404571533203,-71.2483596801758,-78.0912551879883
1.92208170961567,-151.056915283203,-70.9826354980469,-77.3828659057617
1.93874884340494,-151.54443359375,-70.7312850952148,-76.8549270629883
1.95541597719421,-151.717468261719,-70.4460906982422,-76.6412582397461
1.97208311098439,-151.573028564453,-70.1742553710938,-76.7384872436523
1.98875024477366,-151.239105224609,-69.8912582397461,-77.0082550048828
2.00541737856292,-150.703399658203,-69.5997467041016,-77.4942779541016
2.02208451235219,-150.135284423828,-69.2624359130859,-78.0524673461914
2.03875164614146,-149.758117675781,-68.8699417114258,-78.5934677124023
2.05541877993073,-149.763916015625,-68.4295043945312,-79.0480346679688
2.07208591372,-150.210464477539,-67.9475708007812,-79.5448760986328
2.08875304750927,-151.32048034668,-67.4692306518555,-79.9667663574219
2.10542018129854,-153.010803222656,-66.9543151855469,-80.4075088500977
2.12208731508872,-155.009506225586,-66.4620590209961,-80.9668884277344
2.13875444887799,-156.925247192383,-66.0218353271484,-81.8395462036133
2.15542158266726,-158.905212402344,-65.6802749633789,-82.862678527832
2.17208871645653,-160.69580078125,-65.3725051879883,-84.218864440918
2.1887558502458,-161.701431274414,-65.0507354736328,-86.3031463623047
2.20542298403507,-162.854034423828,-65.2058563232422,-88.1603393554688
2.22209011782434,-164.681655883789,-65.4219818115234,-89.6225738525391
2.23875725161361,-165.185989379883,-65.6560134887695,-91.7477798461914
2.25542438540288,-165.752532958984,-66.1569366455078,-93.71875
2.27209151919305,-166.770858764648,-66.6554946899414,-95.3107757568359
2.28875865298232,-167.225006103516,-66.8369369506836,-96.8720855712891
2.30542578677159,-167.238159179688,-66.8621673583984,-98.276481628418
2.32209292056086,-167.743362426758,-66.9256210327148,-99.1635208129883
2.33876005435013,-168.240325927734,-66.9172973632812,-99.8148193359375
2.3554271881394,-168.486373901367,-66.8679656982422,-100.427398681641
2.37209432192867,-168.859085083008,-66.9101715087891,-100.877304077148
2.38876145571794,-169.31201171875,-66.9571685791016,-101.279579162598
2.40542858950721,-169.57160949707,-66.9328765869141,-101.753646850586
2.42209572329739,-169.750579833984,-66.8317337036133,-102.280738830566
2.43876285708666,-169.806488037109,-66.67626953125,-102.948883056641
2.45542999087593,-169.701324462891,-66.5144577026367,-103.795974731445
2.4720971246652,-169.486846923828,-66.4027557373047,-104.930137634277
2.48876425845447,-169.732757568359,-66.22509765625,-105.511848449707
2.50543139224374,-170.000640869141,-66.2095565795898,-106.355880737305
2.52209852603301,-170.176467895508,-66.2194442749023,-107.142929077148
2.53876565982227,-170.38362121582,-66.3041915893555,-107.917526245117
2.55543279361154,-170.527221679688,-66.4417724609375,-108.643524169922
2.57209992740172,-170.616134643555,-66.6130142211914,-109.323867797852
2.58876706119099,-170.70002746582,-66.8178253173828,-109.965942382812
2.60543419498026,-170.719650268555,-67.0138931274414,-110.59139251709
2.62210132876953,-170.654006958008,-67.1976852416992,-111.20686340332
2.6387684625588,-170.489212036133,-67.3678131103516,-111.798904418945
2.65543559634807,-170.305297851562,-67.5653610229492,-112.358352661133
2.67210273013734,-170.246017456055,-67.7805404663086,-112.844306945801
2.68876986392661,-170.257308959961,-67.9475936889648,-113.216361999512
2.70543699771588,-170.351150512695,-68.1162185668945,-113.507537841797
2.72210413150606,-170.559097290039,-68.2986526489258,-113.770233154297
2.73877126529533,-170.732650756836,-68.4384536743164,-114.058700561523
2.7554383990846,-170.790313720703,-68.5621109008789,-114.450096130371
2.77210553287387,-170.851867675781,-68.5483016967773,-114.848373413086
2.78877266666314,-170.695770263672,-68.3650665283203,-115.339836120605
2.8054398004524,-169.898849487305,-68.128662109375,-116.068916320801
2.82210693424167,-169.446197509766,-68.1418762207031,-116.658973693848
2.83877406803094,-169.342163085938,-68.0719528198242,-116.865821838379
2.85544120182021,-169.243377685547,-68.1251678466797,-116.976264953613
2.87210833561039,-170.058990478516,-68.2438049316406,-116.571754455566
2.88877546939966,-170.759201049805,-68.4757843017578,-116.236572265625
2.90544260318893,-171.357940673828,-68.806282043457,-116.00065612793
2.9221097369782,-171.658477783203,-69.1847915649414,-116.054473876953
2.93877687076747,-171.474502563477,-69.5909194946289,-116.531578063965
2.95544400455674,-170.999465942383,-69.8416442871094,-117.222648620605
2.97211113834601,-170.006759643555,-69.9751205444336,-118.188491821289
2.98877827213528,-168.934921264648,-70.0648880004883,-119.287178039551
3.00544540592455,-167.824310302734,-70.0448608398438,-120.505783081055
3.02211253971473,-166.572967529297,-69.9562072753906,-121.716896057129
3.038779673504,-165.560333251953,-69.8610153198242,-122.718612670898
3.05544680729327,-164.880889892578,-69.7804489135742,-123.524368286133
3.07211394108253,-164.556701660156,-69.6868438720703,-124.14281463623
3.0887810748718,-164.574996948242,-69.5720748901367,-124.510719299316
3.10544820866107,-164.882858276367,-69.4230651855469,-124.659576416016
3.12211534245034,-165.357086181641,-69.2314605712891,-124.6611328125
3.13878247623961,-165.922714233398,-69.0067520141602,-124.411636352539
3.15544961002888,-166.578567504883,-68.7605667114258,-123.856056213379
3.17211674381906,-167.327362060547,-68.4949645996094,-122.881523132324
3.18878387760833,-168.177947998047,-68.2276992797852,-121.370330810547
3.2054510113976,-169.16340637207,-68.0770797729492,-119.329086303711
3.22211814518687,-170.370040893555,-67.9496841430664,-116.686309814453
3.23878527897614,-171.657318115234,-67.8046875,-113.607879638672
3.25545241276541,-172.900375366211,-67.6273193359375,-110.11449432373
3.27211954655468,-173.893051147461,-67.4800186157227,-106.46117401123
3.28878668034395,-174.661895751953,-67.5565185546875,-102.916168212891
3.30545381413322,-175.384582519531,-67.7499923706055,-99.3867111206055
3.32212094792339,-176.219131469727,-68.0068740844727,-95.7803268432617
3.33878808171266,-176.934509277344,-68.3116073608398,-92.2213363647461
3.35545521550193,-177.689605712891,-68.5992889404297,-88.6126174926758
3.3721223492912,-178.620864868164,-68.7498321533203,-85.0244674682617
3.38878948308047,-179.740264892578,-68.7765121459961,-81.6071319580078
3.40545661686974,178.977935791016,-68.7246704101562,-78.3424530029297
3.42212375065901,178.055130004883,-68.6415176391602,-75.5427703857422
3.43879088444828,178.201156616211,-68.8178176879883,-73.4077911376953
3.45545801823755,177.722473144531,-69.1432189941406,-71.0655975341797
3.47212515202773,178.169006347656,-69.2548980712891,-69.8560485839844
3.488792285817,178.316589355469,-69.584358215332,-68.2477951049805
3.50545941960627,177.020919799805,-69.7083587646484,-66.0313568115234
3.52212655339554,175.662216186523,-69.5846633911133,-63.9310150146484
3.53879368718481,174.749237060547,-69.1966323852539,-62.1677131652832
3.55546082097408,173.948837280273,-68.6811065673828,-60.6705169677734
3.57212795476335,172.936660766602,-68.0045166015625,-59.0718879699707
3.58879508855262,172.456176757812,-67.2366409301758,-57.9412002563477
3.60546222234188,172.607681274414,-66.5017776489258,-57.3947563171387
3.62212935613206,172.869735717773,-65.9477386474609,-56.9238967895508
3.63879648992133,173.204025268555,-65.5583419799805,-56.504955291748
3.6554636237106,173.738906860352,-65.3155899047852,-56.3226928710938
3.67213075749987,174.363906860352,-65.2333068847656,-56.2822418212891
3.68879789128914,175.10302734375,-65.2871856689453,-56.4024925231934
3.70546502507841,175.94255065918,-65.4651184082031,-56.7063827514648
3.72213215886768,176.695129394531,-65.7310104370117,-56.9629020690918
3.73879929265695,177.363418579102,-66.0895843505859,-57.225284576416
3.75546642644622,177.962158203125,-66.5006790161133,-57.509822845459
3.7721335602364,178.231582641602,-66.8738555908203,-57.4104232788086
3.78880069402567,178.356246948242,-67.2939071655273,-57.2670364379883
3.80546782781494,178.629043579102,-67.7255783081055,-57.3531188964844
3.82213496160421,179.04182434082,-68.1235885620117,-57.5568237304688
3.83880209539348,179.683929443359,-68.4717559814453,-57.9639015197754
3.85546922918275,-179.541717529297,-68.8081436157227,-58.5072021484375
3.87213636297201,-178.77685546875,-69.0643997192383,-59.0497665405273
3.88880349676128,-177.883804321289,-69.193977355957,-59.7099800109863
3.90547063055055,-176.7646484375,-69.1974563598633,-60.5281524658203
3.92213776434073,-175.77522277832,-69.1249694824219,-61.1668243408203
3.93880489813,-175.004364013672,-69.0278244018555,-61.576000213623
3.95547203191927,-174.473007202148,-68.9404373168945,-61.7541236877441
3.97213916570854,-174.37419128418,-68.9531478881836,-61.567325592041
3.98880629949781,-174.718704223633,-69.0714874267578,-61.046947479248
4.00547343328708,-174.988906860352,-69.2342758178711,-60.7043571472168
4.02214056707635,-175.119812011719,-69.3910293579102,-60.5151977539062
4.03880770086562,-174.326080322266,-69.4367828369141,-61.2199974060059
4.05547483465489,-174.144683837891,-69.6925048828125,-61.3002090454102
4.07214196844507,-174.459884643555,-69.7870254516602,-60.9326171875
4.08880910223434,-173.108016967773,-69.7495040893555,-62.183708190918
4.10547623602361,-172.550918579102,-69.7740325927734,-62.704776763916
4.12214336981287,-171.864639282227,-69.7505722045898,-63.2891464233398
4.13881050360214,-170.933135986328,-69.763427734375,-64.1277694702148
4.15547763739141,-170.200714111328,-69.8211441040039,-64.7920455932617
4.17214477118068,-168.863082885742,-69.8677215576172,-65.9247817993164
4.18881190496995,-167.293319702148,-70.0510482788086,-67.213020324707
4.20547903875922,-164.957855224609,-70.1845626831055,-69.1687850952148
4.2221461725494,-161.618545532227,-70.3219451904297,-71.9979629516602
4.23881330633867,-157.686004638672,-70.4970016479492,-75.2983703613281
4.25548044012794,-153.252548217773,-70.5691604614258,-78.9715118408203
4.27214757391721,-148.485656738281,-70.4528732299805,-82.9100646972656
4.28881470770648,-144.149688720703,-70.1714706420898,-86.379150390625
4.30548184149575,-140.435653686523,-69.7564086914062,-89.2375030517578
4.32214897528502,-137.419525146484,-69.2053375244141,-91.4344635009766
4.33881610907429,-135.437103271484,-68.6857604980469,-92.6227722167969
4.35548324286356,-134.283477783203,-68.1835327148438,-93.0591506958008
4.37215037665374,-133.792907714844,-67.7366333007812,-92.9040451049805
4.388817510443,-133.661804199219,-67.342155456543,-92.4164428710938
4.40548464423227,-133.726989746094,-66.9973678588867,-91.7783279418945
4.42215177802154,-133.849380493164,-66.6510314941406,-91.1014862060547
4.43881891181081,-133.900253295898,-66.285514831543,-90.5369262695312
4.45548604560008,-133.805450439453,-65.9081115722656,-90.1527938842773
4.47215317938935,-133.523574829102,-65.4980010986328,-90.0160446166992
4.48882031317862,-133.164840698242,-65.1062393188477,-89.9977645874023
4.50548744696789,-132.686630249023,-64.6914596557617,-90.1407928466797
4.52215458075807,-132.254852294922,-64.2677230834961,-90.263786315918
4.53882171454734,-131.933609008789,-63.8443870544434,-90.3135452270508
4.55548884833661,-131.842727661133,-63.5005073547363,-90.1934967041016
4.57215598212588,-132.041015625,-63.2936363220215,-89.8648681640625
4.58882311591515,-132.547637939453,-63.2040100097656,-89.2912368774414
4.60549024970442,-133.27880859375,-63.1575088500977,-88.5395812988281
4.62215738349369,-133.983444213867,-63.0856781005859,-87.8255386352539
4.63882451728387,-134.401702880859,-62.9829368591309,-87.3868103027344
4.65549165107223,-134.229751586914,-62.7167015075684,-87.5624084472656
4.6721587848624,-134.143127441406,-62.9610748291016,-87.6815032958984
4.68882591865167,-133.903778076172,-63.0624465942383,-87.9416809082031
4.70549305244094,-133.331558227539,-63.0520935058594,-88.6193389892578
4.72216018623021,-133.20783996582,-63.3665618896484,-88.9551467895508
4.73882732001948,-133.078369140625,-63.6164360046387,-89.2887115478516
4.75549445380875,-133.055465698242,-63.8080940246582,-89.5472793579102
4.77216158759802,-132.972518920898,-63.7817153930664,-89.7550277709961
4.7888287213882,-132.876373291016,-63.6379814147949,-89.9264144897461
4.80549585517656,-132.737503051758,-63.4488792419434,-90.1081848144531
4.82216298896674,-132.279220581055,-63.1206321716309,-90.5842742919922
4.83883012275601,-131.564895629883,-62.8656768798828,-91.3353576660156
4.85549725654528,-130.609832763672,-62.6935882568359,-92.3220443725586
4.87216439033455,-129.46125793457,-62.607551574707,-93.5515747070312
4.88883152412382,-128.204742431641,-62.6062660217285,-94.9335708618164
4.90549865791309,-126.983993530273,-62.7068901062012,-96.3367004394531
4.92216579170235,-125.921463012695,-62.8992805480957,-97.6127700805664
4.93883292549253,-125.166595458984,-63.2599906921387,-98.5993499755859
4.95550005928089,-124.855354309082,-63.7713737487793,-99.1776275634766
4.97216719307107,-125.292037963867,-64.5214538574219,-98.9965438842773
4.98883432686034,-126.379455566406,-65.5181427001953,-98.2299194335938
5.00550146064961,-128.017547607422,-66.6150512695312,-96.9846420288086
5.02216859443888,-130.073196411133,-67.7220916748047,-95.3717880249023
5.03883572822815,-132.463333129883,-68.8008499145508,-93.4398803710938
5.05550286201742,-134.990936279297,-69.7635269165039,-91.3499374389648
5.07216999580669,-137.616912841797,-70.6210174560547,-89.112174987793
5.08883712959687,-140.350036621094,-71.4002838134766,-86.7509689331055
5.10550426338523,-142.991790771484,-72.0017242431641,-84.4385528564453
5.12217139717541,-145.300933837891,-72.4070434570312,-82.394775390625
5.13883853096468,-147.501968383789,-72.6538162231445,-80.3579330444336
5.15550566475395,-149.365997314453,-72.6957855224609,-78.5400848388672
5.17217279854322,-150.76123046875,-72.6184005737305,-77.1411514282227
5.18883993233248,-152.327224731445,-72.6311798095703,-75.5270309448242
5.20550706612175,-153.75212097168,-72.6529083251953,-74.0341949462891
5.22217419991102,-154.67643737793,-72.6094589233398,-72.9917221069336
5.2388413337012,-154.675415039062,-72.3908767700195,-72.8323059082031
5.25550846748956,-153.80224609375,-72.1884765625,-73.4239044189453
5.27217560127974,-154.846450805664,-72.3468704223633,-72.1491012573242
5.28884273506901,-154.352600097656,-72.1966018676758,-72.3490676879883
5.30550986885828,-154.456405639648,-72.2212982177734,-72.080078125
5.32217700264755,-155.474685668945,-72.2927474975586,-70.9038467407227
5.33884413643682,-156.164001464844,-72.3518142700195,-70.1812973022461
5.35551127022609,-157.126739501953,-72.5977935791016,-69.3937683105469
5.37217840401536,-157.678817749023,-72.9335021972656,-69.0929718017578
5.38884553780554,-158.109588623047,-73.395393371582,-68.9673843383789
5.4055126715939,-158.027359008789,-73.6962280273438,-69.236572265625
5.42217980538408,-157.0283203125,-73.8093109130859,-70.2941513061523
5.43884693917335,-156.101058959961,-73.8297271728516,-71.227668762207
5.45551407296261,-155.37483215332,-73.7479553222656,-71.8837509155273
5.47218120675188,-154.785583496094,-73.5513610839844,-72.3718795776367
5.48884834054115,-154.649047851562,-73.2553939819336,-72.3931274414062
5.50551547433042,-154.915939331055,-72.8455963134766,-72.0402755737305
5.52218260811969,-155.579559326172,-72.318733215332,-71.3503646850586
5.53884974190987,-156.643005371094,-71.735969543457,-70.2771682739258
5.55551687569823,-157.808731079102,-71.0868148803711,-69.1197357177734
5.57218400948841,-159.007400512695,-70.4609832763672,-67.9272842407227
5.58885114327768,-160.127502441406,-69.8771057128906,-66.8186721801758
5.60551827706695,-161.063568115234,-69.3185653686523,-65.8725433349609
5.62218541085622,-161.861145019531,-68.7917709350586,-65.0008926391602
5.63885254464549,-162.559432983398,-68.1522216796875,-64.0993728637695
5.65551967843476,-162.973526000977,-67.3534393310547,-63.3930015563965
5.67218681222403,-163.198806762695,-66.4702072143555,-62.793399810791
5.68885394601421,-163.404388427734,-65.5753860473633,-62.1615180969238
5.70552107980257,-163.545364379883,-64.7041244506836,-61.583423614502
5.72218821359274,-163.710327148438,-63.9060974121094,-60.9722328186035
5.73885534738201,-163.838027954102,-63.1748161315918,-60.5245742797852
5.75552248117128,-164.105270385742,-62.6032943725586,-60.0106010437012
5.77218961496055,-164.425888061523,-62.1666831970215,-59.5179214477539
5.78885674874982,-164.899658203125,-61.8716583251953,-58.9438438415527
5.80552388253909,-165.612579345703,-61.6993255615234,-58.2232780456543
5.82219101632836,-166.345672607422,-61.6666450500488,-57.5949363708496
5.83885815011854,-166.850601196289,-61.7484817504883,-57.3073234558105
5.8555252839069,-166.792678833008,-61.877513885498,-57.6794242858887
5.87219241769708,-167.208404541016,-62.3590812683105,-57.7698287963867
5.88885955148635,-167.531234741211,-62.8215675354004,-58.0782585144043
5.90552668527562,-166.85920715332,-63.0343627929688,-59.4383773803711
5.92219381906489,-167.0419921875,-63.5230484008789,-60.0255966186523
5.93886095285416,-167.752883911133,-63.9023818969727,-60.0001792907715
5.95552808664343,-168.230407714844,-64.1001968383789,-60.1715774536133
5.9721952204327,-168.477157592773,-64.0158386230469,-60.4331398010254
5.98886235422287,-168.608627319336,-63.8899803161621,-60.7080688476562
6.00552948801123,-168.53450012207,-63.6674728393555,-61.0740699768066
6.02219662180141,-167.992691040039,-63.398006439209,-61.8653869628906
6.03886375559068,-167.432083129883,-63.1943168640137,-62.6484413146973
6.05553088937995,-166.867294311523,-63.1163291931152,-63.425609588623
6.07219802316922,-166.321502685547,-63.1453056335449,-64.2149429321289
6.08886515695849,-165.858093261719,-63.2812652587891,-64.9607925415039
6.10553229074776,-165.540588378906,-63.5165405273438,-65.597053527832
6.12219942453703,-165.383834838867,-63.8180084228516,-66.0929183959961
6.13886655832721,-165.363815307617,-64.1442794799805,-66.4781341552734
6.15553369211557,-165.516479492188,-64.4930953979492,-66.7193069458008
6.17220082590575,-165.630401611328,-64.8335800170898,-67.074089050293
6.18886795969502,-165.971237182617,-65.1459197998047,-67.0933990478516
6.20553509348429,-166.296737670898,-65.470832824707,-67.1695327758789
6.22220222727356,-166.508987426758,-65.6998138427734,-67.346809387207
6.23886936106283,-166.613922119141,-65.8871765136719,-67.5882949829102
6.25553649485209,-166.743713378906,-66.0697250366211,-67.7602920532227
6.27220362864136,-166.847320556641,-66.2742309570312,-67.9283905029297
6.28887076243154,-166.892364501953,-66.4590911865234,-68.1084976196289
6.3055378962199,-166.660736083984,-66.5578002929688,-68.4856491088867
6.32220503001008,-166.433380126953,-66.6299133300781,-68.7573394775391
6.33887216379935,-166.411911010742,-66.6924667358398,-68.7049255371094
6.35553929758862,-166.463287353516,-66.704948425293,-68.4900054931641
6.37220643137789,-166.800399780273,-66.7964477539062,-67.9459075927734
6.38887356516716,-167.414688110352,-66.9693374633789,-67.1096343994141
6.40554069895643,-167.918655395508,-67.136604309082,-66.3674774169922
6.4222078327457,-167.868667602539,-67.1398620605469,-66.1624069213867
6.43887496653588,-168.171279907227,-67.2935485839844,-65.574348449707
6.45554210032424,-168.593368530273,-67.3880920410156,-64.794807434082
6.47220923411442,-168.528533935547,-67.5899810791016,-64.519401550293
6.48887636790369,-168.114364624023,-67.8045654296875,-64.6317367553711
6.50554350169296,-167.48323059082,-67.9964981079102,-65.0217132568359
6.52221063548222,-166.920257568359,-68.2166213989258,-65.4223251342773
6.53887776927149,-166.624603271484,-68.4614562988281,-65.6562194824219
6.55554490306076,-166.141357421875,-68.6554870605469,-66.0955810546875
6.57221203685003,-165.814086914062,-68.8317413330078,-66.3452453613281
6.58887917064021,-164.856750488281,-68.8380661010742,-67.0655746459961
6.60554630442857,-163.560852050781,-68.7834548950195,-67.9844970703125
6.62221343821875,-161.601852416992,-68.6273956298828,-69.4160842895508
6.63888057200802,-159.138626098633,-68.4595642089844,-71.22509765625
6.65554770579729,-156.317306518555,-68.3274383544922,-73.2876739501953
6.67221483958656,-153.085479736328,-68.1884994506836,-75.6978073120117
6.68888197337583,-149.677993774414,-68.0322113037109,-78.2782516479492
6.7055491071651,-146.090270996094,-67.8280029296875,-80.9647216796875
6.72221624095437,-142.643264770508,-67.5539321899414,-83.4842987060547
6.73888337474455,-139.71305847168,-67.2365036010742,-85.5194778442383
6.75555050853291,-137.502227783203,-66.9451141357422,-86.9082794189453
6.77221764232308,-135.976531982422,-66.7251358032227,-87.7259292602539
6.78888477611235,-135.047576904297,-66.5567321777344,-88.047248840332
6.80555190990162,-134.444412231445,-66.4409637451172,-88.1237640380859
6.82221904369089,-134.056732177734,-66.3014526367188,-88.065185546875
6.83888617748016,-133.851974487305,-66.1597213745117,-87.8715133666992
6.85555331126943,-133.755676269531,-65.995979309082,-87.6334838867188
6.8722204450587,-133.708465576172,-65.8127288818359,-87.3914413452148
6.88888757884888,-133.706039428711,-65.6837768554688,-87.1644058227539
6.90555471263724,-133.758834838867,-65.6156768798828,-86.9631652832031
6.92222184642742,-133.83203125,-65.5536193847656,-86.8194427490234
6.93888898021669,-133.924942016602,-65.4743804931641,-86.7538604736328
6.95555611400596,-134.068984985352,-65.4612731933594,-86.7193984985352
6.97222324779523,-134.21257019043,-65.4891738891602,-86.7612686157227
6.9888903815845,-134.378051757812,-65.5074462890625,-86.8478622436523
7.00555751537377,-134.57878112793,-65.5387802124023,-86.9883575439453
7.02222464916304,-134.652954101562,-65.5280151367188,-87.2658386230469
7.03889178295321,-134.169143676758,-65.2701416015625,-88.1038131713867
7.05555891674157,-133.458343505859,-65.2315902709961,-89.1734619140625
7.07222605053175,-133.286392211914,-65.4164352416992,-89.8131332397461
7.08889318432102,-132.695083618164,-65.2846221923828,-90.9005813598633
7.10556031811029,-132.393280029297,-65.223274230957,-91.7747650146484
7.12222745189956,-132.390151977539,-65.3378219604492,-92.3106002807617
7.13889458568883,-132.685958862305,-65.2127075195312,-92.4935073852539
7.1555617194781,-132.71272277832,-64.6474838256836,-92.852409362793
7.17222885326737,-133.013275146484,-64.1135101318359,-92.8108139038086
7.18889598705755,-133.167205810547,-63.5153999328613,-92.7339324951172
7.20556312084591,-132.956008911133,-62.7559356689453,-92.9850845336914
7.22223025463609,-132.565399169922,-62.1717491149902,-93.4048385620117
7.23889738842536,-132.084716796875,-61.79296875,-93.8778762817383
7.25556452221463,-131.398849487305,-61.5341033935547,-94.5647201538086
7.2722316560039,-130.621932983398,-61.3952331542969,-95.3636169433594
7.28889878979317,-129.736740112305,-61.3729400634766,-96.337043762207
7.30556592358244,-128.770050048828,-61.4600219726562,-97.4713973999023
7.3222330573717,-127.727203369141,-61.6466979980469,-98.7637634277344
7.33890019116188,-126.666885375977,-61.9045448303223,-100.169731140137
7.35556732495024,-125.626579284668,-62.1703300476074,-101.640060424805
7.37223445874042,-124.775947570801,-62.4558868408203,-102.927337646484
7.38890159252969,-124.049667358398,-62.7912750244141,-104.07585144043
7.40556872631896,-123.366180419922,-63.0263366699219,-105.176216125488
7.42223586010823,-122.685554504395,-63.1665382385254,-106.210144042969
7.4389029938975,-122.015319824219,-63.2633018493652,-107.178367614746
7.45557012768677,-121.415618896484,-63.3289222717285,-108.039588928223
7.47223726147604,-120.877166748047,-63.367977142334,-108.772598266602
7.48890439526622,-120.402572631836,-63.3447608947754,-109.390586853027
7.50557152905458,-120.075042724609,-63.2951736450195,-109.800651550293
7.52223866284476,-119.911727905273,-63.2314758300781,-109.975387573242
7.53890579663403,-119.900764465332,-63.1772270202637,-109.945640563965
7.5555729304233,-119.978134155273,-63.1356201171875,-109.778480529785
7.57224006421256,-120.087852478027,-63.1322784423828,-109.58162689209
7.58890719800183,-120.274620056152,-63.2213935852051,-109.297210693359
7.6055743317911,-120.516487121582,-63.4117431640625,-108.989967346191
7.62224146558037,-120.740821838379,-63.576229095459,-108.713256835938
7.63890859937055,-120.73038482666,-63.4393081665039,-108.676811218262
7.65557573315891,-120.381378173828,-63.4006500244141,-108.90943145752
7.67224286694909,-120.414680480957,-63.6008834838867,-108.677574157715
7.68891000073836,-119.916358947754,-63.4905242919922,-108.944206237793
7.70557713452763,-119.815589904785,-63.5537567138672,-108.843452453613
7.7222442683169,-119.77254486084,-63.7042045593262,-108.720191955566
7.73891140210617,-119.829711914062,-63.9519920349121,-108.60124206543
7.75557853589544,-119.801399230957,-64.2333374023438,-108.65943145752
7.77224566968471,-119.590492248535,-64.5222015380859,-108.988151550293
7.78891280347489,-119.136573791504,-64.8290023803711,-109.594848632812
7.80557993726325,-118.658012390137,-65.0130310058594,-110.144966125488
7.82224707105343,-117.847869873047,-64.919921875,-110.970649719238
7.83891420484269,-117.043792724609,-64.7361907958984,-111.760063171387
7.85558133863196,-116.211067199707,-64.5550765991211,-112.541084289551
7.87224847242123,-115.438766479492,-64.3641128540039,-113.251815795898
7.8889156062105,-114.869491577148,-64.1780395507812,-113.750885009766
7.90558273999977,-114.478012084961,-64.0199203491211,-114.060775756836
7.92224987378904,-114.348274230957,-63.911937713623,-114.110786437988
7.93891700757922,-114.55549621582,-63.8365249633789,-113.83472442627
7.95558414136758,-115.094970703125,-63.7759284973145,-113.205780029297
7.97225127515776,-115.811347961426,-63.6721839904785,-112.348129272461
7.98891840894703,-116.532249450684,-63.5237998962402,-111.426063537598
8.0055855427363,-117.179557800293,-63.3479690551758,-110.533729553223
8.02225267652557,-117.69694519043,-63.1414642333984,-109.760620117188
8.03891981031484,-118.085517883301,-62.8999710083008,-109.109039306641
8.05558694410411,-118.333000183105,-62.6021957397461,-108.60041809082
8.07225407789338,-118.445274353027,-62.2800102233887,-108.233840942383
8.08892121168356,-118.423065185547,-61.9905776977539,-108.013275146484
8.10558834547192,-118.354515075684,-61.6630363464355,-107.855133056641
8.12225547926209,-118.313385009766,-61.3556861877441,-107.698425292969
8.13892261305136,-118.409141540527,-61.1753540039062,-107.434448242188
8.15558974684063,-118.594367980957,-61.0981521606445,-107.129219055176
8.1722568806299,-118.899253845215,-61.1156311035156,-106.795700073242
8.18892401441917,-119.29377746582,-61.2274551391602,-106.440452575684
8.20559114820844,-119.743309020996,-61.4545593261719,-106.089263916016
8.22225828199771,-120.326049804688,-61.7155075073242,-105.668312072754
8.23892541578789,-120.871948242188,-61.8549652099609,-105.343139648438
8.25559254957625,-121.313804626465,-61.8632316589355,-105.128814697266
8.27225968336643,-121.325775146484,-61.5516319274902,-105.335739135742
8.2889268171557,-121.092491149902,-61.5472526550293,-105.771141052246
8.30559395094497,-121.038360595703,-61.5164222717285,-106.013694763184
8.32226108473424,-120.795883178711,-61.2625350952148,-106.492568969727
8.33892821852351,-120.856315612793,-61.3487243652344,-106.775749206543
8.35559535231278,-121.217964172363,-61.6141662597656,-106.774314880371
8.37226248610204,-121.685806274414,-61.8298645019531,-106.717880249023
8.38892961989222,-122.278282165527,-61.9106674194336,-106.466339111328
8.40559675368058,-122.889678955078,-61.9399337768555,-106.146812438965
8.42226388747076,-123.459167480469,-61.9624938964844,-105.848770141602
8.43893102126003,-123.852546691895,-61.8825340270996,-105.704032897949
8.4555981550493,-123.965682983398,-61.711109161377,-105.845558166504
8.47226528883857,-123.865417480469,-61.5767936706543,-106.195045471191
8.48893242262784,-123.461135864258,-61.441951751709,-106.865875244141
8.50559955641711,-122.846099853516,-61.3459320068359,-107.776885986328
8.52226669020638,-122.0751953125,-61.254508972168,-108.864555358887
8.53893382399656,-121.248252868652,-61.1946830749512,-110.044326782227
8.55560095778492,-120.503608703613,-61.2131614685059,-111.171424865723
8.5722680915751,-119.881607055664,-61.2661209106445,-112.195922851562
8.58893522536437,-119.433219909668,-61.3024444580078,-113.041137695312
8.60560235915364,-119.149124145508,-61.4385299682617,-113.682754516602
8.62226949294291,-118.912117004395,-61.5790863037109,-114.284088134766
8.63893662673217,-118.712799072266,-61.6903038024902,-114.816711425781
8.65560376052144,-118.50382232666,-61.7626152038574,-115.323936462402
8.67227089431071,-118.21053314209,-61.8453025817871,-115.888397216797
8.68893802810089,-117.865036010742,-61.9369468688965,-116.463645935059
8.70560516188925,-117.501136779785,-62.0120391845703,-116.997360229492
8.72227229567943,-117.239540100098,-62.0442924499512,-117.410926818848
8.7389394294687,-117.026710510254,-62.0337867736816,-117.731880187988
8.75560656325797,-116.940315246582,-62.0160636901855,-117.89128112793
8.77227369704724,-116.939872741699,-62.0526466369629,-117.962951660156
8.78894083083651,-116.956977844238,-62.1046104431152,-118.020721435547
8.80560796462578,-116.993064880371,-62.231315612793,-118.095077514648
8.82227509841505,-116.985771179199,-62.393669128418,-118.20223236084
8.83894223220523,-116.903717041016,-62.5713081359863,-118.379760742188
8.85560936599359,-116.752906799316,-62.7220153808594,-118.589683532715
8.87227649978377,-116.468811035156,-62.4307174682617,-118.845664978027
8.88894363357304,-115.901496887207,-62.4608116149902,-119.284118652344
8.9056107673623,-116.358062744141,-62.8356323242188,-118.62378692627
8.92227790115157,-116.364189147949,-62.6743850708008,-118.342277526855
8.93894503494084,-117.089126586914,-62.8960762023926,-117.402618408203
8.95561216873011,-117.75936126709,-63.1157722473145,-116.494735717773
8.97227930251938,-118.325553894043,-63.442268371582,-115.791320800781
8.98894643630956,-118.578125,-63.7581100463867,-115.386924743652
9.00561357009792,-118.467269897461,-63.9240608215332,-115.353416442871
9.0222807038881,-117.91731262207,-64.0275802612305,-115.700607299805
9.03894783767737,-117.150833129883,-63.8719139099121,-116.192161560059
9.05561497146664,-115.935539245605,-63.6121940612793,-117.084609985352
9.07228210525591,-114.694885253906,-63.3482437133789,-117.92406463623
9.08894923904518,-113.46068572998,-63.0058326721191,-118.71263885498
9.10561637283445,-112.495193481445,-62.693489074707,-119.221626281738
9.12228350662372,-111.863403320312,-62.4182243347168,-119.402183532715
9.1389506404139,-111.570823669434,-62.1670150756836,-119.256660461426
9.15561777420226,-111.563133239746,-61.9509506225586,-118.825706481934
9.17228490799243,-111.768478393555,-61.7663726806641,-118.161315917969
9.1889520417817,-112.11255645752,-61.5893478393555,-117.349922180176
9.20561917557097,-112.521415710449,-61.4443016052246,-116.471580505371
9.22228630936024,-112.961151123047,-61.3219108581543,-115.539482116699
9.23895344314951,-113.430595397949,-61.2223930358887,-114.588470458984
9.25562057693878,-113.908233642578,-61.1257057189941,-113.642639160156
9.27228771072805,-114.376502990723,-61.0478019714355,-112.728530883789
9.28895484451823,-114.826065063477,-60.9631118774414,-111.863998413086
9.30562197830659,-115.222984313965,-60.8182640075684,-111.12377166748
9.32228911209677,-115.565856933594,-60.6911163330078,-110.51309967041
9.33895624588604,-115.925018310547,-60.5978622436523,-109.954849243164
9.35562337967531,-116.335006713867,-60.5466651916504,-109.435638427734
9.37229051346458,-116.811889648438,-60.5630302429199,-108.913139343262
9.38895764725385,-117.381065368652,-60.5996780395508,-108.390129089355
9.40562478104312,-118.056625366211,-60.7463226318359,-107.793869018555
9.42229191483239,-118.841918945312,-60.8836631774902,-107.110824584961
9.43895904862256,-119.51879119873,-60.9091758728027,-106.512176513672
9.45562618241092,-119.967002868652,-60.6872749328613,-106.094024658203
9.4722933162011,-119.963027954102,-60.4561157226562,-106.146018981934
9.48896044999037,-120.303169250488,-60.6870307922363,-105.876220703125
9.50562758377964,-120.348129272461,-60.5100860595703,-105.831909179688
9.52229471756891,-120.473251342773,-60.3685188293457,-105.793258666992
9.53896185135818,-120.758255004883,-60.4618797302246,-105.639549255371
9.55562898514745,-120.979370117188,-60.561107635498,-105.582542419434
9.57229611893672,-121.270294189453,-60.6097869873047,-105.462959289551
9.5889632527269,-121.532440185547,-60.6801795959473,-105.349189758301
9.60563038651617,-121.849716186523,-60.7963562011719,-105.173751831055
9.62229752030544,-122.030250549316,-60.7069816589355,-105.105079650879
9.63896465409471,-122.030044555664,-60.5439567565918,-105.160430908203
9.65563178788398,-121.745742797852,-60.3789558410645,-105.409973144531
9.67229892167325,-121.155410766602,-60.202579498291,-105.939888000488
9.68896605546252,-120.33536529541,-60.0528602600098,-106.702407836914
9.70563318925178,-119.398330688477,-59.9768753051758,-107.606132507324
9.72230032304105,-118.458770751953,-59.9736442565918,-108.533760070801
9.73896745683123,-117.594985961914,-60.0329971313477,-109.417587280273
9.7556345906205,-116.847816467285,-60.1120796203613,-110.230171203613
9.77230172440977,-116.324966430664,-60.2492218017578,-110.846992492676
9.78896885819904,-115.973731994629,-60.4924468994141,-111.321266174316
9.80563599198831,-115.691520690918,-60.6966285705566,-111.758247375488
9.82230312577758,-115.515823364258,-60.9028244018555,-112.081451416016
9.83897025956685,-115.395408630371,-61.043571472168,-112.359260559082
9.85563739335612,-115.306022644043,-61.1847801208496,-112.559226989746
9.87230452714539,-115.202995300293,-61.3065757751465,-112.742263793945
9.88897166093557,-115.184623718262,-61.4571685791016,-112.829544067383
9.90563879472484,-115.209320068359,-61.5672302246094,-112.854530334473
9.92230592851411,-115.277122497559,-61.6699142456055,-112.811622619629
9.93897306230338,-115.366256713867,-61.7812461853027,-112.706665039062
9.95564019609265,-115.475456237793,-61.8603286743164,-112.548889160156
9.97230732988191,-115.55859375,-61.9249687194824,-112.397956848145
9.98897446367118,-115.626335144043,-62.0127639770508,-112.247665405273
10.0056415974605,-115.690551757812,-62.1200714111328,-112.094299316406
10.0223087312497,-115.793663024902,-62.2494354248047,-111.920455932617
10.0389758650399,-115.872482299805,-62.2405624389648,-111.773147583008
10.0556429988292,-115.475410461426,-61.8606605529785,-112.049957275391
10.0723101326184,-115.465278625488,-62.2738800048828,-111.895660400391
10.0889772664077,-114.993843078613,-62.1735038757324,-112.084358215332
10.105644400197,-114.922004699707,-62.3965454101562,-111.974807739258
10.1223115339862,-115.047172546387,-62.7445220947266,-111.648963928223
10.1389786677755,-115.203544616699,-63.0566368103027,-111.404144287109
10.1556458015648,-115.208160400391,-63.4507369995117,-111.408653259277
10.1723129353541,-114.936897277832,-63.7232398986816,-111.728759765625
10.1889800691442,-114.445091247559,-64.0575485229492,-112.237808227539
10.2056472029335,-113.832481384277,-64.0938873291016,-112.760299682617
10.2223143367228,-113.120529174805,-63.9561233520508,-113.3603515625
10.238981470512,-112.476921081543,-63.7951011657715,-113.823204040527
10.2556486043013,-112.024513244629,-63.636791229248,-114.08464050293
10.2723157380906,-111.733833312988,-63.5016975402832,-114.181137084961
10.2889828718799,-111.661819458008,-63.3818969726562,-114.054649353027
10.3056500056691,-111.846618652344,-63.3027000427246,-113.676254272461
10.3223171394584,-112.290237426758,-63.2640686035156,-113.03108215332
10.3389842732486,-112.959167480469,-63.2420806884766,-112.161209106445
10.3556514070378,-113.82999420166,-63.242115020752,-111.10018157959
10.3723185408271,-114.755966186523,-63.2576484680176,-109.985801696777
10.3889856746164,-115.632110595703,-63.2730140686035,-108.894897460938
10.4056528084056,-116.385948181152,-63.2730827331543,-107.907028198242
10.4223199421949,-117.001441955566,-63.2219581604004,-107.02840423584
10.4389870759842,-117.476058959961,-63.1129722595215,-106.306541442871
10.4556542097735,-117.814155578613,-62.9691734313965,-105.732688903809
10.4723213435627,-117.989166259766,-62.790454864502,-105.315544128418
10.4889884773529,-118.030288696289,-62.5671691894531,-105.047309875488
10.5056556111422,-117.988922119141,-62.3056144714355,-104.863502502441
10.5223227449314,-117.971710205078,-62.0489959716797,-104.671600341797
10.5389898787207,-118.084518432617,-61.8964195251465,-104.387985229492
10.55565701251,-118.372123718262,-61.8474311828613,-104.032852172852
10.5723241462993,-118.834953308105,-61.897891998291,-103.589164733887
10.5889912800885,-119.393890380859,-62.0140266418457,-103.133613586426
10.6056584138778,-120.005645751953,-62.1625709533691,-102.673004150391
10.6223255476671,-120.541244506836,-62.2751579284668,-102.308784484863
10.6389926814572,-120.900894165039,-62.224063873291,-102.117500305176
10.6556598152465,-120.750953674316,-61.9090003967285,-102.445579528809
10.6723269490358,-120.73609161377,-62.0982284545898,-102.684707641602
10.688994082825,-120.683921813965,-62.0419845581055,-102.915435791016
10.7056612166143,-120.589912414551,-61.9452209472656,-103.311134338379
10.7223283504036,-120.885429382324,-62.2122459411621,-103.432640075684
10.7389954841929,-121.216751098633,-62.3749122619629,-103.502960205078
10.7556626179821,-121.583267211914,-62.4010047912598,-103.551628112793
10.7723297517714,-121.879539489746,-62.3658790588379,-103.565742492676
10.7889968855616,-122.138465881348,-62.3666229248047,-103.597610473633
10.8056640193508,-122.267501831055,-62.2289199829102,-103.722442626953
10.8223311531401,-122.229080200195,-61.9962425231934,-103.984970092773
10.8389982869294,-122.105728149414,-61.7920188903809,-104.288963317871
10.8556654207187,-121.801559448242,-61.6279792785645,-104.746726989746
10.8723325545079,-121.392761230469,-61.5293922424316,-105.292816162109
10.8889996882972,-120.915168762207,-61.5030822753906,-105.900672912598
10.9056668220865,-120.448997497559,-61.5258941650391,-106.47127532959
10.9223339558757,-119.992614746094,-61.6068992614746,-107.027709960938
10.9390010896659,-119.553436279297,-61.7171249389648,-107.555480957031
10.9556682234552,-119.102966308594,-61.806568145752,-108.088043212891
10.9723353572444,-118.730094909668,-61.9384727478027,-108.50984954834
10.9890024910337,-118.410110473633,-62.0901031494141,-108.872268676758
11.005669624823,-118.070434570312,-62.1848487854004,-109.259094238281
11.0223367586123,-117.749755859375,-62.2297325134277,-109.622749328613
11.0390038924015,-117.366516113281,-62.2133674621582,-110.050857543945
11.0556710261908,-116.942810058594,-62.2007293701172,-110.547157287598
11.0723381599801,-116.558258056641,-62.1950759887695,-111.032188415527
11.0890052937702,-116.276649475098,-62.1840782165527,-111.435752868652
11.1056724275595,-116.167205810547,-62.1744117736816,-111.66584777832
11.1223395613488,-116.272384643555,-62.2274971008301,-111.674163818359
11.1390066951381,-116.539993286133,-62.2799415588379,-111.499969482422
11.1556738289273,-116.889358520508,-62.3457832336426,-111.229797363281
11.1723409627166,-117.281860351562,-62.4813766479492,-110.930061340332
11.1890080965059,-117.716957092285,-62.7274055480957,-110.611228942871
11.2056752302951,-118.214622497559,-63.0076637268066,-110.227523803711
11.2223423640844,-118.625152587891,-63.2212066650391,-109.899307250977
11.2390094978746,-118.806266784668,-63.0406532287598,-109.723541259766
11.2556766316638,-118.157577514648,-62.6183280944824,-110.239036560059
11.2723437654531,-118.204032897949,-62.955623626709,-109.992965698242
11.2890108992424,-117.329605102539,-62.6766242980957,-110.573616027832
11.3056780330317,-117.104331970215,-62.8201446533203,-110.654479980469
11.3223451668209,-116.97794342041,-63.0402374267578,-110.622756958008
11.3390123006102,-116.937210083008,-63.3712730407715,-110.654853820801
11.3556794343995,-116.685707092285,-63.6634368896484,-110.951164245605
11.3723465681887,-116.030776977539,-63.7995147705078,-111.706977844238
11.3890137019789,-115.09871673584,-63.9379806518555,-112.705932617188
11.4056808357682,-113.890609741211,-63.7915306091309,-113.882194519043
11.4223479695574,-112.613014221191,-63.5168037414551,-115.058990478516
11.4390151033467,-111.498573303223,-63.1513366699219,-115.996910095215
11.455682237136,-110.610511779785,-62.7327423095703,-116.689018249512
11.4723493709253,-109.973411560059,-62.3756980895996,-117.111053466797
11.4890165047145,-109.627815246582,-62.0833587646484,-117.230827331543
11.5056836385038,-109.611968994141,-61.8842735290527,-117.007369995117
11.5223507722931,-109.851898193359,-61.7280807495117,-116.520721435547
11.5390179060832,-110.21150970459,-61.556999206543,-115.910385131836
11.5556850398725,-110.594421386719,-61.3603515625,-115.234390258789
11.5723521736618,-110.992736816406,-61.1619606018066,-114.504547119141
11.5890193074511,-111.41187286377,-60.9706802368164,-113.741744995117
11.6056864412403,-111.860877990723,-60.7900924682617,-112.951522827148
11.6223535750296,-112.279067993164,-60.6270217895508,-112.201400756836
11.6390207088189,-112.623428344727,-60.4524078369141,-111.547729492188
11.6556878426081,-112.838882446289,-60.2468032836914,-111.049674987793
11.6723549763974,-112.929138183594,-60.0204162597656,-110.711944580078
11.6890221101876,-112.954376220703,-59.7926788330078,-110.494003295898
11.7056892439768,-113.000984191895,-59.6430892944336,-110.324584960938
11.7223563777661,-113.181846618652,-59.5891036987305,-110.093467712402
11.7390235115554,-113.518074035645,-59.640064239502,-109.789855957031
11.7556906453447,-114.013168334961,-59.7344436645508,-109.40355682373
11.7723577791339,-114.582008361816,-59.8765335083008,-108.978378295898
11.7890249129232,-115.241195678711,-60.0409851074219,-108.495529174805
11.8056920467125,-115.899681091309,-60.1552658081055,-108.010665893555
11.8223591805017,-116.451858520508,-60.1498031616211,-107.567855834961
11.8390263142919,-116.713478088379,-59.7479820251465,-107.390853881836
11.8556934480812,-116.627601623535,-59.6681518554688,-107.588821411133
11.8723605818705,-117.014488220215,-59.9810752868652,-107.298820495605
11.8890277156597,-117.284034729004,-59.8481063842773,-107.137718200684
11.905694849449,-117.799453735352,-59.8938903808594,-106.81275177002
11.9223619832383,-118.566459655762,-60.0576820373535,-106.204147338867
11.9390291170275,-119.113121032715,-59.9963150024414,-105.809051513672
11.9556962508168,-119.773750305176,-60.0622596740723,-105.275482177734
11.9723633846061,-120.236053466797,-60.0330657958984,-104.886177062988
11.9890305183962,-120.613342285156,-59.9023361206055,-104.588218688965
12.0056976521855,-120.730537414551,-59.6520462036133,-104.508148193359
12.0223647859748,-120.613616943359,-59.4007759094238,-104.651962280273
12.0390319197641,-120.208869934082,-59.1575889587402,-105.044708251953
12.0556990535533,-119.573570251465,-58.949047088623,-105.659927368164
12.0723661873426,-118.791305541992,-58.792350769043,-106.449630737305
12.0890333211319,-117.998497009277,-58.7287940979004,-107.290214538574
12.1057004549211,-117.264991760254,-58.7680625915527,-108.115669250488
12.1223675887104,-116.641883850098,-58.8569641113281,-108.855094909668
12.1390347225006,-116.142616271973,-58.9524917602539,-109.50456237793
12.1557018562899,-115.830596923828,-59.1277275085449,-109.953018188477
12.1723689900791,-115.588989257812,-59.2760581970215,-110.342697143555
12.1890361238684,-115.337333679199,-59.3734359741211,-110.735488891602
12.2057032576577,-115.081283569336,-59.4710121154785,-111.113037109375
12.2223703914469,-114.869354248047,-59.5508499145508,-111.405746459961
12.2390375252362,-114.72331237793,-59.6255645751953,-111.588172912598
12.2557046590255,-114.60661315918,-59.6919555664062,-111.702827453613
12.2723717928147,-114.494667053223,-59.7290687561035,-111.787940979004
12.2890389266049,-114.37866973877,-59.7417259216309,-111.874389648438
12.3057060603942,-114.250602722168,-59.7397193908691,-111.958831787109
12.3223731941835,-114.128204345703,-59.7362670898438,-112.029190063477
12.3390403279727,-114.015380859375,-59.7684097290039,-112.11498260498
12.355707461762,-113.944717407227,-59.8527450561523,-112.201133728027
12.3723745955513,-113.913513183594,-59.987850189209,-112.287857055664
12.3890417293405,-113.925086975098,-60.2053031921387,-112.353584289551
12.4057088631298,-113.938270568848,-60.4221611022949,-112.429901123047
12.4223759969191,-113.870140075684,-60.3027076721191,-112.577453613281
12.4390431307093,-113.465965270996,-60.3828811645508,-112.989593505859
12.4557102644985,-113.537864685059,-60.570671081543,-112.841514587402
12.4723773982878,-113.049163818359,-60.5836067199707,-113.223251342773
12.4890445320771,-113.105651855469,-60.8345413208008,-113.038948059082
12.5057116658663,-113.200828552246,-61.1246337890625,-112.857231140137
12.5223787996556,-113.385848999023,-61.4256820678711,-112.674507141113
12.5390459334449,-113.504692077637,-61.7329025268555,-112.664321899414
12.555713067235,-113.378273010254,-61.8390235900879,-112.916709899902
12.5723802010234,-113.058303833008,-62.0392036437988,-113.305206298828
12.5890473348136,-112.536224365234,-61.9889106750488,-113.800651550293
12.6057144686029,-111.939651489258,-61.8306922912598,-114.351028442383
12.6223816023921,-111.273223876953,-61.5982322692871,-114.901443481445
12.6390487361814,-110.659790039062,-61.3331184387207,-115.337471008301
12.6557158699707,-110.112419128418,-61.0807647705078,-115.675064086914
12.6723830037599,-109.697082519531,-60.8441047668457,-115.858932495117
12.6890501375492,-109.426544189453,-60.6667366027832,-115.894866943359
12.7057172713394,-109.315963745117,-60.5680198669434,-115.780563354492
12.7223844051277,-109.392730712891,-60.5296440124512,-115.506774902344
12.7390515389179,-109.634048461914,-60.4834518432617,-115.077217102051
12.7557186727072,-109.964324951172,-60.3869667053223,-114.535545349121
12.7723858064965,-110.330215454102,-60.2596054077148,-113.930999755859
12.7890529402857,-110.716537475586,-60.1289024353027,-113.285903930664
12.805720074075,-111.09008026123,-59.9801940917969,-112.643295288086
12.8223872078643,-111.448066711426,-59.8178482055664,-112.038581848145
12.8390543416535,-111.774253845215,-59.6659507751465,-111.453544616699
12.8557214754437,-112.063613891602,-59.5331802368164,-110.918991088867
12.8723886092321,-112.31453704834,-59.4192848205566,-110.439559936523
12.8890557430223,-112.502281188965,-59.2990531921387,-110.056678771973
12.9057228768115,-112.680732727051,-59.1612396240234,-109.722564697266
12.9223900106008,-112.871963500977,-59.0348205566406,-109.44352722168
12.9390571443901,-113.111747741699,-58.9899253845215,-109.214988708496
12.9557242781793,-113.459403991699,-59.0568084716797,-108.989036560059
12.9723914119686,-113.919311523438,-59.1581764221191,-108.696678161621
12.9890585457579,-114.454864501953,-59.2572479248047,-108.364990234375
13.005725679548,-114.899589538574,-59.3024978637695,-108.110694885254
13.0223928133364,-115.250061035156,-59.2963714599609,-107.957618713379
13.0390599471266,-115.394569396973,-59.0552368164062,-108.020004272461
13.0557270809159,-115.446014404297,-59.1477737426758,-108.209571838379
13.0723942147051,-115.727531433105,-59.3745079040527,-108.179374694824
13.0890613484944,-115.828483581543,-59.3288345336914,-108.368797302246
13.1057284822837,-116.104354858398,-59.6772079467773,-108.475746154785
13.1223956160729,-116.427955627441,-60.0132446289062,-108.510864257812
13.1390627498622,-116.7490234375,-60.2534217834473,-108.584503173828
13.1557298836524,-116.995132446289,-60.2929077148438,-108.607208251953
13.1723970174407,-117.221405029297,-60.2800483703613,-108.58472442627
13.1890641512309,-117.397636413574,-60.1633529663086,-108.536605834961
13.2057312850202,-117.39281463623,-59.8556518554688,-108.618911743164
13.2223984188095,-117.246879577637,-59.6108779907227,-108.831748962402
13.2390655525987,-116.839851379395,-59.4237861633301,-109.30256652832
13.255732686388,-116.273017883301,-59.2908020019531,-109.951538085938
13.2723998201773,-115.610198974609,-59.2255325317383,-110.717384338379
13.2890669539665,-114.965255737305,-59.2088394165039,-111.478904724121
13.3057340877567,-114.375671386719,-59.2378845214844,-112.220748901367
13.3224012215451,-113.921936035156,-59.31884765625,-112.854942321777
13.3390683553353,-113.64575958252,-59.5110626220703,-113.329704284668
13.3557354891245,-113.487815856934,-59.7045555114746,-113.71305847168
13.3724026229138,-113.425964355469,-59.8717384338379,-114.014465332031
13.3890697567031,-113.429191589355,-60.0251159667969,-114.221778869629
13.4057368904923,-113.457366943359,-60.1269264221191,-114.381729125977
13.4224040242816,-113.464134216309,-60.1980781555176,-114.526496887207
13.4390711580709,-113.436729431152,-60.2396926879883,-114.696624755859
13.4557382918611,-113.373870849609,-60.2774238586426,-114.881408691406
13.4724054256494,-113.336112976074,-60.2970733642578,-115.018203735352
13.4890725594396,-113.309967041016,-60.2506561279297,-115.127334594727
13.5057396932289,-113.292533874512,-60.1872100830078,-115.184638977051
13.5224068270181,-113.31356048584,-60.1278305053711,-115.179420471191
13.5390739608074,-113.373107910156,-60.0879058837891,-115.121543884277
13.5557410945967,-113.468154907227,-60.1027069091797,-115.038352966309
13.5724082283859,-113.585906982422,-60.2005081176758,-114.930938720703
13.5890753621752,-113.701507568359,-60.3527526855469,-114.832298278809
13.6057424959654,-113.818260192871,-60.4907569885254,-114.742149353027
13.6224096297537,-113.760726928711,-60.1611824035645,-114.809158325195
13.6390767635439,-113.483932495117,-60.2758255004883,-115.032554626465
13.6557438973332,-113.357795715332,-60.0876350402832,-114.980430603027
13.6724110311225,-112.584777832031,-59.8662071228027,-115.573455810547
13.6890781649117,-112.385765075684,-60.0348510742188,-115.574737548828
13.705745298701,-112.266944885254,-60.1565170288086,-115.589477539062
13.7224124324903,-112.388984680176,-60.2918701171875,-115.458419799805
13.7390795662795,-112.565155029297,-60.3399391174316,-115.276969909668
13.7557467000697,-112.470489501953,-60.3448524475098,-115.301216125488
13.7724138338581,-112.193962097168,-60.1569519042969,-115.298812866211
13.7890809676483,-111.590492248535,-59.746410369873,-115.554702758789
13.8057481014375,-110.884780883789,-59.3569450378418,-115.841773986816
13.8224152352268,-110.236434936523,-58.9727020263672,-116.008895874023
13.8390823690161,-109.728042602539,-58.706111907959,-116.020164489746
13.8557495028053,-109.354598999023,-58.524284362793,-115.893028259277
13.8724166365946,-109.150573730469,-58.4485244750977,-115.632209777832
13.8890837703839,-109.121528625488,-58.4474182128906,-115.228553771973
13.9057509041741,-109.248847961426,-58.5049209594727,-114.708015441895
13.9224180379624,-109.558090209961,-58.5945014953613,-114.042655944824
13.9390851717526,-109.996444702148,-58.6961936950684,-113.262466430664
13.9557523055419,-110.541938781738,-58.8132438659668,-112.380233764648
13.9724194393311,-111.16870880127,-58.9211959838867,-111.449813842773
13.9890865731204,-111.761077880859,-58.9974403381348,-110.576049804688
14.0057537069097,-112.283393859863,-59.0169334411621,-109.80884552002
14.0224208406989,-112.733253479004,-59.0727348327637,-109.092300415039
14.0390879744882,-113.108840942383,-59.0944023132324,-108.487968444824
14.0557551082784,-113.453834533691,-59.103759765625,-107.981994628906
14.0724222420668,-113.682792663574,-59.085823059082,-107.639961242676
14.0890893758569,-113.859413146973,-59.0660972595215,-107.394668579102
14.1057565096462,-113.977714538574,-59.0542335510254,-107.240051269531
14.1224236434355,-114.096252441406,-59.0603942871094,-107.109184265137
14.1390907772247,-114.240753173828,-59.0793952941895,-106.978515625
14.155757911014,-114.414421081543,-59.1429977416992,-106.853553771973
14.1724250448033,-114.698791503906,-59.2627182006836,-106.677528381348
14.1890921785925,-114.987152099609,-59.3391952514648,-106.547340393066
14.2057593123827,-115.207481384277,-59.3913497924805,-106.515975952148
14.2224264461711,-115.316383361816,-59.3669204711914,-106.626754760742
14.2390935799613,-115.276023864746,-59.1023979187012,-106.916763305664
14.2557607137505,-115.365463256836,-59.2961845397949,-107.14315032959
14.2724278475398,-115.63973236084,-59.4804725646973,-107.194190979004
14.2890949813291,-115.92839050293,-59.6131896972656,-107.349021911621
14.3057621151183,-116.624389648438,-60.1039237976074,-107.17497253418
14.3224292489076,-117.315948486328,-60.4275054931641,-106.954208374023
14.3390963826969,-118.05313873291,-60.7119483947754,-106.646347045898
14.3557635164871,-118.4482421875,-60.7107391357422,-106.449127197266
14.3724306502754,-118.697608947754,-60.5401878356934,-106.278884887695
14.3890977840656,-118.669441223145,-60.182430267334,-106.255592346191
14.4057649178549,-118.430274963379,-59.7868537902832,-106.345993041992
14.4224320516441,-117.942520141602,-59.363338470459,-106.604415893555
14.4390991854334,-117.244033813477,-59.0322113037109,-107.071586608887
14.4557663192227,-116.436325073242,-58.8389930725098,-107.708938598633
14.4724334530119,-115.64705657959,-58.7867813110352,-108.411087036133
14.4891005868012,-114.982452392578,-58.8213043212891,-109.059188842773
14.5057677205914,-114.471092224121,-58.8974647521973,-109.617050170898
14.5224348543798,-114.090240478516,-58.9282836914062,-110.092308044434
14.5391019881699,-113.867485046387,-58.9263572692871,-110.414604187012
14.5557691219592,-113.715270996094,-58.9393424987793,-110.659706115723
14.5724362557485,-113.585502624512,-58.9429817199707,-110.883674621582
14.5891033895377,-113.434013366699,-58.9169387817383,-111.112976074219
14.605770523327,-113.25008392334,-58.8944396972656,-111.341506958008
14.6224376571163,-113.009391784668,-58.8691825866699,-111.60945892334
14.6391047909055,-112.728218078613,-58.8511161804199,-111.865516662598
14.6557719246957,-112.469543457031,-58.870548248291,-112.090484619141
14.6724390584841,-112.287742614746,-58.9103965759277,-112.23656463623
14.6891061922743,-112.251304626465,-58.9608154296875,-112.235725402832
14.7057733260635,-112.302207946777,-59.017692565918,-112.140441894531
14.7224404598528,-112.464363098145,-59.1428489685059,-111.933784484863
14.7391075936421,-112.666976928711,-59.2909545898438,-111.695808410645
14.7557747274313,-112.85050201416,-59.4933166503906,-111.445709228516
14.7724418612206,-112.92106628418,-59.6842498779297,-111.290969848633
14.7891089950099,-112.909538269043,-59.8362274169922,-111.181564331055
14.8057761288001,-112.772773742676,-59.9474868774414,-111.144027709961
14.8224432625884,-112.491371154785,-59.6891479492188,-111.215141296387
14.8391103963786,-111.651947021484,-59.4623641967773,-111.712745666504
14.8557775301679,-111.63402557373,-59.9844551086426,-111.407997131348
14.8724446639571,-111.223503112793,-59.9552154541016,-111.543022155762
14.8891117977464,-111.432998657227,-60.2462501525879,-111.221374511719
14.9057789315357,-111.62654876709,-60.5904922485352,-110.965522766113
14.9224460653249,-111.639030456543,-61.0187454223633,-111.016456604004
14.9391131991142,-111.381538391113,-61.4246101379395,-111.409339904785
14.9557803329044,-110.817268371582,-61.6217613220215,-112.174926757812
14.9724474666928,-110.118835449219,-61.7861938476562,-113.071884155273
14.9891146004829,-109.141014099121,-61.7286605834961,-114.191703796387
15.0057817342722,-108.164901733398,-61.5914077758789,-115.257804870605
15.0224488680615,-107.341461181641,-61.376033782959,-116.119979858398
15.0391160018507,-106.834899902344,-61.1708946228027,-116.622543334961
15.05578313564,-106.637573242188,-60.9924697875977,-116.781814575195
15.0724502694293,-106.762657165527,-60.8639183044434,-116.57347869873
15.0891174032186,-107.132293701172,-60.7179374694824,-116.10506439209
15.1057845370087,-107.65153503418,-60.5859451293945,-115.436416625977
15.1224516707971,-108.217597961426,-60.4096374511719,-114.665542602539
15.1391188045873,-108.802047729492,-60.2091445922852,-113.822723388672
15.1557859383765,-109.336082458496,-60.0375747680664,-112.997718811035
15.1724530721658,-109.836112976074,-59.9317970275879,-112.202140808105
15.1891202059551,-110.288795471191,-59.8251762390137,-111.455665588379
15.2057873397443,-110.636154174805,-59.708797454834,-110.803932189941
15.2224544735336,-110.835029602051,-59.6219024658203,-110.311401367188
15.2391216073229,-110.98176574707,-59.5945472717285,-109.92015838623
15.2557887411131,-111.158584594727,-59.5748901367188,-109.542037963867
15.2724558749014,-111.410308837891,-59.5654716491699,-109.151000976562
15.2891230086916,-111.702606201172,-59.5762634277344,-108.795639038086
15.3057901424809,-112.005813598633,-59.6009674072266,-108.520751953125
15.3224572762701,-112.332908630371,-59.6377372741699,-108.301681518555
15.3391244100594,-112.703979492188,-59.7240829467773,-108.094985961914
15.3557915438487,-113.161026000977,-59.8274116516113,-107.832176208496
15.372458677638,-113.555671691895,-59.8300666809082,-107.612922668457
15.3891258114272,-113.792594909668,-59.7498931884766,-107.494468688965
15.4057929452174,-113.890716552734,-59.6388282775879,-107.503425598145
15.4224600790058,-114.022338867188,-59.5536689758301,-107.494010925293
15.4391272127959,-114.240539550781,-59.3603706359863,-107.452011108398
15.4557943465852,-114.616737365723,-59.6530227661133,-107.3984375
15.4724614803745,-115.305297851562,-59.9387283325195,-107.096565246582
15.4891286141637,-116.071495056152,-60.1620750427246,-106.867050170898
15.505795747953,-116.824676513672,-60.7767181396484,-106.708084106445
15.5224628817423,-117.65909576416,-61.3165016174316,-106.423217773438
15.5391300155316,-118.217910766602,-61.3309326171875,-106.300804138184
15.5557971493217,-118.70329284668,-61.2166023254395,-106.180648803711
15.5724642831101,-118.911041259766,-60.8598556518555,-106.215469360352
15.5891314169003,-118.693878173828,-60.2988700866699,-106.623176574707
15.6057985506895,-118.20726776123,-59.7906227111816,-107.20401763916
15.6224656844788,-117.612045288086,-59.3608551025391,-107.900054931641
15.6391328182681,-117.01863861084,-59.0044479370117,-108.592910766602
15.6557999520574,-116.518943786621,-58.7813949584961,-109.175704956055
15.6724670858466,-116.088371276855,-58.6997947692871,-109.689643859863
15.6891342196359,-115.680770874023,-58.6935119628906,-110.176574707031
15.7058013534261,-115.255020141602,-58.6636276245117,-110.673553466797
15.7224684872144,-114.805534362793,-58.6729583740234,-111.160194396973
15.7391356210046,-114.319046020508,-58.6969261169434,-111.676193237305
15.7558027547939,-113.817230224609,-58.7050514221191,-112.207481384277
15.7724698885831,-113.326934814453,-58.6891784667969,-112.729545593262
15.7891370223724,-112.83275604248,-58.6364364624023,-113.263999938965
15.8058041561617,-112.382110595703,-58.635311126709,-113.777877807617
15.822471289951,-112.053314208984,-58.6743659973145,-114.208480834961
15.8391384237402,-111.854438781738,-58.7349472045898,-114.550804138184
15.8558055575304,-111.77123260498,-58.8093223571777,-114.807540893555
15.8724726913188,-111.731552124023,-58.8855209350586,-115.030548095703
15.8891398251089,-111.744026184082,-58.948112487793,-115.191520690918
15.9058069588982,-111.720405578613,-58.984203338623,-115.38353729248
15.9224740926875,-111.686851501465,-59.0354843139648,-115.572883605957
15.9391412264767,-111.695602416992,-59.1127281188965,-115.689430236816
15.955808360266,-111.707092285156,-59.2250099182129,-115.803565979004
15.9724754940553,-111.729415893555,-59.3469047546387,-115.887901306152
15.9891426278446,-111.728874206543,-59.197925567627,-115.973213195801
16.0058097616347,-111.269790649414,-58.8338088989258,-116.382423400879
16.0224768954231,-111.417579650879,-59.2510108947754,-116.096115112305
16.0391440292133,-111.196243286133,-59.010669708252,-116.110008239746
16.0558111630025,-111.51782989502,-59.2375602722168,-115.662574768066
16.0724782967918,-111.835609436035,-59.5273818969727,-115.171829223633
16.0891454305811,-112.222557067871,-59.8076019287109,-114.69930267334
16.1058125643704,-112.483505249023,-60.0727844238281,-114.423583984375
16.1224796981596,-112.301284790039,-60.0102882385254,-114.61408996582
16.1391468319489,-111.857810974121,-60.145320892334,-115.084373474121
16.1558139657391,-110.976593017578,-60.0165710449219,-115.93635559082
16.1724810995274,-110.026672363281,-59.8164138793945,-116.85750579834
16.1891482333176,-109.111389160156,-59.5378799438477,-117.671401977539
16.2058153671069,-108.447731018066,-59.2788772583008,-118.212036132812
16.2224825008961,-107.999565124512,-59.067497253418,-118.537002563477
16.2391496346854,-107.79695892334,-58.9247665405273,-118.635444641113
16.2558167684747,-107.801513671875,-58.8571968078613,-118.530792236328
16.272483902264,-108.026878356934,-58.8344116210938,-118.198539733887
16.2891510360532,-108.449295043945,-58.7942886352539,-117.64665222168
16.3058181698434,-108.952163696289,-58.7296409606934,-116.944549560547
16.3224853036318,-109.491012573242,-58.6011581420898,-116.17448425293
16.3391524374219,-109.943672180176,-58.5178909301758,-115.446250915527
16.3558195712112,-110.307434082031,-58.4320487976074,-114.801300048828
16.3724867050005,-110.588676452637,-58.3418312072754,-114.278221130371
16.3891538387898,-110.804306030273,-58.2680702209473,-113.848518371582
16.405820972579,-110.934684753418,-58.1741027832031,-113.56339263916
16.4224881063683,-111.013389587402,-58.1070022583008,-113.391319274902
16.4391552401576,-111.038604736328,-58.0552749633789,-113.315773010254
16.4558223739477,-111.096649169922,-58.052360534668,-113.275901794434
16.4724895077361,-111.195152282715,-58.0591011047363,-113.252815246582
16.4891566415263,-111.386138916016,-58.1334342956543,-113.20817565918
16.5058237753155,-111.662399291992,-58.1980056762695,-113.147537231445
16.5224909091048,-111.987953186035,-58.2446517944336,-113.102195739746
16.5391580428941,-112.356430053711,-58.2653312683105,-113.026428222656
16.5558251766834,-112.708229064941,-58.2763786315918,-112.94864654541
16.5724923104726,-113.101524353027,-58.2790870666504,-112.788276672363
16.5891594442619,-113.417068481445,-58.1221046447754,-112.696472167969
16.6058265780521,-113.526832580566,-57.8192443847656,-112.810768127441
16.6224937118404,-113.627571105957,-57.9203872680664,-112.977012634277
16.6391608456306,-113.68416595459,-57.8779563903809,-113.168533325195
16.6558279794199,-113.875839233398,-57.7956962585449,-113.265312194824
16.6724951132092,-114.103736877441,-57.7683410644531,-113.332229614258
16.6891622469984,-114.517066955566,-57.9686279296875,-113.220916748047
16.7058293807877,-114.859657287598,-57.7550621032715,-113.080062866211
16.722496514577,-115.178070068359,-57.5890808105469,-112.948165893555
16.7391636483662,-115.488800048828,-57.5571632385254,-112.778457641602
16.7558307821564,-115.659965515137,-57.4946327209473,-112.764549255371
16.7724979159448,-115.719665527344,-57.443115234375,-112.902587890625
16.7891650497349,-115.600883483887,-57.4801559448242,-113.242073059082
16.8058321835242,-115.35767364502,-57.5220108032227,-113.731826782227
16.8224993173135,-114.945503234863,-57.587100982666,-114.39054107666
16.8391664511028,-114.465850830078,-57.6530876159668,-115.136268615723
16.855833584892,-113.950393676758,-57.722053527832,-115.920372009277
16.8725007186813,-113.470367431641,-57.786304473877,-116.680137634277
16.8891678524706,-113.101257324219,-57.8368453979492,-117.329635620117
16.9058349862607,-112.857498168945,-57.9041023254395,-117.810844421387
16.9225021200491,-112.691650390625,-57.955924987793,-118.19970703125
16.9391692538393,-112.52693939209,-57.9581565856934,-118.563247680664
16.9558363876286,-112.350769042969,-57.9456787109375,-118.909057617188
16.9725035214178,-112.171592712402,-57.9546890258789,-119.235229492188
16.9891706552071,-111.990203857422,-57.9317665100098,-119.522262573242
17.0058377889964,-111.780548095703,-57.8792915344238,-119.790794372559
17.0225049227856,-111.565696716309,-57.8806762695312,-120.024085998535
17.0391720565749,-111.416488647461,-57.8993301391602,-120.16934967041
17.0558391903651,-111.387672424316,-57.9522438049316,-120.215713500977
17.0725063241534,-111.485565185547,-58.070499420166,-120.145690917969
17.0891734579436,-111.690605163574,-58.2035064697266,-119.992889404297
17.1058405917329,-112.023544311523,-58.394100189209,-119.746566772461
17.1225077255222,-112.426315307617,-58.6562728881836,-119.465156555176
17.1391748593114,-112.874557495117,-58.9361877441406,-119.157707214355
17.1558419931007,-113.3173828125,-59.2449645996094,-118.856491088867
17.17250912689,-113.716934204102,-59.5267524719238,-118.549476623535
17.1891762606792,-114.019874572754,-59.5674934387207,-118.28670501709
17.2058433944694,-113.92236328125,-59.3750076293945,-118.345825195312
17.2225105282578,-113.933311462402,-59.7541427612305,-118.229866027832
17.239177662048,-113.601936340332,-59.7128524780273,-118.382957458496
17.2558447958372,-113.387298583984,-59.7804679870605,-118.398994445801
17.2725119296265,-113.225273132324,-59.9667129516602,-118.264907836914
17.2891790634158,-113.216598510742,-60.0783386230469,-117.969497680664
17.305846197205,-113.19953918457,-60.1613502502441,-117.721015930176
17.3225133309943,-113.112037658691,-60.1871757507324,-117.595039367676
17.3391804647836,-112.775375366211,-60.3333206176758,-117.725784301758
17.3558475985737,-112.404037475586,-60.3578910827637,-117.84928894043
17.3725147323621,-111.884101867676,-60.2401924133301,-118.124816894531
17.3891818661523,-111.322044372559,-60.0067443847656,-118.382766723633
17.4058489999416,-110.74739074707,-59.7378196716309,-118.648582458496
17.4225161337308,-110.257362365723,-59.4727592468262,-118.792655944824
17.4391832675201,-109.915496826172,-59.2243995666504,-118.790702819824
17.4558504013094,-109.763496398926,-59.0262641906738,-118.603309631348
17.4725175350986,-109.818023681641,-58.9502906799316,-118.223937988281
17.4891846688879,-110.095436096191,-58.9305229187012,-117.668502807617
17.5058518026781,-110.558570861816,-58.9502296447754,-116.922142028809
17.5225189364673,-111.131278991699,-58.9771003723145,-116.034942626953
17.5391860702566,-111.692352294922,-58.926513671875,-115.137512207031
17.5558532040459,-112.19221496582,-58.8507423400879,-114.283424377441
17.5725203378352,-112.60791015625,-58.7734642028809,-113.527221679688
17.5891874716244,-112.922492980957,-58.7220115661621,-112.880065917969
17.6058546054137,-113.131408691406,-58.6525421142578,-112.33243560791
17.622521739203,-113.267318725586,-58.5450286865234,-111.87548828125
17.6391888729922,-113.360527038574,-58.4011497497559,-111.493835449219
17.6558560067824,-113.377746582031,-58.2349052429199,-111.201766967773
17.6725231405717,-113.350166320801,-58.071361541748,-110.984771728516
17.689190274361,-113.350898742676,-57.9657821655273,-110.790603637695
17.7058574081502,-113.444290161133,-57.9112281799316,-110.55948638916
17.7225245419395,-113.655113220215,-57.9138374328613,-110.285293579102
17.7391916757288,-114.001884460449,-58.0013656616211,-109.919219970703
17.755858809518,-114.446907043457,-58.119930267334,-109.498680114746
17.7725259433073,-115.022254943848,-58.2922554016113,-108.983222961426
17.7891930770966,-115.616973876953,-58.3943290710449,-108.473289489746
17.8058602108867,-116.078987121582,-58.3498764038086,-108.094116210938
17.822527344676,-116.163772583008,-57.9769477844238,-108.074195861816
17.8391944784653,-115.873863220215,-57.8198623657227,-108.452583312988
17.8558616122546,-115.653022766113,-57.8300094604492,-108.743446350098
17.8725287460438,-115.488388061523,-57.754524230957,-109.06217956543
17.8891958798331,-115.502983093262,-57.8177375793457,-109.27067565918
17.9058630136224,-115.758071899414,-58.0575180053711,-109.24626159668
17.9225301474116,-116.032371520996,-57.9968528747559,-109.148384094238
17.9391972812009,-116.304260253906,-58.0697631835938,-109.073318481445
17.9558644149911,-116.523971557617,-58.1476745605469,-108.943702697754
17.9725315487804,-116.665382385254,-58.1142959594727,-108.874969482422
17.9891986825696,-116.725227355957,-58.0450248718262,-108.848365783691
18.0058658163589,-116.609283447266,-57.9340286254883,-108.981666564941
18.0225329501482,-116.319717407227,-57.8431930541992,-109.280937194824
18.0392000839374,-115.844192504883,-57.7445182800293,-109.755493164062
18.0558672177267,-115.210060119629,-57.6734352111816,-110.370216369629
18.072534351516,-114.522300720215,-57.640064239502,-111.078399658203
18.0892014853052,-113.863319396973,-57.6566390991211,-111.779106140137
18.1058686190954,-113.326843261719,-57.6941452026367,-112.378318786621
18.1225357528847,-112.963348388672,-57.7941436767578,-112.801078796387
18.139202886674,-112.698020935059,-57.910587310791,-113.147354125977
18.1558700204632,-112.453498840332,-57.9869613647461,-113.476341247559
18.1725371542525,-112.200042724609,-58.0387878417969,-113.799385070801
18.1892042880418,-111.902725219727,-58.0837249755859,-114.159088134766
18.205871421831,-111.615783691406,-58.1319046020508,-114.496337890625
18.2225385556203,-111.316268920898,-58.133113861084,-114.837104797363
18.2392056894096,-111.018295288086,-58.1342811584473,-115.176048278809
18.2558728231998,-110.740081787109,-58.154613494873,-115.50675201416
18.272539956989,-110.569801330566,-58.1726722717285,-115.746070861816
18.2892070907783,-110.505165100098,-58.2157936096191,-115.911468505859
18.3058742245676,-110.585670471191,-58.3034172058105,-115.944869995117
18.3225413583568,-110.752990722656,-58.4429664611816,-115.913993835449
18.3392084921461,-110.937324523926,-58.5861854553223,-115.89306640625
18.3558756259354,-111.086044311523,-58.8227310180664,-115.928939819336
18.3725427597246,-111.216583251953,-59.0782279968262,-115.948638916016
18.3892098935139,-111.345542907715,-59.266529083252,-115.935157775879
18.4058770273041,-111.447578430176,-59.4165878295898,-115.905838012695
18.4225441610934,-111.535736083984,-59.1937446594238,-115.833190917969
18.4392112948826,-111.238525390625,-59.0380592346191,-115.996971130371
18.4558784286719,-111.412384033203,-59.22998046875,-115.570861816406
18.4725455624612,-111.1572265625,-59.098388671875,-115.611633300781
18.4892126962504,-111.438774108887,-59.2689247131348,-115.111625671387
18.5058798300397,-111.744873046875,-59.4131507873535,-114.61499786377
18.522546963829,-112.134750366211,-59.7519836425781,-114.136054992676
18.5392140976182,-112.157196044922,-59.9828720092773,-114.021224975586
18.5558812314084,-111.926414489746,-60.1943206787109,-114.175994873047
18.5725483651977,-111.277328491211,-60.2757835388184,-114.70369720459
18.589215498987,-110.380325317383,-60.17333984375,-115.388946533203
18.6058826327762,-109.424560546875,-59.8986625671387,-116.032768249512
18.6225497665655,-108.620018005371,-59.6074562072754,-116.453002929688
18.6392169003548,-108.009567260742,-59.354679107666,-116.651695251465
18.655884034144,-107.697090148926,-59.1781883239746,-116.527549743652
18.6725511679333,-107.668510437012,-59.0445137023926,-116.106590270996
18.6892183017226,-107.855178833008,-58.9780082702637,-115.469375610352
18.7058854355128,-108.218208312988,-58.9663200378418,-114.653198242188
18.722552569302,-108.721214294434,-58.967960357666,-113.69221496582
18.7392197030913,-109.280731201172,-58.9457702636719,-112.684501647949
18.7558868368806,-109.824234008789,-58.9407844543457,-111.668823242188
18.7725539706698,-110.359573364258,-58.8913269042969,-110.668525695801
18.7892211044591,-110.857444763184,-58.8267669677734,-109.716186523438
18.8058882382484,-111.318740844727,-58.754810333252,-108.807579040527
18.8225553720376,-111.733627319336,-58.6449127197266,-107.965774536133
18.8392225058269,-112.116310119629,-58.5316429138184,-107.176856994629
18.8558896396171,-112.484321594238,-58.4305763244629,-106.441032409668
18.8725567734064,-112.838890075684,-58.3046760559082,-105.77921295166
18.8892239071956,-113.188735961914,-58.1910820007324,-105.171966552734
18.9058910409849,-113.618934631348,-58.1310386657715,-104.540748596191
18.9225581747742,-114.098701477051,-58.0630493164062,-103.944343566895
18.9392253085634,-114.623390197754,-58.0126762390137,-103.372245788574
18.9558924423527,-115.090835571289,-57.9676666259766,-102.901443481445
18.972559576142,-115.54663848877,-58.025505065918,-102.491371154785
18.9892267099312,-115.990768432617,-58.0791816711426,-102.143775939941
19.0058938437214,-116.302711486816,-58.0072402954102,-101.971992492676
19.0225609775107,-116.422569274902,-58.0361328125,-102.010398864746
19.0392281113,-116.380508422852,-58.0309829711914,-102.232131958008
19.0558952450892,-116.250366210938,-58.1364402770996,-102.596672058105
19.0725623788785,-116.215698242188,-58.432918548584,-102.915771484375
19.0892295126678,-116.38777923584,-58.6573295593262,-103.059730529785
19.105896646457,-116.669425964355,-58.7432403564453,-103.074424743652
19.1225637802463,-116.767082214355,-58.5748100280762,-103.20092010498
19.1392309140356,-116.769737243652,-58.4955215454102,-103.415550231934
19.1558980478258,-116.677825927734,-58.4751968383789,-103.723014831543
19.172565181615,-116.571495056152,-58.4403305053711,-104.104156494141
19.1892323154043,-116.441078186035,-58.4214553833008,-104.572891235352
19.2058994491936,-116.315582275391,-58.5218276977539,-105.081489562988
19.2225665829828,-116.095092773438,-58.6500778198242,-105.702102661133
19.2392337167721,-115.806282043457,-58.7686958312988,-106.426391601562
19.2559008505614,-115.397453308105,-58.8697090148926,-107.272766113281
19.2725679843506,-114.890228271484,-58.9220352172852,-108.20482635498
19.2892351181399,-114.34513092041,-58.9263916015625,-109.146331787109
19.3059022519301,-113.854759216309,-58.8798980712891,-110.006721496582
19.3225693857194,-113.509315490723,-58.8465118408203,-110.689338684082
19.3392365195086,-113.251983642578,-58.8388481140137,-111.264877319336
19.3559036532979,-113.037010192871,-58.8287010192871,-111.780471801758
19.3725707870872,-112.838088989258,-58.7921943664551,-112.257598876953
19.3892379208764,-112.624702453613,-58.7556648254395,-112.719779968262
19.4059050546657,-112.373229980469,-58.6868858337402,-113.180282592773
19.422572188455,-112.138214111328,-58.638744354248,-113.617126464844
19.4392393222442,-111.886535644531,-58.643238067627,-114.078353881836
19.4559064560344,-111.706008911133,-58.6635818481445,-114.494422912598
19.4725735898237,-111.689300537109,-58.6828498840332,-114.754272460938
19.489240723613,-111.824211120605,-58.6946792602539,-114.847473144531
19.5059078574022,-112.089653015137,-58.7802886962891,-114.795372009277
19.5225749911915,-112.471099853516,-58.8906097412109,-114.625068664551
19.5392421249808,-112.907272338867,-59.0142402648926,-114.37996673584
19.55590925877,-113.307685852051,-59.1716079711914,-114.150665283203
19.5725763925593,-113.606163024902,-59.3395500183105,-113.995414733887
19.5892435263486,-113.77889251709,-59.4946899414062,-113.948211669922
19.6059106601388,-113.80339050293,-59.3805046081543,-114.018226623535
19.622577793928,-113.412254333496,-59.0678520202637,-114.416130065918
19.6392449277173,-113.31079864502,-59.2827568054199,-114.419982910156
19.6559120615066,-112.956924438477,-59.100830078125,-114.61376953125
19.6725791952958,-112.947219848633,-59.1299514770508,-114.516342163086
19.6892463290851,-113.035530090332,-59.2503089904785,-114.253524780273
19.7059134628744,-113.267417907715,-59.5175170898438,-113.882431030273
19.7225805966636,-113.278373718262,-59.6223602294922,-113.765480041504
19.7392477304529,-113.0625,-59.8082466125488,-113.90478515625
19.7559148642431,-112.435394287109,-59.8936347961426,-114.377342224121
19.7725819980324,-111.624290466309,-59.9120483398438,-114.981384277344
19.7892491318216,-110.798934936523,-59.7724838256836,-115.520576477051
19.8059162656109,-110.167785644531,-59.6204681396484,-115.827438354492
19.8225833994002,-109.767456054688,-59.5159683227539,-115.870513916016
19.8392505331894,-109.644287109375,-59.451000213623,-115.664703369141
19.8559176669787,-109.773468017578,-59.4032897949219,-115.219909667969
19.872584800768,-110.135620117188,-59.4196815490723,-114.550567626953
19.8892519345573,-110.70938873291,-59.4323043823242,-113.696708679199
19.9059190683474,-111.39086151123,-59.4264717102051,-112.72639465332
19.9225862021367,-112.136543273926,-59.3624114990234,-111.702476501465
19.939253335926,-112.825126647949,-59.2337493896484,-110.752082824707
19.9559204697152,-113.399871826172,-59.068042755127,-109.897117614746
19.9725876035045,-113.865684509277,-58.8728446960449,-109.161148071289
19.9892547372938,-114.201950073242,-58.6158294677734,-108.576049804688
20.005921871083,-114.436370849609,-58.3459968566895,-108.123809814453
20.0225890048723,-114.569549560547,-58.0596885681152,-107.806350708008
20.0392561386616,-114.581230163574,-57.770191192627,-107.632308959961
20.0559232724518,-114.546081542969,-57.5000915527344,-107.528457641602
20.072590406241,-114.517539978027,-57.2624282836914,-107.459762573242
20.0892575400303,-114.565452575684,-57.0719985961914,-107.362457275391
20.1059246738196,-114.714859008789,-56.9602508544922,-107.220397949219
20.1225918076088,-114.993171691895,-56.9276924133301,-107.02416229248
20.1392589413981,-115.307258605957,-56.9251861572266,-106.820365905762
20.1559260751874,-115.634201049805,-57.0270576477051,-106.585906982422
20.1725932089767,-115.950866699219,-57.1591720581055,-106.370155334473
20.1892603427659,-116.148651123047,-57.1244888305664,-106.289321899414
20.2059274765561,-116.082824707031,-56.9472885131836,-106.47779083252
20.2225946103454,-115.933723449707,-57.1278877258301,-106.785011291504
20.2392617441346,-115.813507080078,-57.2842330932617,-107.073623657227
20.2559288779239,-115.777061462402,-57.3815879821777,-107.381004333496
20.2725960117132,-115.935043334961,-57.607551574707,-107.54874420166
20.2892631455024,-116.167915344238,-57.6970596313477,-107.594268798828
20.3059302792917,-116.443893432617,-57.793571472168,-107.604469299316
20.322597413081,-116.557838439941,-57.8207473754883,-107.701057434082
20.3392645468703,-116.710487365723,-57.8489761352539,-107.758239746094
20.3559316806604,-116.825317382812,-57.8998222351074,-107.840538024902
20.3725988144497,-116.887435913086,-57.8232421875,-107.984756469727
20.389265948239,-116.850601196289,-57.8370170593262,-108.228744506836
20.4059330820282,-116.643333435059,-57.8544502258301,-108.644371032715
20.4226002158175,-116.27954864502,-57.89404296875,-109.224578857422
20.4392673496068,-115.846649169922,-57.9511985778809,-109.873222351074
20.455934483396,-115.405975341797,-58.0170059204102,-110.539512634277
20.4726016171853,-114.968780517578,-58.0808219909668,-111.211410522461
20.4892687509746,-114.570449829102,-58.1407279968262,-111.838088989258
20.5059358847648,-114.269737243652,-58.252742767334,-112.330726623535
20.522603018554,-114.009918212891,-58.3847846984863,-112.769645690918
20.5392701523433,-113.775802612305,-58.4513130187988,-113.183143615723
20.5559372861326,-113.556503295898,-58.4977722167969,-113.562438964844
20.5726044199218,-113.344230651855,-58.511531829834,-113.903053283691
20.5892715537111,-113.081718444824,-58.477970123291,-114.27173614502
20.6059386875004,-112.798797607422,-58.4407730102539,-114.642852783203
20.6226058212906,-112.470962524414,-58.4058036804199,-115.028450012207
20.6392729550789,-112.181213378906,-58.3641319274902,-115.385566711426
20.6559400888691,-111.972076416016,-58.3166389465332,-115.658081054688
20.6726072226584,-111.861099243164,-58.2597732543945,-115.83219909668
20.6892743564476,-111.905380249023,-58.2715682983398,-115.857154846191
20.7059414902369,-112.087440490723,-58.3190536499023,-115.770790100098
20.7226086240262,-112.307640075684,-58.3871612548828,-115.646957397461
20.7392757578154,-112.505393981934,-58.4666938781738,-115.543922424316
20.7559428916047,-112.608818054199,-58.5846633911133,-115.514015197754
20.7726100253949,-112.634902954102,-58.7034606933594,-115.538635253906
20.7892771591833,-112.628509521484,-58.7755393981934,-115.572975158691
20.8059442929734,-112.51097869873,-58.3728866577148,-115.642028808594
20.8226114267627,-112.087814331055,-58.2317276000977,-115.850555419922
20.839278560552,-112.417098999023,-58.4652442932129,-115.192039489746
20.8559456943412,-112.584854125977,-58.4052276611328,-114.742301940918
20.8726128281305,-113.359130859375,-58.6878814697266,-113.73853302002
20.8892799619198,-114.099449157715,-59.0518226623535,-112.787246704102
20.9059470957091,-114.757766723633,-59.4755172729492,-112.057960510254
20.9226142294992,-114.930335998535,-59.778491973877,-111.851768493652
20.9392813632876,-114.77278137207,-60.0834007263184,-111.96752166748
20.9559484970778,-114.161529541016,-60.1446914672852,-112.470596313477
20.972615630867,-113.311042785645,-60.0185050964355,-113.155769348145
20.9892827646563,-112.372970581055,-59.8027534484863,-113.85627746582
21.0059498984456,-111.55394744873,-59.5194358825684,-114.39005279541
21.0226170322348,-110.982040405273,-59.2690010070801,-114.670356750488
21.0392841660241,-110.675491333008,-59.0819358825684,-114.713195800781
21.0559512998134,-110.727928161621,-59.0332374572754,-114.387908935547
21.0726184336036,-111.06470489502,-59.0513763427734,-113.758598327637
21.0892855673919,-111.59455871582,-59.0923538208008,-112.939170837402
21.1059527011821,-112.167266845703,-59.128246307373,-112.072723388672
21.1226198349714,-112.69270324707,-59.1472930908203,-111.235458374023
21.1392869687606,-113.081436157227,-59.1449089050293,-110.536544799805
21.1559541025499,-113.37818145752,-59.1218299865723,-109.931243896484
21.1726212363392,-113.59553527832,-59.0715484619141,-109.435234069824
21.1892883701285,-113.725967407227,-58.9659996032715,-109.07982635498
21.2059555039177,-113.747138977051,-58.8434867858887,-108.872451782227
21.2226226377079,-113.660125732422,-58.6739807128906,-108.798149108887
21.2392897714963,-113.551292419434,-58.497444152832,-108.783576965332
21.2559569052864,-113.509490966797,-58.313346862793,-108.730079650879
21.2726240390757,-113.587333679199,-58.1477165222168,-108.610641479492
21.289291172865,-113.811569213867,-58.027702331543,-108.423278808594
21.3059583066542,-114.157363891602,-57.9664573669434,-108.19197845459
21.3226254404435,-114.565124511719,-57.9695930480957,-107.953651428223
21.3392925742328,-115.017082214355,-58.0430450439453,-107.71312713623
21.3559597080221,-115.54606628418,-58.2149925231934,-107.443290710449
21.3726268418122,-115.989593505859,-58.2945709228516,-107.248382568359
21.3892939756006,-116.191261291504,-58.0401611328125,-107.284072875977
21.4059611093908,-116.158172607422,-58.1286201477051,-107.58186340332
21.42262824318,-116.215286254883,-58.2892189025879,-107.730651855469
21.4392953769693,-116.075469970703,-58.178295135498,-108.09302520752
21.4559625107586,-116.134216308594,-58.224781036377,-108.310844421387
21.4726296445479,-116.267799377441,-58.2965660095215,-108.365058898926
21.4892967783371,-116.500640869141,-58.3813171386719,-108.305198669434
21.5059639121264,-116.601196289062,-58.315788269043,-108.295951843262
21.5226310459166,-116.619674682617,-58.2276916503906,-108.319900512695
21.5392981797049,-116.498970031738,-58.1391296386719,-108.428649902344
21.5559653134951,-116.203758239746,-57.9739837646484,-108.695510864258
21.5726324472844,-115.87328338623,-57.8704528808594,-109.011100769043
21.5892995810736,-115.475357055664,-57.8090476989746,-109.436965942383
21.6059667148629,-115.045288085938,-57.7902870178223,-109.931419372559
21.6226338486522,-114.616683959961,-57.8333015441895,-110.475120544434
21.6393009824415,-114.20418548584,-57.9468765258789,-111.029899597168
21.6559681162307,-113.815452575684,-58.0802154541016,-111.590057373047
21.6726352500209,-113.492637634277,-58.1959991455078,-112.087097167969
21.6893023838093,-113.245994567871,-58.3238525390625,-112.486236572266
21.7059695175994,-113.016044616699,-58.4618492126465,-112.840599060059
21.7226366513887,-112.788833618164,-58.5572547912598,-113.182037353516
21.739303785178,-112.538238525391,-58.6426315307617,-113.527160644531
21.7559709189673,-112.258613586426,-58.6728019714355,-113.872817993164
21.7726380527565,-111.93196105957,-58.6750602722168,-114.24927520752
21.7893051865458,-111.59684753418,-58.6713409423828,-114.607093811035
21.8059723203351,-111.315086364746,-58.6993293762207,-114.910789489746
21.8226394541252,-111.204627990723,-58.7479553222656,-115.057075500488
21.8393065879136,-111.180549621582,-58.7230377197266,-115.116340637207
21.8559737217038,-111.245346069336,-58.685546875,-115.07056427002
21.872640855493,-111.356414794922,-58.6509437561035,-114.933860778809
21.8893079892823,-111.511390686035,-58.6471519470215,-114.764228820801
21.9059751230716,-111.673675537109,-58.7233428955078,-114.58358001709
21.9226422568609,-111.850112915039,-58.8376617431641,-114.358428955078
21.9393093906501,-112.012313842773,-59.002799987793,-114.14860534668
21.9559765244394,-112.164138793945,-58.9355049133301,-113.930038452148
21.9726436582296,-111.974975585938,-58.7716484069824,-114.009468078613
21.9893107920179,-112.087738037109,-58.9823722839355,-113.71549987793
22.0059779258081,-111.875015258789,-58.9653854370117,-113.713317871094
22.0226450595974,-112.139640808105,-59.1140365600586,-113.27027130127
22.0393121933866,-112.471015930176,-59.2174606323242,-112.838821411133
22.0559793271759,-112.809295654297,-59.4346694946289,-112.373085021973
22.0726464609652,-112.930213928223,-59.5551452636719,-112.180847167969
22.0893135947545,-112.777481079102,-59.7486991882324,-112.24919128418
22.1059807285437,-112.354103088379,-59.809154510498,-112.520881652832
22.1226478623339,-111.760932922363,-59.7452087402344,-112.947242736816
22.1393149961223,-111.041137695312,-59.5334053039551,-113.410736083984
22.1559821299124,-110.310653686523,-59.257568359375,-113.819526672363
22.1726492637017,-109.607131958008,-58.9647445678711,-114.133728027344
22.189316397491,-109.000022888184,-58.6721649169922,-114.326644897461
22.2059835312803,-108.573890686035,-58.4296684265137,-114.328407287598
22.2226506650695,-108.269859313965,-58.2334289550781,-114.2119140625
22.2393177988588,-108.134101867676,-58.0953826904297,-113.96174621582
22.2559849326481,-108.165969848633,-58.0288696289062,-113.547554016113
22.2726520664382,-108.370002746582,-57.9794273376465,-112.982391357422
22.2893192002266,-108.678771972656,-57.9261245727539,-112.305282592773
22.3059863340168,-109.034370422363,-57.8260955810547,-111.583320617676
22.322653467806,-109.402297973633,-57.7343940734863,-110.848388671875
22.3393206015953,-109.705574035645,-57.6461410522461,-110.191551208496
22.3559877353846,-109.955062866211,-57.5558929443359,-109.626182556152
22.3726548691739,-110.139175415039,-57.4586601257324,-109.157615661621
22.3893220029631,-110.289337158203,-57.3803100585938,-108.739990234375
22.4059891367524,-110.430068969727,-57.3256759643555,-108.375366210938
22.4226562705426,-110.59651184082,-57.2825736999512,-108.030097961426
22.4393234043309,-110.832008361816,-57.2536659240723,-107.643829345703
22.4559905381211,-111.12467956543,-57.2430877685547,-107.235725402832
22.4726576719104,-111.496208190918,-57.23876953125,-106.791137695312
22.4893248056997,-111.937149047852,-57.2658500671387,-106.320915222168
22.5059919394889,-112.453636169434,-57.3238983154297,-105.804023742676
22.5226590732782,-113.022407531738,-57.3927841186523,-105.243728637695
22.5393262070675,-113.546043395996,-57.413444519043,-104.703979492188
22.5559933408567,-113.90503692627,-57.2151222229004,-104.348754882812
22.5726604746469,-113.991981506348,-57.0964584350586,-104.302261352539
22.5893276084353,-114.257011413574,-57.3392486572266,-104.108383178711
22.6059947422254,-114.377983093262,-57.4161911010742,-104.066467285156
22.6226618760147,-114.741973876953,-57.693489074707,-103.837623596191
22.639329009804,-115.191329956055,-58.0064964294434,-103.563354492188
22.6559961435933,-115.554466247559,-58.0807266235352,-103.377410888672
22.6726632773825,-115.781188964844,-58.2035942077637,-103.320243835449
22.6893304111718,-115.770645141602,-58.062183380127,-103.414749145508
22.7059975449611,-115.667518615723,-57.8532791137695,-103.618667602539
22.7226646787512,-115.474472045898,-57.6012535095215,-103.886894226074
22.7393318125396,-115.167961120605,-57.2122688293457,-104.304145812988
22.7559989463298,-114.77530670166,-56.8429069519043,-104.836357116699
22.7726660801191,-114.227958679199,-56.4966201782227,-105.495193481445
22.7893332139083,-113.544769287109,-56.1391983032227,-106.277946472168
22.8060003476976,-112.818344116211,-55.814281463623,-107.07487487793
22.8226674814869,-112.144378662109,-55.5739517211914,-107.819137573242
22.8393346152761,-111.605331420898,-55.4414939880371,-108.429191589355
22.8560017490654,-111.242134094238,-55.4164657592773,-108.893676757812
22.8726688828556,-111.046501159668,-55.4640312194824,-109.212532043457
22.8893360166439,-110.886657714844,-55.5686569213867,-109.507553100586
22.9060031504341,-110.728485107422,-55.6620140075684,-109.823371887207
22.9226702842234,-110.567764282227,-55.7472686767578,-110.150779724121
22.9393374180127,-110.359619140625,-55.8028678894043,-110.516296386719
22.9560045518019,-110.106307983398,-55.858814239502,-110.949989318848
22.9726716855912,-109.817413330078,-55.9061851501465,-111.435470581055
22.9893388193805,-109.592788696289,-55.9819145202637,-111.892105102539
23.0060059531697,-109.458068847656,-56.044864654541,-112.285652160645
23.0226730869599,-109.470817565918,-56.1521492004395,-112.546783447266
23.0393402207483,-109.603584289551,-56.2938194274902,-112.680107116699
23.0560073545385,-109.854438781738,-56.4579124450684,-112.706672668457
23.0726744883277,-110.170104980469,-56.6529541015625,-112.688926696777
23.089341622117,-110.500045776367,-56.8952980041504,-112.664665222168
23.1060087559063,-110.844535827637,-57.2018356323242,-112.62565612793
23.1226758896955,-111.215385437012,-57.5061225891113,-112.520004272461
23.1393430234848,-111.546936035156,-57.7727813720703,-112.402030944824
23.1560101572741,-111.813407897949,-57.9681701660156,-112.29500579834
23.1726772910642,-111.903739929199,-57.6030006408691,-112.293724060059
23.1893444248526,-111.651084899902,-57.8666877746582,-112.522369384766
23.2060115586428,-111.703025817871,-58.0053482055664,-112.320129394531
23.2226786924321,-111.525405883789,-58.0489311218262,-112.514312744141
23.2393458262213,-111.822875976562,-58.3910903930664,-112.18285369873
23.2560129600106,-112.214698791504,-58.754566192627,-111.803237915039
23.2726800937999,-112.524856567383,-59.1839942932129,-111.538444519043
23.2893472275891,-112.578224182129,-59.5203399658203,-111.535148620605
23.3060143613784,-112.361328125,-59.7264938354492,-111.776466369629
23.3226814951686,-111.951950073242,-59.855354309082,-112.122985839844
23.3393486289569,-111.258277893066,-59.7995491027832,-112.707832336426
23.3560157627471,-110.507141113281,-59.6895637512207,-113.277626037598
23.3726828965364,-109.82731628418,-59.538631439209,-113.717063903809
23.3893500303257,-109.301628112793,-59.4207344055176,-113.993789672852
23.4060171641149,-108.98811340332,-59.3411750793457,-114.051933288574
23.4226842979042,-108.915313720703,-59.3126602172852,-113.881805419922
23.4393514316935,-109.08374786377,-59.3466796875,-113.476829528809
23.4560185654827,-109.433883666992,-59.3582916259766,-112.895530700684
23.4726856992729,-109.889251708984,-59.3079795837402,-112.221351623535
23.4893528330613,-110.351638793945,-59.2647323608398,-111.503257751465
23.5060199668515,-110.799583435059,-59.2177047729492,-110.78116607666
23.5226871006407,-111.23609161377,-59.1292152404785,-110.087295532227
23.53935423443,-111.585922241211,-59.0324249267578,-109.48291015625
23.5560213682193,-111.857803344727,-58.9126091003418,-108.9853515625
23.5726885020085,-112.009918212891,-58.7736358642578,-108.629776000977
23.5893556357978,-112.053527832031,-58.6576156616211,-108.398002624512
23.6060227695871,-112.025772094727,-58.5520896911621,-108.278984069824
23.6226899033772,-111.988121032715,-58.4835624694824,-108.215003967285
23.6393570371656,-112.037979125977,-58.4197273254395,-108.118476867676
23.6560241709558,-112.172813415527,-58.3621025085449,-108.00715637207
23.6726913047451,-112.355453491211,-58.3207931518555,-107.91820526123
23.6893584385343,-112.593231201172,-58.2943725585938,-107.854118347168
23.7060255723236,-112.880973815918,-58.3446426391602,-107.727905273438
23.7226927061129,-113.265930175781,-58.4247207641602,-107.515907287598
23.7393598399021,-113.657173156738,-58.4719123840332,-107.282150268555
23.7560269736914,-114.057922363281,-58.4880638122559,-107.033554077148
23.7726941074816,-114.405784606934,-58.2974624633789,-106.843139648438
23.7893612412699,-114.762100219727,-58.5370559692383,-106.714408874512
23.8060283750601,-115.290176391602,-58.8395195007324,-106.427398681641
23.8226955088494,-115.778945922852,-59.061351776123,-106.288986206055
23.8393626426387,-116.446174621582,-59.3589477539062,-105.988380432129
23.8560297764279,-117.008178710938,-59.4627723693848,-105.73274230957
23.8726969102172,-117.553482055664,-59.5947875976562,-105.481483459473
23.8893640440065,-117.850158691406,-59.5152854919434,-105.384590148926
23.9060311777957,-118.065055847168,-59.3434791564941,-105.372108459473
23.9226983115859,-118.195289611816,-59.1335029602051,-105.400848388672
23.9393654453743,-118.161262512207,-58.8726997375488,-105.573631286621
23.9560325791645,-118.048759460449,-58.7071418762207,-105.852821350098
23.9726997129537,-117.799522399902,-58.6277770996094,-106.269233703613
23.989366846743,-117.46159362793,-58.6296348571777,-106.795227050781
24.0060339805323,-117.04020690918,-58.7209281921387,-107.417060852051
24.0227011143215,-116.590591430664,-58.8376426696777,-108.098983764648
24.0393682481108,-116.174118041992,-58.9981155395508,-108.753684997559
24.0560353819001,-115.841514587402,-59.1945457458496,-109.327728271484
24.0727025156903,-115.649841308594,-59.3702926635742,-109.724029541016
24.0893696494786,-115.588043212891,-59.5443801879883,-109.915840148926
24.1060367832688,-115.512367248535,-59.6777877807617,-110.073448181152
24.1227039170581,-115.38525390625,-59.7533836364746,-110.233100891113
24.1393710508473,-115.148139953613,-59.764892578125,-110.464500427246
24.1560381846366,-114.81339263916,-59.7211532592773,-110.751365661621
24.1727053184259,-114.412117004395,-59.6633148193359,-111.09203338623
24.1893724522151,-113.976837158203,-59.629280090332,-111.465270996094
24.2060395860044,-113.597640991211,-59.6076698303223,-111.822639465332
24.2227067197946,-113.346466064453,-59.5769271850586,-112.099395751953
24.2393738535829,-113.147804260254,-59.5465660095215,-112.302581787109
24.2560409873731,-113.034423828125,-59.4776420593262,-112.436973571777
24.2727081211624,-112.947387695312,-59.431770324707,-112.555603027344
24.2893752549517,-112.909187316895,-59.4324836730957,-112.653198242188
24.3060423887409,-112.921646118164,-59.5718879699707,-112.720054626465
24.3227095225302,-112.959091186523,-59.806095123291,-112.771202087402
24.3393766563195,-113.08763885498,-60.043830871582,-112.772216796875
24.3560437901087,-113.182571411133,-60.1318321228027,-112.830535888672
24.3727109238989,-112.993896484375,-59.8949813842773,-113.130035400391
24.3893780576873,-113.153282165527,-60.3393402099609,-113.010162353516
24.4060451914775,-113.21118927002,-60.3396186828613,-112.904998779297
24.4227123252667,-113.687377929688,-60.6092681884766,-112.456130981445
24.439379459056,-114.296424865723,-60.8446769714355,-111.818389892578
24.4560465928453,-114.977340698242,-61.1999778747559,-111.190284729004
24.4727137266345,-115.3388671875,-61.386474609375,-110.886528015137
24.4893808604238,-115.30916595459,-61.6359367370605,-110.983222961426
24.5060479942131,-114.859588623047,-61.7200813293457,-111.411994934082
24.5227151280033,-114.063369750977,-61.659008026123,-112.118934631348
24.5393822617916,-113.091133117676,-61.4200248718262,-112.919151306152
24.5560493955818,-112.186309814453,-61.1231384277344,-113.555519104004
24.5727165293711,-111.46174621582,-60.8319206237793,-113.972480773926
24.5893836631603,-110.960205078125,-60.5907859802246,-114.185722351074
24.6060507969496,-110.750564575195,-60.4483833312988,-114.094955444336
24.6227179307389,-110.790809631348,-60.339729309082,-113.769844055176
24.6393850645281,-111.063087463379,-60.2747955322266,-113.18775177002
24.6560521983174,-111.48575592041,-60.219783782959,-112.470741271973
24.6727193321076,-111.97575378418,-60.1548690795898,-111.706619262695
24.689386465896,-112.437637329102,-60.072380065918,-110.965751647949
24.7060535996861,-112.849639892578,-59.9718017578125,-110.272666931152
24.7227207334754,-113.218315124512,-59.8554496765137,-109.631416320801
24.7393878672647,-113.553779602051,-59.7167053222656,-109.025077819824
24.7560550010539,-113.833808898926,-59.588565826416,-108.508323669434
24.7727221348432,-114.065399169922,-59.457691192627,-108.072875976562
24.7893892686325,-114.241333007812,-59.3237991333008,-107.721237182617
24.8060564024217,-114.375625610352,-59.1833839416504,-107.454261779785
24.8227235362119,-114.524627685547,-59.0701751708984,-107.22159576416
24.8393906700003,-114.693328857422,-58.9549827575684,-107.032577514648
24.8560578037905,-114.920463562012,-58.8765258789062,-106.848022460938
24.8727249375797,-115.187713623047,-58.8406867980957,-106.68132019043
24.889392071369,-115.50414276123,-58.8504524230957,-106.488548278809
24.9060592051583,-115.884475708008,-58.9008483886719,-106.228065490723
24.9227263389475,-116.383026123047,-59.0118637084961,-105.856750488281
24.9393934727368,-116.889465332031,-59.0360908508301,-105.474365234375
24.9560606065261,-117.376403808594,-58.9513549804688,-105.131286621094
24.9727277403163,-117.673057556152,-58.7602806091309,-104.985404968262
24.9893948741046,-118.045547485352,-58.9951934814453,-104.784828186035
25.0060620078948,-118.34992980957,-59.0842704772949,-104.641487121582
25.0227291416841,-118.740882873535,-59.215747833252,-104.505378723145
25.0393962754733,-119.341209411621,-59.5673370361328,-104.199737548828
25.0560634092626,-119.882362365723,-59.7291297912598,-103.93482208252
25.0727305430519,-120.334259033203,-59.8408164978027,-103.726959228516
25.0893976768411,-120.491096496582,-59.7925987243652,-103.693008422852
25.1060648106304,-120.540451049805,-59.6609115600586,-103.696998596191
25.1227319444206,-120.55313873291,-59.4818153381348,-103.722137451172
25.139399078209,-120.491958618164,-59.2157859802246,-103.827407836914
25.1560662119991,-120.294143676758,-58.9946670532227,-104.116851806641
25.1727333457884,-119.936920166016,-58.8639640808105,-104.56037902832
25.1894004795777,-119.347465515137,-58.7845649719238,-105.28702545166
25.2060676133669,-118.650588989258,-58.7853088378906,-106.151306152344
25.2227347471562,-117.938507080078,-58.8370819091797,-107.074661254883
25.2394018809455,-117.297355651855,-58.9434547424316,-107.965484619141
25.2560690147347,-116.798599243164,-59.0808029174805,-108.74341583252
25.2727361485249,-116.460830688477,-59.2233963012695,-109.382331848145
25.2894032823133,-116.325309753418,-59.3956604003906,-109.784469604492
25.3060704161035,-116.27433013916,-59.5707397460938,-110.104110717773
25.3227375498927,-116.262924194336,-59.6971778869629,-110.370719909668
25.339404683682,-116.269218444824,-59.8048629760742,-110.578048706055
25.3560718174713,-116.299247741699,-59.9097671508789,-110.735496520996
25.3727389512605,-116.358818054199,-60.0213584899902,-110.828140258789
25.3894060850498,-116.511100769043,-60.1844367980957,-110.80037689209
25.4060732188391,-116.864166259766,-60.4398994445801,-110.581085205078
25.4227403526293,-117.534156799316,-60.8023109436035,-110.037185668945
25.4394074864176,-118.471832275391,-61.1978797912598,-109.191474914551
25.4560746202078,-119.64916229248,-61.6551971435547,-108.069290161133
25.4727417539971,-121.001091003418,-62.172794342041,-106.735870361328
25.4894088877863,-122.452331542969,-62.7365455627441,-105.276916503906
25.5060760215756,-123.977661132812,-63.331413269043,-103.714836120605
25.5227431553649,-125.560134887695,-63.9470405578613,-102.061584472656
25.5394102891541,-127.153465270996,-64.5779266357422,-100.392417907715
25.5560774229434,-128.726577758789,-65.1641998291016,-98.7433013916016
25.5727445567336,-129.800994873047,-65.3773498535156,-97.5736465454102
25.5894116905229,-131.002517700195,-65.9989547729492,-96.2241363525391
25.6060788243121,-132.523803710938,-66.3702621459961,-94.5212783813477
25.6227459581014,-133.231140136719,-66.5876693725586,-93.7009963989258
25.6394130918907,-134.88330078125,-66.8925170898438,-91.9150543212891
25.6560802256799,-136.493515014648,-67.075439453125,-90.1958847045898
25.6727473594692,-138.167221069336,-67.2621536254883,-88.5193176269531
25.6894144932585,-139.605728149414,-67.3766098022461,-87.1086730957031
25.7060816270478,-140.86701965332,-67.6272201538086,-85.8442306518555
25.7227487608379,-141.55517578125,-67.778694152832,-85.0348739624023
25.7394158946272,-141.759979248047,-67.8987350463867,-84.6257400512695
25.7560830284165,-141.646469116211,-67.9465484619141,-84.3833541870117
25.7727501622057,-141.371276855469,-67.9888534545898,-84.1933517456055
25.789417295995,-141.107025146484,-68.0583953857422,-83.9025192260742
25.8060844297843,-140.890899658203,-68.1519088745117,-83.5280532836914
25.8227515635735,-140.746276855469,-68.2123794555664,-83.0829544067383
25.8394186973628,-140.772186279297,-68.2754669189453,-82.4829483032227
25.8560858311521,-141.05810546875,-68.345085144043,-81.6658782958984
25.8727529649423,-141.524566650391,-68.3932952880859,-80.7435989379883
25.8894200987315,-142.128326416016,-68.4224395751953,-79.7409820556641
25.9060872325208,-142.703140258789,-68.4248886108398,-78.8263244628906
25.9227543663101,-143.164932250977,-68.3879241943359,-78.0657730102539
25.9394215000993,-143.443496704102,-68.3332443237305,-77.5226669311523
25.9560886338886,-143.497161865234,-68.258056640625,-77.2362747192383
25.9727557676779,-143.28303527832,-68.1235885620117,-77.2231597900391
25.9894229014672,-142.970794677734,-67.9614181518555,-77.3248138427734
26.0060900352564,-142.554580688477,-67.7825088500977,-77.5450973510742
26.0227571690466,-142.030609130859,-67.6461639404297,-77.8935241699219
26.0394243028359,-141.423934936523,-67.4778137207031,-78.3679885864258
26.0560914366251,-140.823684692383,-67.2968139648438,-78.8739166259766
26.0727585704144,-140.144439697266,-67.0998916625977,-79.5410003662109
26.0894257042037,-139.329788208008,-66.9023971557617,-80.4308090209961
26.1060928379929,-138.311279296875,-66.7302780151367,-81.5722122192383
26.1227599717822,-137.040008544922,-66.5078125,-83.0150299072266
26.1394271055715,-135.595489501953,-66.2313003540039,-84.6904296875
26.1560942393608,-133.933822631836,-65.8922805786133,-86.5947647094727
26.1727613731509,-132.04801940918,-65.3616790771484,-88.7797393798828
26.1894285069402,-129.900024414062,-64.7861022949219,-91.3345260620117
26.2060956407295,-128.35188293457,-64.7650527954102,-93.3838500976562
26.2227627745187,-126.750106811523,-64.4029083251953,-95.5015411376953
26.239429908308,-125.508712768555,-64.194938659668,-97.4380416870117
26.2560970420973,-124.871597290039,-64.0746459960938,-98.7752304077148
26.2727641758866,-124.581275939941,-63.9375305175781,-99.7505035400391
26.2894313096758,-124.489517211914,-63.6570701599121,-100.433792114258
26.3060984434651,-124.440910339355,-63.3216667175293,-100.97762298584
26.3227655772553,-124.444244384766,-63.0052108764648,-101.38948059082
26.3394327110445,-124.377716064453,-62.6024894714355,-101.798835754395
26.3560998448338,-124.184753417969,-62.2236328125,-102.275329589844
26.3727669786231,-123.887580871582,-61.9448852539062,-102.805847167969
26.3894341124123,-123.399269104004,-61.718620300293,-103.455261230469
26.4061012462016,-122.757652282715,-61.5178680419922,-104.218406677246
26.4227683799909,-122.010810852051,-61.3960990905762,-105.035705566406
26.4394355137802,-121.194480895996,-61.3198051452637,-105.917495727539
26.4561026475694,-120.386672973633,-61.2724952697754,-106.79704284668
26.4727697813596,-119.752326965332,-61.2961883544922,-107.467346191406
26.4894369151489,-119.199737548828,-61.3401145935059,-108.075904846191
26.5061040489381,-118.724098205566,-61.3988189697266,-108.615631103516
26.5227711827274,-118.316474914551,-61.4359893798828,-109.087577819824
26.5394383165167,-117.951675415039,-61.4572486877441,-109.488502502441
26.5561054503059,-117.59733581543,-61.4613761901855,-109.841079711914
26.5727725840952,-117.235427856445,-61.4081611633301,-110.171920776367
26.5894397178845,-116.87036895752,-61.3723297119141,-110.462295532227
26.6061068516738,-116.546577453613,-61.3463821411133,-110.684028625488
26.6227739854639,-116.251091003418,-61.3031692504883,-110.863342285156
26.6394411192532,-115.980331420898,-61.281681060791,-111.020195007324
26.6561082530425,-115.72191619873,-61.2966384887695,-111.135864257812
26.6727753868317,-115.509071350098,-61.2988319396973,-111.180770874023
26.689442520621,-115.275634765625,-61.2736396789551,-111.252250671387
26.7061096544103,-114.991249084473,-61.3072814941406,-111.383171081543
26.7227767881996,-114.744598388672,-61.4857864379883,-111.505035400391
26.7394439219888,-114.529815673828,-61.6754341125488,-111.587379455566
26.7561110557781,-114.369277954102,-61.7604713439941,-111.580360412598
26.7727781895683,-114.166763305664,-61.6132125854492,-111.545822143555
26.7894453233575,-113.525207519531,-61.0375289916992,-111.843551635742
26.8061124571468,-113.073875427246,-61.2193069458008,-111.839477539062
26.8227795909361,-112.787551879883,-61.1445732116699,-111.643852233887
26.8394467247253,-112.73860168457,-61.1545562744141,-111.372886657715
26.8561138585146,-113.017623901367,-61.3536148071289,-110.77906036377
26.8727809923039,-113.328086853027,-61.7068519592285,-110.22265625
26.8894481260932,-113.331748962402,-62.0250930786133,-110.029022216797
26.9061152598824,-112.851287841797,-62.186653137207,-110.383857727051
26.9227823936726,-112.131355285645,-62.4114685058594,-111.01432800293
26.9394495274619,-111.096321105957,-62.3613891601562,-111.933158874512
26.9561166612511,-110.00910949707,-62.1938858032227,-112.848663330078
26.9727837950404,-109.059532165527,-61.909294128418,-113.569412231445
26.9894509288297,-108.366607666016,-61.6067504882812,-114.003341674805
27.006118062619,-107.900604248047,-61.3276138305664,-114.179809570312
27.0227851964082,-107.704643249512,-61.0655250549316,-114.068305969238
27.0394523301975,-107.750152587891,-60.8539543151855,-113.709571838379
27.0561194639868,-107.960960388184,-60.6618461608887,-113.177215576172
27.0727865977769,-108.28182220459,-60.4869537353516,-112.53800201416
27.0894537315662,-108.637557983398,-60.3605194091797,-111.870048522949
27.1061208653555,-108.926773071289,-60.2927513122559,-111.270790100098
27.1227879991447,-109.157615661621,-60.1867332458496,-110.76741027832
27.139455132934,-109.33455657959,-60.0818977355957,-110.326957702637
27.1561222667233,-109.464233398438,-59.9401206970215,-109.995872497559
27.1727894005126,-109.557662963867,-59.8080825805664,-109.735908508301
27.1894565343018,-109.577407836914,-59.6523475646973,-109.587982177734
27.2061236680911,-109.52872467041,-59.4920082092285,-109.539253234863
27.2227908018813,-109.420936584473,-59.3582496643066,-109.591331481934
27.2394579356705,-109.335815429688,-59.297046661377,-109.672782897949
27.2561250694598,-109.414184570312,-59.311164855957,-109.634048461914
27.2727922032491,-109.721176147461,-59.3985900878906,-109.415824890137
27.2894593370384,-110.209037780762,-59.539421081543,-109.06697845459
27.3061264708276,-110.827224731445,-59.7117004394531,-108.626457214355
27.3227936046169,-111.480781555176,-59.8662757873535,-108.139701843262
27.3394607384062,-112.198616027832,-60.0180282592773,-107.580215454102
27.3561278721954,-112.901832580566,-60.0755920410156,-107.030578613281
27.3727950059856,-113.430335998535,-59.8604202270508,-106.673721313477
27.3894621397749,-113.577110290527,-59.8191452026367,-106.754409790039
27.4061292735641,-113.753242492676,-59.8132858276367,-106.822120666504
27.4227964073534,-113.636222839355,-59.5926208496094,-107.254653930664
27.4394635411427,-113.682418823242,-59.5282821655273,-107.583168029785
27.456130674932,-113.851791381836,-59.6192245483398,-107.87232208252
27.4727978087212,-114.340965270996,-59.6209259033203,-107.844375610352
27.4894649425105,-114.722717285156,-59.2228698730469,-107.852279663086
27.5061320762998,-115.130096435547,-58.9828224182129,-107.80997467041
27.5227992100899,-115.504608154297,-58.8605613708496,-107.761405944824
27.5394663438792,-115.807029724121,-58.7229347229004,-107.85090637207
27.5561334776685,-116.00471496582,-58.648998260498,-108.103485107422
27.5728006114578,-116.049575805664,-58.6853904724121,-108.560394287109
27.589467745247,-115.901985168457,-58.7034339904785,-109.230529785156
27.6061348790363,-115.612289428711,-58.7119255065918,-110.045631408691
27.6228020128256,-115.217559814453,-58.6580963134766,-110.938346862793
27.6394691466148,-114.727973937988,-58.5580749511719,-111.90113067627
27.6561362804041,-114.237152099609,-58.4702644348145,-112.835144042969
27.6728034141943,-113.79549407959,-58.4113349914551,-113.697814941406
27.6894705479835,-113.435745239258,-58.378849029541,-114.459594726562
27.7061376817728,-113.181144714355,-58.4164085388184,-115.070167541504
27.7228048155621,-112.924133300781,-58.464282989502,-115.670700073242
27.7394719493514,-112.642860412598,-58.4870414733887,-116.24454498291
27.7561390831406,-112.304634094238,-58.4750823974609,-116.810623168945
27.7728062169299,-111.957939147949,-58.4213333129883,-117.325164794922
27.7894733507192,-111.61597442627,-58.3846206665039,-117.772705078125
27.8061404845084,-111.365776062012,-58.376594543457,-118.113822937012
27.8228076182986,-111.2529296875,-58.3831520080566,-118.283416748047
27.8394747520879,-111.242698669434,-58.3969421386719,-118.313659667969
27.8561418858772,-111.312980651855,-58.4009399414062,-118.208763122559
27.8728090196664,-111.424766540527,-58.3535842895508,-117.997093200684
27.8894761534557,-111.526565551758,-58.3262901306152,-117.753280639648
27.906143287245,-111.623741149902,-58.3877906799316,-117.515602111816
27.9228104210342,-111.709770202637,-58.567310333252,-117.30101776123
27.9394775548235,-111.795555114746,-58.8284149169922,-117.10791015625
27.9561446886128,-111.869606018066,-59.0822296142578,-116.929954528809
27.9728118224029,-111.850006103516,-59.0037994384766,-116.83251953125
27.9894789561922,-111.290000915527,-58.8468284606934,-117.200462341309
28.0061460899815,-111.239646911621,-59.1589889526367,-116.969924926758
28.0228132237708,-110.77530670166,-59.0050888061523,-117.120903015137
28.03948035756,-110.964157104492,-59.2105979919434,-116.664794921875
28.0561474913493,-111.350997924805,-59.455451965332,-116.039657592773
28.0728146251386,-111.878410339355,-59.7329406738281,-115.417633056641
28.0894817589278,-112.212760925293,-59.9797973632812,-115.052391052246
28.1061488927171,-112.374992370605,-60.3089027404785,-114.865028381348
28.1228160265073,-112.193054199219,-60.4655532836914,-114.988792419434
28.1394831602965,-111.801307678223,-60.5183944702148,-115.301246643066
28.1561502940858,-111.220146179199,-60.429573059082,-115.76244354248
28.1728174278751,-110.494163513184,-60.2722282409668,-116.322319030762
28.1894845616644,-109.714706420898,-60.0931930541992,-116.872718811035
28.2061516954536,-108.984077453613,-59.8857269287109,-117.360572814941
28.2228188292429,-108.407012939453,-59.7070083618164,-117.698547363281
28.2394859630322,-108.032531738281,-59.6089935302734,-117.84651184082
28.2561530968214,-107.900482177734,-59.5723915100098,-117.796096801758
28.2728202306116,-108.019485473633,-59.5643119812012,-117.516578674316
28.2894873644009,-108.343353271484,-59.5401954650879,-117.057968139648
28.3061544981902,-108.785049438477,-59.5201263427734,-116.477294921875
28.3228216319794,-109.246734619141,-59.4890785217285,-115.860801696777
28.3394887657687,-109.676139831543,-59.3981056213379,-115.292434692383
28.356155899558,-110.035057067871,-59.2723693847656,-114.817649841309
28.3728230333472,-110.30281829834,-59.1272201538086,-114.467514038086
28.3894901671365,-110.474327087402,-58.9507637023926,-114.234832763672
28.4061573009258,-110.585067749023,-58.7730331420898,-114.091522216797
28.4228244347159,-110.674224853516,-58.5683059692383,-113.994659423828
28.4394915685052,-110.798141479492,-58.3438987731934,-113.905906677246
28.4561587022945,-110.946670532227,-58.175537109375,-113.82568359375
28.4728258360838,-111.118919372559,-58.0594711303711,-113.743301391602
28.489492969873,-111.325256347656,-57.9587860107422,-113.657661437988
28.5061601036623,-111.612953186035,-57.896858215332,-113.496726989746
28.5228272374516,-111.977043151855,-57.8395538330078,-113.257987976074
28.5394943712417,-112.456207275391,-57.8299827575684,-112.887985229492
28.5561615050301,-113.008178710938,-57.7995948791504,-112.42081451416
28.5728286388203,-113.5595703125,-57.7787094116211,-111.945411682129
28.5894957726096,-114.09691619873,-57.7444839477539,-111.498199462891
28.6061629063988,-114.490264892578,-57.5263938903809,-111.245056152344
28.6228300401881,-114.596366882324,-57.5809593200684,-111.329162597656
28.6394971739774,-114.956008911133,-57.8695640563965,-111.189926147461
28.6561643077666,-115.13158416748,-57.9228935241699,-111.332382202148
28.6728314415559,-115.590217590332,-58.3417816162109,-111.274589538574
28.6894985753461,-116.193489074707,-58.6741180419922,-111.086959838867
28.7061657091344,-116.625068664551,-58.6980171203613,-111.068031311035
28.7228328429246,-117.034324645996,-58.6697006225586,-110.948272705078
28.7394999767139,-117.352935791016,-58.5141563415527,-110.836853027344
28.7561671105032,-117.631530761719,-58.244758605957,-110.719505310059
28.7728342442924,-117.844352722168,-57.8886871337891,-110.571640014648
28.7895013780817,-117.851379394531,-57.4971733093262,-110.518974304199
28.806168511871,-117.653274536133,-57.1440773010254,-110.570930480957
28.8228356456602,-117.232109069824,-56.8523254394531,-110.805603027344
28.8395027794504,-116.714805603027,-56.669506072998,-111.147613525391
28.8561699132388,-116.202270507812,-56.560375213623,-111.510536193848
28.872837047029,-115.728378295898,-56.5082168579102,-111.859344482422
28.8895041808182,-115.356941223145,-56.5132789611816,-112.108680725098
28.9061713146075,-115.113220214844,-56.5927391052246,-112.227111816406
28.9228384483968,-114.939720153809,-56.6504974365234,-112.291847229004
28.939505582186,-114.819801330566,-56.7249145507812,-112.303764343262
28.9561727159753,-114.705543518066,-56.8073463439941,-112.305038452148
28.9728398497646,-114.593811035156,-56.8697128295898,-112.296852111816
28.9895069835547,-114.489372253418,-56.8767127990723,-112.269958496094
29.0061741173431,-114.387893676758,-56.8643646240234,-112.241767883301
29.0228412511333,-114.292785644531,-56.8515243530273,-112.21248626709
29.0395083849226,-114.219085693359,-56.8498115539551,-112.150146484375
29.0561755187118,-114.226234436035,-56.8465194702148,-112.028823852539
29.0728426525011,-114.322303771973,-56.8486824035645,-111.813194274902
29.0895097862904,-114.478614807129,-56.8796157836914,-111.534255981445
29.1061769200796,-114.662269592285,-56.9670181274414,-111.227500915527
29.1228440538689,-114.843826293945,-57.0783195495605,-110.945365905762
29.1395111876591,-114.965270996094,-57.2535781860352,-110.760551452637
29.1561783214474,-114.975608825684,-57.4369812011719,-110.691307067871
29.1728454552376,-114.874046325684,-57.5771827697754,-110.724411010742
29.1895125890269,-114.656433105469,-57.6926536560059,-110.847793579102
29.2061797228162,-114.299613952637,-57.7227478027344,-111.115646362305
29.2228468566054,-113.644256591797,-57.2939224243164,-111.669281005859
29.2395139903947,-113.061370849609,-57.5393371582031,-112.048439025879
29.256181124184,-113.020637512207,-57.7521171569824,-111.869781494141
29.2728482579732,-113.085655212402,-57.8935317993164,-111.688888549805
29.2895153917634,-113.610389709473,-58.2745132446289,-111.067741394043
29.3061825255518,-114.198593139648,-58.8168411254883,-110.477615356445
29.322849659342,-114.654739379883,-59.367561340332,-110.130599975586
29.3395167931312,-114.790946960449,-59.8593482971191,-110.120193481445
29.3561839269205,-114.642951965332,-60.1499404907227,-110.300025939941
29.3728510607098,-114.251075744629,-60.3691062927246,-110.548217773438
29.389518194499,-113.639541625977,-60.2654724121094,-110.825332641602
29.4061853282883,-112.852119445801,-59.9708099365234,-111.138854980469
29.4228524620776,-112.027603149414,-59.6548042297363,-111.348739624023
29.4395195958678,-111.259841918945,-59.3393096923828,-111.40576171875
29.4561867296561,-110.622177124023,-59.0116271972656,-111.285232543945
29.4728538634463,-110.19270324707,-58.7561378479004,-110.959358215332
29.4895209972356,-109.992256164551,-58.5935096740723,-110.466194152832
29.5061881310248,-110.028800964355,-58.5267791748047,-109.810974121094
29.5228552648141,-110.244430541992,-58.5211791992188,-109.033332824707
29.5395223986034,-110.559303283691,-58.5020751953125,-108.212867736816
29.5561895323926,-110.847061157227,-58.452507019043,-107.454124450684
29.5728566661819,-111.089141845703,-58.3926887512207,-106.78931427002
29.5895237999721,-111.256950378418,-58.3024749755859,-106.260749816895
29.6061909337604,-111.377876281738,-58.1634941101074,-105.888137817383
29.6228580675506,-111.44051361084,-57.9978904724121,-105.662269592285
29.6395252013399,-111.436630249023,-57.785758972168,-105.585800170898
29.6561923351292,-111.387733459473,-57.5391616821289,-105.605369567871
29.6728594689184,-111.334091186523,-57.3050880432129,-105.649559020996
29.6895266027077,-111.406539916992,-57.129711151123,-105.592185974121
29.706193736497,-111.727973937988,-57.0281105041504,-105.336929321289
29.7228608702862,-112.29557800293,-57.0394744873047,-104.889541625977
29.7395280040764,-113.01912689209,-57.0898132324219,-104.261222839355
29.7561951378648,-113.764999389648,-57.1409072875977,-103.596138000488
29.772862271655,-114.519325256348,-57.2606391906738,-102.913665771484
29.7895294054442,-115.209129333496,-57.2207870483398,-102.274375915527
29.8061965392335,-115.542366027832,-56.9034080505371,-101.970596313477
29.8228636730228,-115.591186523438,-56.8148956298828,-101.940162658691
29.839530806812,-115.178955078125,-56.5359497070312,-102.387550354004
29.8561979406013,-114.697944641113,-56.4946784973145,-102.950180053711
29.8728650743906,-114.463272094727,-56.5873718261719,-103.310127258301
29.8895322081808,-114.417442321777,-56.4898567199707,-103.485061645508
29.9061993419691,-114.603004455566,-56.2926216125488,-103.422485351562
29.9228664757593,-114.862159729004,-56.1020469665527,-103.234718322754
29.9395336095486,-115.156715393066,-56.0237274169922,-103.006164550781
29.9562007433378,-115.466217041016,-56.0650978088379,-102.800964355469
29.9728678771271,-115.732681274414,-56.0852470397949,-102.675201416016
29.9895350109164,-115.853096008301,-56.1119728088379,-102.732154846191
30.0062021447056,-115.794776916504,-56.1638946533203,-102.983100891113
30.0228692784949,-115.541259765625,-56.1873359680176,-103.423110961914
30.0395364122851,-115.134368896484,-56.1598625183105,-104.043563842773
30.0562035460734,-114.602409362793,-56.1036720275879,-104.769027709961
30.0728706798636,-114.014579772949,-56.0447616577148,-105.539726257324
30.0895378136529,-113.474822998047,-56.033332824707,-106.256690979004
30.1062049474422,-113.038101196289,-56.0785140991211,-106.883247375488
30.1228720812314,-112.762489318848,-56.1857528686523,-107.346740722656
30.1395392150207,-112.611625671387,-56.3905448913574,-107.675880432129
30.15620634881,-112.487373352051,-56.5910034179688,-107.98454284668
30.1728734825992,-112.387466430664,-56.746997833252,-108.255088806152
30.1895406163894,-112.283584594727,-56.8526573181152,-108.498352050781
30.2062077501778,-112.172630310059,-56.8855934143066,-108.695457458496
30.222874883968,-112.048431396484,-56.8857498168945,-108.850982666016
30.2395420177572,-111.952102661133,-56.902587890625,-108.93896484375
30.2562091515465,-111.932983398438,-56.9180793762207,-108.925506591797
30.2728762853358,-111.999244689941,-56.9736938476562,-108.818733215332
30.289543419125,-112.144683837891,-57.0774612426758,-108.606018066406
30.3062105529143,-112.30729675293,-57.1897735595703,-108.346572875977
30.3228776867036,-112.42667388916,-57.2745475769043,-108.102325439453
30.3395448204938,-112.41911315918,-57.3905296325684,-107.988761901855
30.3562119542821,-112.31282043457,-57.5914993286133,-107.984451293945
30.3728790880723,-112.181076049805,-57.8180236816406,-108.034225463867
30.3895462218616,-112.074981689453,-58.0395660400391,-108.087295532227
30.4062133556508,-111.946365356445,-58.1942901611328,-108.204483032227
30.4228804894401,-111.729270935059,-57.7351264953613,-108.423667907715
30.4395476232294,-111.496871948242,-58.0626602172852,-108.559219360352
30.4562147570186,-111.721206665039,-58.1466255187988,-108.18733215332
30.4728818908079,-112.012069702148,-58.4127349853516,-107.93376159668
30.4895490245981,-112.60466003418,-58.7505645751953,-107.407264709473
30.5062161583865,-113.200325012207,-59.2080345153809,-107.042327880859
30.5228832921766,-113.500831604004,-59.5419425964355,-107.004692077637
30.5395504259659,-113.588981628418,-59.9340286254883,-107.180732727051
30.5562175597552,-113.245231628418,-60.0682220458984,-107.743110656738
30.5728846935444,-112.745384216309,-60.0718078613281,-108.407371520996
30.5895518273337,-112.203575134277,-59.9492263793945,-109.05200958252
30.606218961123,-111.781707763672,-59.8162574768066,-109.536827087402
30.6228860949122,-111.589088439941,-59.6558647155762,-109.780647277832
30.6395532287024,-111.66178894043,-59.4755325317383,-109.73853302002
30.6562203624908,-111.944953918457,-59.2882080078125,-109.430488586426
30.672887496281,-112.402976989746,-59.0921478271484,-108.89860534668
30.6895546300702,-112.988059997559,-58.8862457275391,-108.180564880371
30.7062217638595,-113.652870178223,-58.6950531005859,-107.332458496094
30.7228888976488,-114.273017883301,-58.4947662353516,-106.492622375488
30.739556031438,-114.732429504395,-58.3593826293945,-105.760429382324
30.7562231652273,-115.009620666504,-58.222110748291,-105.237693786621
30.7728902990166,-115.140228271484,-58.1322860717773,-104.851844787598
30.7895574328068,-115.184272766113,-58.0040588378906,-104.610801696777
30.8062245665951,-115.17546081543,-57.9092216491699,-104.471153259277
30.8228917003853,-115.098114013672,-57.8131256103516,-104.454643249512
30.8395588341746,-114.908210754395,-57.7336349487305,-104.613494873047
30.8562259679638,-114.669044494629,-57.6739120483398,-104.871276855469
30.8728931017531,-114.460891723633,-57.6006851196289,-105.128280639648
30.8895602355424,-114.332664489746,-57.5239067077637,-105.339790344238
30.9062273693316,-114.341239929199,-57.4394950866699,-105.462554931641
30.9228945031209,-114.493759155273,-57.3922653198242,-105.472991943359
30.9395616369111,-114.720230102539,-57.3103561401367,-105.459548950195
30.9562287706995,-115.042190551758,-57.2924270629883,-105.353042602539
30.9728959044896,-115.381278991699,-57.2501487731934,-105.228736877441
30.9895630382789,-115.77507019043,-57.1525573730469,-105.087966918945
31.0062301720682,-116.022171020508,-56.8731918334961,-105.121780395508
31.0228973058574,-116.169593811035,-56.8500709533691,-105.318336486816
31.0395644396467,-116.120529174805,-56.7969741821289,-105.713859558105
31.056231573436,-116.143013000488,-56.8942070007324,-106.073318481445
31.0728987072252,-116.249900817871,-56.9467010498047,-106.350646972656
31.0895658410154,-116.40739440918,-56.7978324890137,-106.514381408691
31.1062329748038,-116.550415039062,-56.4860191345215,-106.584815979004
31.122900108594,-116.603393554688,-56.2604522705078,-106.68448638916
31.1395672423832,-116.574531555176,-56.123779296875,-106.828071594238
31.1562343761725,-116.520240783691,-56.067253112793,-107.007766723633
31.1729015099618,-116.442886352539,-56.0251693725586,-107.225608825684
31.189568643751,-116.294967651367,-56.0503692626953,-107.536888122559
31.2062357775403,-116.042091369629,-56.1240768432617,-107.947280883789
31.2229029113296,-115.670265197754,-56.227165222168,-108.483131408691
31.2395700451198,-115.247039794922,-56.3288688659668,-109.07364654541
31.2562371789081,-114.834480285645,-56.4312591552734,-109.643104553223
31.2729043126983,-114.481986999512,-56.5295143127441,-110.149475097656
31.2895714464876,-114.25074005127,-56.6349258422852,-110.498001098633
31.3062385802768,-114.187828063965,-56.7544441223145,-110.649131774902
31.3229057140661,-114.172569274902,-56.8854484558105,-110.705017089844
31.3395728478554,-114.123764038086,-57.0082550048828,-110.788841247559
31.3562399816446,-114.028732299805,-57.1103553771973,-110.907165527344
31.3729071154339,-113.900665283203,-57.2294921875,-111.012168884277
31.3895742492241,-113.729034423828,-57.2927589416504,-111.124252319336
31.4062413830125,-113.523300170898,-57.3073768615723,-111.239547729492
31.4229085168026,-113.30965423584,-57.3221588134766,-111.331016540527
31.4395756505919,-113.143997192383,-57.3503112792969,-111.368225097656
31.4562427843812,-113.05103302002,-57.3896217346191,-111.328193664551
31.4729099181704,-113.040229797363,-57.4303283691406,-111.184791564941
31.4895770519597,-113.052581787109,-57.4619789123535,-110.991241455078
31.506244185749,-113.117965698242,-57.5008964538574,-110.719528198242
31.5229113195383,-113.217422485352,-57.4877548217773,-110.431373596191
31.5395784533284,-113.216148376465,-57.546501159668,-110.26863861084
31.5562455871168,-113.137344360352,-57.6957550048828,-110.154823303223
31.572912720907,-113.065124511719,-57.8690872192383,-110.031852722168
31.5895798546962,-113.034782409668,-58.0299301147461,-109.851722717285
31.6062469884855,-112.973136901855,-57.944149017334,-109.728149414062
31.6229141222748,-112.658981323242,-57.8410491943359,-109.829154968262
31.639581256064,-112.690727233887,-58.124397277832,-109.504684448242
31.6562483898533,-112.445381164551,-58.2031097412109,-109.51033782959
31.6729155236426,-112.585388183594,-58.4280967712402,-109.180809020996
31.6895826574328,-112.795028686523,-58.8098907470703,-108.834075927734
31.7062497912211,-113.005989074707,-59.1211700439453,-108.607231140137
31.7229169250113,-112.988456726074,-59.320972442627,-108.665573120117
31.7395840588006,-112.924522399902,-59.7104988098145,-108.762992858887
31.7562511925898,-112.557846069336,-59.8672561645508,-109.097953796387
31.7729183263791,-112.09008026123,-59.8892936706543,-109.506225585938
31.7895854601684,-111.57381439209,-59.8163795471191,-109.856140136719
31.8062525939577,-111.14900970459,-59.6594505310059,-110.032043457031
31.8229197277469,-110.863121032715,-59.5043296813965,-109.99732208252
31.8395868615371,-110.714424133301,-59.365306854248,-109.794120788574
31.8562539953255,-110.722671508789,-59.2281913757324,-109.410369873047
31.8729211291156,-110.861289978027,-59.1244010925293,-108.892730712891
31.8895882629049,-111.087547302246,-59.0473670959473,-108.296127319336
31.9062553966942,-111.335754394531,-58.9746894836426,-107.718727111816
31.9229225304834,-111.548454284668,-58.9239730834961,-107.205291748047
31.9395896642727,-111.686073303223,-58.8583717346191,-106.794609069824
31.956256798062,-111.782562255859,-58.7878265380859,-106.447074890137
31.9729239318513,-111.868797302246,-58.6962890625,-106.148933410645
31.9895910656414,-111.93798828125,-58.5796241760254,-105.883331298828
32.0062581994298,-112.005424499512,-58.4238471984863,-105.645553588867
32.02292533322,-112.041374206543,-58.2419929504395,-105.474098205566
32.0395924670092,-112.014877319336,-58.0610885620117,-105.394645690918
32.0562596007985,-112.009246826172,-57.922607421875,-105.325004577637
32.0729267345878,-112.10986328125,-57.7873077392578,-105.18204498291
32.0895938683771,-112.334121704102,-57.6743774414062,-104.942916870117
32.1062610021663,-112.652793884277,-57.6140823364258,-104.619277954102
32.1229281359556,-113.126861572266,-57.6186790466309,-104.181770324707
32.1395952697458,-113.702133178711,-57.67529296875,-103.688995361328
32.1562624035341,-114.316940307617,-57.7208442687988,-103.181396484375
32.1729295373243,-114.968452453613,-57.7907981872559,-102.651573181152
32.1895966711136,-115.544013977051,-57.7827377319336,-102.167755126953
32.2062638049028,-115.971542358398,-57.6875267028809,-101.809234619141
32.2229309386921,-116.141128540039,-57.3562355041504,-101.735748291016
32.2395980724814,-116.031280517578,-57.2577934265137,-101.99340057373
32.2562652062707,-116.107604980469,-57.4136543273926,-102.104705810547
32.2729323400599,-116.121383666992,-57.4152603149414,-102.388305664062
32.2895994738501,-116.345733642578,-57.732120513916,-102.58422088623
32.3062666076385,-116.864295959473,-58.2410850524902,-102.545486450195
32.3229337414286,-117.288108825684,-58.4307403564453,-102.584571838379
32.3396008752179,-117.754730224609,-58.5244903564453,-102.517288208008
32.3562680090072,-118.138244628906,-58.4878311157227,-102.429191589355
32.3729351427965,-118.434303283691,-58.3616981506348,-102.402420043945
32.3896022765857,-118.587219238281,-58.135440826416,-102.473899841309
32.406269410375,-118.501586914062,-57.8452758789062,-102.785507202148
32.4229365441643,-118.245986938477,-57.6028594970703,-103.227180480957
32.4396036779544,-117.749320983887,-57.4058151245117,-103.90502166748
32.4562708117428,-117.110168457031,-57.2526702880859,-104.732963562012
32.472937945533,-116.420478820801,-57.1695556640625,-105.62084197998
32.4896050793222,-115.765426635742,-57.1509780883789,-106.499076843262
32.5062722131115,-115.215255737305,-57.2032852172852,-107.287902832031
32.5229393469008,-114.789047241211,-57.2737045288086,-107.958717346191
32.5396064806901,-114.562393188477,-57.4059715270996,-108.399871826172
32.5562736144793,-114.46263885498,-57.5644798278809,-108.708534240723
32.5729407482686,-114.39234161377,-57.6929969787598,-108.979431152344
32.5896078820588,-114.323593139648,-57.7983856201172,-109.210205078125
32.6062750158471,-114.225708007812,-57.8843231201172,-109.433486938477
32.6229421496373,-114.062545776367,-57.9186515808105,-109.677543640137
32.6396092834266,-113.852668762207,-57.9488296508789,-109.928985595703
32.6562764172158,-113.62474822998,-57.9857711791992,-110.170417785645
32.6729435510051,-113.437286376953,-57.9872741699219,-110.37279510498
32.6896106847944,-113.314079284668,-58.0209197998047,-110.475685119629
32.7062778185837,-113.296188354492,-58.0546226501465,-110.430519104004
32.7229449523729,-113.418991088867,-58.1070098876953,-110.225433349609
32.7396120861631,-113.64022064209,-58.1565971374512,-109.936653137207
32.7562792199515,-113.853088378906,-58.2480316162109,-109.681632995605
32.7729463537416,-114.011993408203,-58.4709358215332,-109.516784667969
32.7896134875309,-114.156707763672,-58.8072738647461,-109.417198181152
32.8062806213202,-114.304786682129,-59.1080627441406,-109.332504272461
32.8229477551095,-114.408744812012,-59.1858520507812,-109.273513793945
32.8396148888987,-114.177612304688,-58.9897499084473,-109.504264831543
32.856282022688,-114.052536010742,-59.2339019775391,-109.540451049805
32.8729491564773,-113.579521179199,-59.0332450866699,-109.827842712402
32.8896162902674,-113.389625549316,-59.0620727539062,-109.862152099609
32.9062834240558,-113.38932800293,-59.161506652832,-109.651588439941
32.922950557846,-113.591339111328,-59.2619857788086,-109.337921142578
32.9396176916352,-113.814575195312,-59.378303527832,-109.088668823242
32.9562848254245,-113.932502746582,-59.4072036743164,-108.961883544922
32.9729519592138,-113.92113494873,-59.6243362426758,-108.966949462891
32.9896190930031,-113.65348815918,-59.6329689025879,-109.182159423828
33.0062862267923,-113.263702392578,-59.5756988525391,-109.510856628418
33.0229533605816,-112.751571655273,-59.3969039916992,-109.895355224609
33.0396204943718,-112.190658569336,-59.2017440795898,-110.302528381348
33.0562876281601,-111.658042907715,-58.9780883789062,-110.646011352539
33.0729547619503,-111.289459228516,-58.7411918640137,-110.802940368652
33.0896218957396,-111.093711853027,-58.5293045043945,-110.757873535156
33.1062890295289,-111.094833374023,-58.3294334411621,-110.495361328125
33.1229561633181,-111.284301757812,-58.1300048828125,-110.02904510498
33.1396232971074,-111.599311828613,-57.9545707702637,-109.430503845215
33.1562904308967,-111.97819519043,-57.8235702514648,-108.759750366211
33.1729575646859,-112.347473144531,-57.7597541809082,-108.095527648926
33.1896246984761,-112.667007446289,-57.7530059814453,-107.504455566406
33.2062918322645,-112.884292602539,-57.7859573364258,-107.051773071289
33.2229589660546,-112.994018554688,-57.8294486999512,-106.754531860352
33.2396260998439,-113.002548217773,-57.8620643615723,-106.620346069336
33.2562932336332,-112.954429626465,-57.8790855407715,-106.605682373047
33.2729603674225,-112.867584228516,-57.9056205749512,-106.690856933594
33.2896275012117,-112.778350830078,-57.9477615356445,-106.852241516113
33.306294635001,-112.738540649414,-57.9811630249023,-107.015838623047
33.3229617687903,-112.781517028809,-58.0262336730957,-107.142227172852
33.3396289025804,-112.97924041748,-58.0814170837402,-107.131469726562
33.3562960363688,-113.343742370605,-58.1318359375,-106.954109191895
33.372963170159,-113.851295471191,-58.144115447998,-106.642822265625
33.3896303039483,-114.455276489258,-58.2508583068848,-106.244834899902
33.4062974377375,-115.185920715332,-58.4094505310059,-105.705169677734
33.4229645715268,-115.936126708984,-58.5282821655273,-105.141860961914
33.4396317053161,-116.627487182617,-58.514102935791,-104.622886657715
33.4562988391053,-117.018287658691,-58.3007736206055,-104.405654907227
33.4729659728946,-117.098129272461,-58.2660636901855,-104.536766052246
33.4896331066848,-117.012741088867,-58.2446022033691,-104.839004516602
33.506300240474,-116.773666381836,-58.1947898864746,-105.33634185791
33.5229673742633,-116.69652557373,-58.2408790588379,-105.675331115723
33.5396345080526,-116.751129150391,-58.1908760070801,-105.912811279297
33.5563016418419,-116.878387451172,-58.0998725891113,-106.085182189941
33.5729687756311,-117.200996398926,-58.0386734008789,-105.995750427246
33.5896359094204,-117.511901855469,-57.9316215515137,-105.906341552734
33.6063030432097,-117.905487060547,-57.9651641845703,-105.705703735352
33.6229701769989,-118.295379638672,-58.0015716552734,-105.485855102539
33.6396373107891,-118.554695129395,-57.956859588623,-105.417282104492
33.6563044445784,-118.576316833496,-57.9331855773926,-105.551132202148
33.6729715783677,-118.352890014648,-57.9014739990234,-105.882553100586
33.6896387121569,-117.867767333984,-57.8698997497559,-106.44482421875
33.7063058459462,-117.207191467285,-57.8495292663574,-107.161514282227
33.7229729797355,-116.452484130859,-57.8445587158203,-107.952293395996
33.7396401135247,-115.69229888916,-57.8741874694824,-108.745018005371
33.756307247314,-114.955406188965,-57.9245872497559,-109.523384094238
33.7729743811033,-114.350204467773,-58.0111999511719,-110.165138244629
33.7896415148934,-113.839950561523,-58.129150390625,-110.697395324707
33.8063086486827,-113.386116027832,-58.1864318847656,-111.178985595703
33.822975782472,-113.016006469727,-58.2181167602539,-111.572319030762
33.8396429162613,-112.718658447266,-58.2504348754883,-111.894775390625
33.8563100500505,-112.467330932617,-58.245906829834,-112.173797607422
33.8729771838398,-112.227317810059,-58.2463111877441,-112.440643310547
33.8896443176291,-112.021705627441,-58.2885551452637,-112.681755065918
33.9063114514183,-111.901161193848,-58.3631935119629,-112.861106872559
33.9229785852076,-111.871719360352,-58.3888702392578,-112.980163574219
33.9396457189978,-111.93489074707,-58.3762626647949,-113.010925292969
33.9563128527871,-112.02522277832,-58.4794807434082,-113.000663757324
33.9729799865763,-112.219604492188,-58.5516395568848,-112.879417419434
33.9896471203656,-112.482200622559,-58.6176681518555,-112.749061584473
34.0063142541549,-112.742774963379,-58.7477340698242,-112.640678405762
34.0229813879441,-112.930938720703,-58.9460487365723,-112.612655639648
34.0396485217334,-113.136413574219,-59.2055549621582,-112.588088989258
34.0563156555227,-113.366752624512,-59.4414291381836,-112.542221069336
34.0729827893119,-113.578109741211,-59.6205596923828,-112.469444274902
34.0896499231021,-113.758506774902,-59.6909790039062,-112.34691619873
34.1063170568914,-113.799392700195,-59.2342300415039,-112.251182556152
34.1229841906807,-113.733917236328,-59.4475975036621,-112.101776123047
34.1396513244699,-114.04647064209,-59.4993629455566,-111.428855895996
34.1563184582592,-114.181060791016,-59.5359649658203,-111.016830444336
34.1729855920485,-114.690582275391,-59.805793762207,-110.184326171875
34.1896527258377,-115.346298217773,-60.1767807006836,-109.266036987305
34.206319859627,-115.971343994141,-60.5690536499023,-108.47925567627
34.2229869934163,-116.34041595459,-60.9227409362793,-108.001899719238
34.2396541272064,-116.467269897461,-61.1123542785645,-107.775497436523
34.2563212609957,-116.364715576172,-61.2773895263672,-107.719505310059
34.272988394785,-116.08479309082,-61.1763725280762,-107.778121948242
34.2896555285743,-115.724319458008,-61.031135559082,-107.941108703613
34.3063226623635,-115.457290649414,-60.8594055175781,-107.993675231934
34.3229897961528,-115.341255187988,-60.704174041748,-107.912757873535
34.3396569299421,-115.43514251709,-60.5742149353027,-107.640953063965
34.3563240637313,-115.76318359375,-60.4616966247559,-107.145294189453
34.3729911975206,-116.276168823242,-60.3585739135742,-106.471832275391
34.3896583313108,-116.912826538086,-60.2693099975586,-105.672508239746
34.4063254651001,-117.597496032715,-60.1901550292969,-104.814514160156
34.4229925988893,-118.272705078125,-60.1260757446289,-103.972846984863
34.4396597326786,-118.836128234863,-60.0884323120117,-103.245742797852
34.4563268664679,-119.219383239746,-60.0769157409668,-102.707107543945
34.4729940002571,-119.419929504395,-60.0792617797852,-102.351013183594
34.4896611340464,-119.50382232666,-60.0505867004395,-102.141784667969
34.5063282678357,-119.447265625,-59.9971809387207,-102.109619140625
34.5229954016249,-119.282928466797,-59.9345016479492,-102.227546691895
34.5396625354151,-119.054351806641,-59.8669013977051,-102.462951660156
34.5563296692044,-118.785705566406,-59.7873840332031,-102.765045166016
34.5729968029937,-118.506828308105,-59.6763114929199,-103.109191894531
34.5896639367829,-118.322746276855,-59.6096038818359,-103.363189697266
34.6063310705722,-118.270385742188,-59.5678482055664,-103.511734008789
34.6229982043615,-118.340278625488,-59.5763244628906,-103.545997619629
34.6396653381507,-118.555969238281,-59.6282768249512,-103.428733825684
34.65633247194,-118.864677429199,-59.7573318481445,-103.226081848145
34.6729996057293,-119.268447875977,-59.9203567504883,-102.94075012207
34.6896667395195,-119.627090454102,-60.0115814208984,-102.697425842285
34.7063338733087,-119.794609069824,-59.8577308654785,-102.631217956543
34.723001007098,-119.704719543457,-59.8657836914062,-102.825332641602
34.7396681408873,-119.858909606934,-60.0989799499512,-102.775032043457
34.7563352746765,-119.949546813965,-60.1953468322754,-102.785491943359
34.7730024084658,-120.511459350586,-60.5662803649902,-102.350471496582
34.7896695422551,-121.418037414551,-61.031852722168,-101.571655273438
34.8063366760443,-122.612022399902,-61.6922721862793,-100.494155883789
34.8230038098336,-124.084129333496,-62.4216651916504,-99.0295486450195
34.8396709436238,-125.848556518555,-63.1648941040039,-97.2044525146484
34.8563380774131,-128.011093139648,-63.9777679443359,-94.9229888916016
34.8730052112023,-130.366333007812,-64.7462768554688,-92.392822265625
34.8896723449916,-132.700241088867,-65.3717956542969,-89.8549880981445
34.9063394787809,-134.819946289062,-65.9309310913086,-87.5119781494141
34.9230066125701,-136.690017700195,-66.4053039550781,-85.3681335449219
34.9396737463594,-138.008270263672,-66.7193222045898,-83.7552795410156
34.9563408801487,-138.920913696289,-66.9977340698242,-82.5570678710938
34.9730080139379,-139.518020629883,-67.2677307128906,-81.6860122680664
34.9896751477281,-139.953521728516,-67.5392761230469,-81.0270843505859
35.0063422815174,-140.459945678711,-67.8255767822266,-80.3440628051758
35.0230094153067,-141.187377929688,-68.0703506469727,-79.4599075317383
35.0396765490959,-142.02702331543,-68.2781066894531,-78.4873123168945
35.0563436828852,-142.88835144043,-68.4512710571289,-77.4884033203125
35.0730108166745,-143.632949829102,-68.5972061157227,-76.6007385253906
35.0896779504637,-144.239929199219,-68.7422103881836,-75.8112869262695
35.106345084253,-144.661346435547,-68.8981552124023,-75.17822265625
35.1230122180423,-144.95166015625,-69.0445098876953,-74.6019821166992
35.1396793518325,-145.09587097168,-69.1445083618164,-74.1134643554688
35.1563464856217,-145.147888183594,-69.2316055297852,-73.6691131591797
35.173013619411,-145.147125244141,-69.3302383422852,-73.2499923706055
35.1896807532003,-145.118865966797,-69.3947219848633,-72.8583374023438
35.2063478869895,-145.08039855957,-69.4475631713867,-72.493278503418
35.2230150207788,-144.981857299805,-69.4712219238281,-72.1955337524414
35.2396821545681,-144.694213867188,-69.5567779541016,-72.1211395263672
35.2563492883573,-144.460861206055,-69.7759857177734,-72.0453720092773
35.2730164221466,-144.397445678711,-70.0466156005859,-71.8404922485352
35.2896835559368,-144.33869934082,-70.3046951293945,-71.7089538574219
35.3063506897261,-144.087493896484,-70.5350341796875,-71.8784790039062
35.3230178235153,-142.789215087891,-70.4084930419922,-73.1773376464844
35.3396849573046,-141.253875732422,-70.5072174072266,-74.6941604614258
35.3563520910939,-139.890274047852,-70.5165100097656,-76.0847320556641
35.3730192248831,-137.16780090332,-70.3040390014648,-78.9106903076172
35.3896863586724,-134.278686523438,-70.0105361938477,-82.044319152832
35.4063534924617,-131.066802978516,-69.5698928833008,-85.6072540283203
35.4230206262509,-128.146423339844,-68.9652786254883,-88.9699325561523
35.4396877600411,-125.684226989746,-68.1025695800781,-91.8899993896484
35.4563548938304,-123.757759094238,-67.3630142211914,-94.3038177490234
35.4730220276197,-122.433311462402,-66.6206741333008,-96.0676193237305
35.4896891614089,-121.235610961914,-65.8930740356445,-97.7104339599609
35.5063562951982,-120.181289672852,-65.2049713134766,-99.1590347290039
35.5230234289875,-119.279899597168,-64.6519927978516,-100.384162902832
35.5396905627767,-118.491600036621,-64.1654052734375,-101.431694030762
35.556357696566,-117.908302307129,-63.7401237487793,-102.198120117188
35.5730248303553,-117.507957458496,-63.3700180053711,-102.689430236816
35.5896919641455,-117.313148498535,-63.0675621032715,-102.873992919922
35.6063590979347,-117.321762084961,-62.7608871459961,-102.793388366699
35.623026231724,-117.511260986328,-62.5007514953613,-102.458930969238
35.6396933655133,-117.841049194336,-62.2678031921387,-101.917793273926
35.6563604993025,-118.195770263672,-62.0357322692871,-101.292770385742
35.6730276330918,-118.435592651367,-61.7820320129395,-100.748504638672
35.6896947668811,-118.506118774414,-61.5427932739258,-100.324722290039
35.7063619006703,-118.415550231934,-61.3077659606934,-100.063911437988
35.7230290344596,-118.228965759277,-61.1140670776367,-99.9372406005859
35.7396961682498,-118.00065612793,-60.9959526062012,-99.944206237793
35.7563633020391,-117.847618103027,-60.941707611084,-99.9453430175781
35.7730304358283,-117.688957214355,-60.8544807434082,-100.024307250977
35.7896975696176,-117.522514343262,-60.789421081543,-100.186668395996
35.8063647034069,-117.422492980957,-60.7646064758301,-100.308746337891
35.8230318371961,-117.46736907959,-60.7466239929199,-100.331748962402
35.8396989709854,-117.694664001465,-60.7328872680664,-100.194023132324
35.8563661047747,-118.084465026855,-60.6908950805664,-99.9134292602539
35.8730332385639,-118.571960449219,-60.6773719787598,-99.5650787353516
35.8897003723541,-119.08251953125,-60.6566581726074,-99.2116394042969
35.9063675061434,-119.420944213867,-60.4801864624023,-99.0569000244141
35.9230346399327,-119.423957824707,-60.2275428771973,-99.2883453369141
35.9397017737219,-119.551872253418,-60.4256858825684,-99.4608840942383
35.9563689075112,-119.575302124023,-60.2969856262207,-99.7479705810547
35.9730360413005,-119.681953430176,-60.3721466064453,-100.075836181641
35.9897031750897,-120.070602416992,-60.6693534851074,-100.190979003906
36.006370308879,-120.545478820801,-60.955696105957,-100.268363952637
36.0230374426683,-120.891616821289,-60.8122138977051,-100.366706848145
36.0397045764585,-121.132736206055,-60.6104011535645,-100.495613098145
36.0563717102477,-121.319053649902,-60.4353942871094,-100.582214355469
36.073038844037,-121.517211914062,-60.1693649291992,-100.619178771973
36.0897059778263,-121.626953125,-59.8282928466797,-100.72770690918
36.1063731116155,-121.583885192871,-59.6136131286621,-100.94743347168
36.1230402454048,-121.314819335938,-59.4682235717773,-101.343376159668
36.1397073791941,-120.803657531738,-59.3887901306152,-101.959838867188
36.1563745129833,-120.160530090332,-59.3728332519531,-102.68042755127
36.1730416467726,-119.510307312012,-59.3850517272949,-103.401947021484
36.1897087805628,-118.978317260742,-59.4482803344727,-103.993049621582
36.2063759143521,-118.556365966797,-59.5306167602539,-104.470344543457
36.2230430481413,-118.28685760498,-59.6028671264648,-104.772415161133
36.2397101819306,-118.104904174805,-59.697998046875,-104.963981628418
36.2563773157199,-117.898109436035,-59.726001739502,-105.164001464844
36.2730444495091,-117.639289855957,-59.6902732849121,-105.423240661621
36.2897115832984,-117.346420288086,-59.6593742370605,-105.689544677734
36.3063787170877,-117.031631469727,-59.5770225524902,-105.961769104004
36.323045850877,-116.702102661133,-59.4654846191406,-106.220207214355
36.3397129846671,-116.386436462402,-59.4077491760254,-106.448913574219
36.3563801184564,-116.19605255127,-59.4134330749512,-106.558036804199
36.3730472522457,-116.189483642578,-59.4137725830078,-106.499496459961
36.3897143860349,-116.293617248535,-59.4415588378906,-106.326148986816
36.4063815198242,-116.530967712402,-59.4611701965332,-105.976409912109
36.4230486536135,-116.790649414062,-59.4638862609863,-105.612762451172
36.4397157874027,-116.961242675781,-59.4776649475098,-105.342460632324
36.4563829211929,-117.019035339355,-59.6146011352539,-105.196281433105
36.4730500549813,-117.037124633789,-59.7920112609863,-105.086585998535
36.4897171887715,-117.073333740234,-59.934253692627,-104.96541595459
36.5063843225607,-117.050605773926,-60.0065307617188,-104.893936157227
36.52305145635,-116.737030029297,-59.5159111022949,-105.081413269043
36.5397185901393,-116.322563171387,-59.6883277893066,-105.278587341309
36.5563857239285,-116.479148864746,-59.7504539489746,-104.800048828125
36.5730528577178,-116.538383483887,-59.8668479919434,-104.535614013672
36.5897199915071,-117.101043701172,-60.0733604431152,-103.716361999512
36.6063871252973,-117.712631225586,-60.3445053100586,-102.967109680176
36.6230542590856,-118.15690612793,-60.6806106567383,-102.525901794434
36.6397213928758,-118.169776916504,-60.9129524230957,-102.57649230957
36.6563885266651,-117.894721984863,-61.1129341125488,-102.909126281738
36.6730556604543,-117.25212097168,-61.1883316040039,-103.586906433105
36.6897227942436,-116.488441467285,-61.1552543640137,-104.36385345459
36.7063899280329,-115.694061279297,-61.0309562683105,-105.151443481445
36.7230570618221,-115.113220214844,-60.9138946533203,-105.685249328613
36.7397241956114,-114.717590332031,-60.7781944274902,-106.003509521484
36.7563913294016,-114.537734985352,-60.6233062744141,-106.067977905273
36.77305846319,-114.536880493164,-60.4886474609375,-105.93286895752
36.7897255969801,-114.67993927002,-60.3989410400391,-105.615608215332
36.8063927307694,-114.90389251709,-60.3206520080566,-105.182647705078
36.8230598645587,-115.179000854492,-60.262077331543,-104.667343139648
36.8397269983479,-115.44164276123,-60.2249603271484,-104.140151977539
36.8563941321372,-115.677886962891,-60.2123680114746,-103.647674560547
36.8730612659265,-115.847961425781,-60.2412185668945,-103.201484680176
36.8897283997158,-115.935943603516,-60.2459907531738,-102.891296386719
36.9063955335059,-115.965385437012,-60.2182731628418,-102.685897827148
36.9230626672943,-115.921928405762,-60.1440925598145,-102.580780029297
36.9397298010845,-115.849220275879,-60.0319137573242,-102.543296813965
36.9563969348737,-115.781669616699,-59.8830986022949,-102.52806854248
36.973064068663,-115.746917724609,-59.7397041320801,-102.526573181152
36.9897312024523,-115.806312561035,-59.628547668457,-102.48713684082
37.0063983362415,-116.038780212402,-59.5583343505859,-102.319488525391
37.0230654700308,-116.424438476562,-59.5312461853027,-102.048385620117
37.0397326038201,-116.923316955566,-59.5240592956543,-101.690299987793
37.0563997376103,-117.421119689941,-59.505558013916,-101.32495880127
37.0730668713986,-117.884979248047,-59.4958038330078,-100.969459533691
37.0897340051888,-118.302116394043,-59.5026817321777,-100.63289642334
37.1064011389781,-118.62410736084,-59.4744110107422,-100.372344970703
37.1230682727673,-118.876113891602,-59.3452110290527,-100.198883056641
37.1397354065566,-119.095085144043,-59.3418579101562,-100.091781616211
37.1564025403459,-119.625877380371,-59.638111114502,-99.7222137451172
37.1730696741351,-119.987655639648,-59.5938529968262,-99.5718612670898
37.1897368079244,-120.50122833252,-59.886157989502,-99.3892822265625
37.2064039417146,-121.121688842773,-60.2334785461426,-99.1039352416992
37.223071075503,-121.575729370117,-60.3408622741699,-99.0075378417969
37.2397382092931,-122.047492980957,-60.3953285217285,-98.8272705078125
37.2564053430824,-122.421112060547,-60.3427543640137,-98.6631698608398
37.2730724768717,-122.678298950195,-60.2058181762695,-98.5748748779297
37.2897396106609,-122.761299133301,-59.9885902404785,-98.6108322143555
37.3064067444502,-122.604072570801,-59.7455978393555,-98.8755874633789
37.3230738782395,-122.269119262695,-59.5264587402344,-99.2930374145508
37.3397410120288,-121.813491821289,-59.3964538574219,-99.8293228149414
37.3564081458189,-121.29256439209,-59.3117446899414,-100.442642211914
37.3730752796073,-120.749237060547,-59.3023872375488,-101.099502563477
37.3897424133975,-120.234413146973,-59.3595886230469,-101.745323181152
37.4064095471867,-119.785957336426,-59.4482803344727,-102.34147644043
37.423076680976,-119.408432006836,-59.5312042236328,-102.876449584961
37.4397438147653,-119.152252197266,-59.611083984375,-103.266784667969
37.4564109485545,-118.908569335938,-59.727237701416,-103.622505187988
37.4730780823438,-118.670532226562,-59.8207664489746,-103.984230041504
37.4897452161331,-118.448348999023,-59.8893814086914,-104.322219848633
37.5064123499233,-118.208389282227,-59.9448890686035,-104.656326293945
37.5230794837116,-117.938026428223,-59.9855766296387,-105.011375427246
37.5397466175018,-117.640594482422,-60.0277328491211,-105.373931884766
37.5564137512911,-117.345359802246,-60.0533447265625,-105.730697631836
37.5730808850803,-117.113403320312,-60.1090240478516,-106.02912902832
37.5897480188696,-116.965515136719,-60.1540641784668,-106.255310058594
37.6064151526589,-116.917297363281,-60.1864128112793,-106.370010375977
37.6230822864482,-116.93807220459,-60.1935691833496,-106.402488708496
37.6397494202374,-116.982574462891,-60.1722946166992,-106.425605773926
37.6564165540276,-116.98656463623,-60.1726303100586,-106.512214660645
37.673083687816,-116.947975158691,-60.3144798278809,-106.677963256836
37.6897508216061,-116.885818481445,-60.5402374267578,-106.896545410156
37.7064179553954,-116.857627868652,-60.7966537475586,-107.108863830566
37.7230850891847,-116.905654907227,-61.0111427307129,-107.19393157959
37.7397522229739,-117.004280090332,-61.0856285095215,-107.140701293945
37.7564193567632,-116.863838195801,-60.7365074157715,-107.19116973877
37.7730864905525,-116.888511657715,-61.0636138916016,-106.952140808105
37.7897536243418,-117.113456726074,-60.9660148620605,-106.408340454102
37.8064207581319,-117.243507385254,-61.0522117614746,-106.007713317871
37.8230878919203,-117.794044494629,-61.2937698364258,-105.090217590332
37.8397550257105,-118.275726318359,-61.4877548217773,-104.315055847168
37.8564221594997,-118.598152160645,-61.722038269043,-103.772094726562
37.873089293289,-118.592880249023,-61.8178024291992,-103.563751220703
37.8897564270783,-118.259552001953,-61.9767875671387,-103.675437927246
37.9064235608676,-117.571022033691,-61.9251670837402,-104.077499389648
37.9230906946568,-116.611534118652,-61.7418251037598,-104.749816894531
37.9397578284461,-115.523796081543,-61.4786376953125,-105.509063720703
37.9564249622363,-114.610641479492,-61.1964530944824,-106.088493347168
37.9730920960246,-113.9111328125,-60.8919105529785,-106.465995788574
37.9897592298148,-113.497657775879,-60.6114082336426,-106.570640563965
38.0064263636041,-113.296813964844,-60.4196701049805,-106.492584228516
38.0230934973933,-113.237983703613,-60.3210067749023,-106.318824768066
38.0397606311826,-113.314826965332,-60.3162879943848,-106.03687286377
38.0564277649719,-113.490585327148,-60.359447479248,-105.683113098145
38.0730948987612,-113.685302734375,-60.4252166748047,-105.344955444336
38.0897620325504,-113.806632995605,-60.4753074645996,-105.109085083008
38.1064291663406,-113.781623840332,-60.5359954833984,-105.025276184082
38.123096300129,-113.626068115234,-60.5365676879883,-105.122505187988
38.1397634339191,-113.391738891602,-60.4781036376953,-105.328010559082
38.1564305677084,-113.119598388672,-60.3914527893066,-105.608116149902
38.1730977014977,-112.843040466309,-60.2740364074707,-105.942359924316
38.189764835287,-112.560989379883,-60.1623420715332,-106.303756713867
38.2064319690762,-112.354751586914,-60.0523681640625,-106.620010375977
38.2230991028655,-112.289680480957,-60.0043067932129,-106.842002868652
38.2397662366548,-112.438011169434,-59.9996337890625,-106.885238647461
38.2564333704449,-112.856643676758,-60.0544471740723,-106.725540161133
38.2731005042333,-113.385627746582,-60.058666229248,-106.480293273926
38.2897676380235,-113.930541992188,-60.0942573547363,-106.204788208008
38.3064347718127,-114.488906860352,-60.1850471496582,-105.927810668945
38.323101905602,-115.033744812012,-60.2623443603516,-105.686393737793
38.3397690393913,-115.493064880371,-60.1548957824707,-105.54500579834
38.3564361731806,-115.52180480957,-59.8796119689941,-105.816764831543
38.3731033069698,-115.555549621582,-60.1119499206543,-106.143608093262
38.3897704407591,-115.27571105957,-60.0081100463867,-106.766593933105
38.4064375745493,-115.065887451172,-60.0833587646484,-107.391159057617
38.4231047083376,-115.003623962402,-60.4002838134766,-107.905006408691
38.4397718421278,-115.180625915527,-60.4199104309082,-108.137725830078
38.4564389759171,-115.452980041504,-60.4125175476074,-108.271064758301
38.4731061097064,-115.850524902344,-60.4772148132324,-108.176094055176
38.4897732434956,-116.197174072266,-60.4053192138672,-108.067710876465
38.5064403772849,-116.509178161621,-60.3293342590332,-107.950836181641
38.5231075110742,-116.749000549316,-60.236400604248,-107.861419677734
38.5397746448634,-116.846755981445,-60.127857208252,-107.897483825684
38.5564417786536,-116.753135681152,-60.0376625061035,-108.066612243652
38.573108912442,-116.411613464355,-59.9650993347168,-108.459800720215
38.5897760462321,-115.838722229004,-59.9351768493652,-109.077903747559
38.6064431800214,-115.184295654297,-59.9586524963379,-109.779579162598
38.6231103138107,-114.547821044922,-60.0431480407715,-110.492988586426
38.6397774476,-114.011940002441,-60.1531829833984,-111.112159729004
38.6564445813892,-113.640068054199,-60.3062210083008,-111.564384460449
38.6731117151785,-113.359298706055,-60.4624137878418,-111.929138183594
38.6897788489678,-113.129432678223,-60.5710601806641,-112.226654052734
38.7064459827579,-112.964530944824,-60.641902923584,-112.430648803711
38.7231131165463,-112.748245239258,-60.6964912414551,-112.656806945801
38.7397802503365,-112.50537109375,-60.756908416748,-112.884094238281
38.7564473841257,-112.22282409668,-60.8148994445801,-113.11319732666
38.773114517915,-111.961418151855,-60.8689880371094,-113.287300109863
38.7897816517043,-111.755973815918,-60.9432601928711,-113.386817932129
38.8064487854936,-111.665176391602,-61.0354652404785,-113.366493225098
38.8231159192828,-111.696304321289,-61.1185493469238,-113.216499328613
38.8397830530721,-111.871025085449,-61.1698913574219,-112.905181884766
38.8564501868623,-112.176788330078,-61.1684989929199,-112.469551086426
38.8731173206506,-112.459365844727,-61.1436576843262,-112.079391479492
38.8897844544408,-112.659553527832,-61.2043151855469,-111.814460754395
38.9064515882301,-112.820663452148,-61.3500518798828,-111.634590148926
38.9231187220194,-112.992805480957,-61.4823226928711,-111.46607208252
38.9397858558086,-113.162124633789,-61.6030349731445,-111.323768615723
38.9564529895979,-113.264518737793,-61.6899948120117,-111.242088317871
38.9731201233872,-113.279518127441,-61.4422225952148,-111.19100189209
38.9897872571764,-113.052917480469,-61.2130851745605,-111.240615844727
39.0064543909666,-113.558822631836,-61.471752166748,-110.509857177734
39.023121524755,-113.938774108887,-61.3177833557129,-109.916458129883
39.0397886585451,-114.918960571289,-61.5096664428711,-108.795219421387
39.0564557923344,-115.958976745605,-61.703254699707,-107.591529846191
39.0731229261237,-116.987464904785,-61.9956932067871,-106.47282409668
39.089790059913,-117.716606140137,-62.0873146057129,-105.639320373535
39.1064571937022,-118.128067016602,-62.2427978515625,-105.145942687988
39.1231243274915,-118.155952453613,-62.2236099243164,-104.949478149414
39.1397914612808,-117.798057556152,-62.1162490844727,-105.114776611328
39.1564585950709,-117.088050842285,-61.8971977233887,-105.583724975586
39.1731257288593,-116.320976257324,-61.7155532836914,-106.086822509766
39.1897928626495,-115.566787719727,-61.5148696899414,-106.559043884277
39.2064599964388,-115.030853271484,-61.3314170837402,-106.811294555664
39.223127130228,-114.778762817383,-61.2333030700684,-106.820571899414
39.2397942640173,-114.862266540527,-61.2141036987305,-106.527153015137
39.2564613978066,-115.29475402832,-61.25537109375,-105.914489746094
39.2731285315958,-116.025665283203,-61.3619346618652,-105.024681091309
39.2897956653851,-116.950378417969,-61.5097808837891,-103.947692871094
39.3064627991753,-118.022827148438,-61.6923065185547,-102.74047088623
39.3231299329636,-119.209274291992,-61.9320793151855,-101.453887939453
39.3397970667538,-120.499565124512,-62.1947479248047,-100.065963745117
39.3564642005431,-121.831031799316,-62.4227333068848,-98.6664581298828
39.3731313343324,-123.164306640625,-62.5946083068848,-97.2764129638672
39.3897984681216,-124.41716003418,-62.7177352905273,-95.9767913818359
39.4064656019109,-125.587074279785,-62.7959480285645,-94.7867965698242
39.4231327357002,-126.631492614746,-62.872486114502,-93.7312850952148
39.4397998694894,-127.572959899902,-62.9837074279785,-92.8217086791992
39.4564670032796,-128.511337280273,-63.1144371032715,-91.9643173217773
39.473134137068,-129.398010253906,-63.2075614929199,-91.2114868164062
39.4898012708582,-130.200012207031,-63.2907676696777,-90.5870971679688
39.5064684046474,-130.932144165039,-63.3798065185547,-90.0446548461914
39.5231355384367,-131.739639282227,-63.5180816650391,-89.4692916870117
39.539802672226,-132.529052734375,-63.6077003479004,-88.9322967529297
39.5564698060152,-132.960571289062,-63.4767684936523,-88.7649612426758
39.5731369398045,-133.260101318359,-63.6268005371094,-88.7458419799805
39.5898040735938,-133.417343139648,-63.6080207824707,-88.8524398803711
39.6064712073839,-133.252639770508,-63.7454452514648,-89.3351974487305
39.6231383411723,-133.446441650391,-63.9641952514648,-89.440071105957
39.6398054749625,-133.40657043457,-63.9647483825684,-89.727783203125
39.6564726087518,-133.491928100586,-63.7471199035645,-89.8368530273438
39.673139742541,-133.229095458984,-63.3693885803223,-90.1871719360352
39.6898068763303,-132.96110534668,-63.0907707214355,-90.5046691894531
39.7064740101196,-132.497741699219,-62.839900970459,-90.9980773925781
39.7231411439088,-131.857299804688,-62.5923728942871,-91.7017211914062
39.7398082776981,-131.082015991211,-62.4383811950684,-92.5778427124023
39.7564754114883,-130.281814575195,-62.391170501709,-93.4994735717773
39.7731425452766,-129.333282470703,-62.3627815246582,-94.6329116821289
39.7898096790668,-128.310516357422,-62.3692855834961,-95.8886108398438
39.8064768128561,-127.161079406738,-62.3412132263184,-97.3082733154297
39.8231439466454,-125.928131103516,-62.282657623291,-98.8133087158203
39.8398110804346,-124.687675476074,-62.1736755371094,-100.325012207031
39.8564782142239,-123.485382080078,-62.0017929077148,-101.786514282227
39.8731453480132,-122.376937866211,-61.8123054504395,-103.14575958252
39.8898124818024,-121.449821472168,-61.6703338623047,-104.288948059082
39.9064796155926,-120.633613586426,-61.5841674804688,-105.313430786133
39.923146749381,-119.894180297852,-61.485424041748,-106.243309020996
39.9398138831712,-119.263160705566,-61.4281692504883,-107.050857543945
39.9564810169604,-118.710601806641,-61.391544342041,-107.756164550781
39.9731481507497,-118.17854309082,-61.3815460205078,-108.426239013672
39.989815284539,-117.703231811523,-61.4203796386719,-109.039642333984
40.0064824183282,-117.353744506836,-61.4643402099609,-109.531326293945
40.0231495521175,-117.129837036133,-61.4557495117188,-109.903968811035
40.0398166859068,-116.985801696777,-61.4580154418945,-110.18872833252
40.056483819697,-116.908622741699,-61.4569854736328,-110.400238037109
40.0731509534853,-116.842254638672,-61.4774627685547,-110.617195129395
40.0898180872755,-116.794982910156,-61.557544708252,-110.819961547852
40.1064852210648,-116.770332336426,-61.7147903442383,-110.989547729492
40.123152354854,-116.768463134766,-61.8956184387207,-111.113922119141
40.1398194886433,-116.744888305664,-61.9706268310547,-111.226341247559
40.1564866224326,-116.472785949707,-61.6159706115723,-111.532150268555
40.1731537562218,-116.010643005371,-61.5709991455078,-111.915092468262
40.1898208900111,-115.809700012207,-61.4781227111816,-111.934700012207
40.2064880238013,-115.439254760742,-61.3705673217773,-112.150260925293
40.2231551575896,-115.48713684082,-61.385814666748,-111.910614013672
40.2398222913798,-115.732513427734,-61.4468688964844,-111.470985412598
40.2564894251691,-116.018333435059,-61.555850982666,-111.031143188477
40.2731565589584,-116.315032958984,-61.6571235656738,-110.593925476074
40.2898236927476,-116.271949768066,-61.6831741333008,-110.484939575195
40.3064908265369,-116.228935241699,-61.7568359375,-110.32447052002
40.3231579603262,-115.771682739258,-61.6826820373535,-110.571815490723
40.3398250941154,-115.187873840332,-61.5287284851074,-110.89421081543
40.3564922279056,-114.455955505371,-61.3170013427734,-111.313468933105
40.373159361694,-113.724571228027,-61.1134262084961,-111.678421020508
40.3898264954842,-113.024436950684,-60.8879356384277,-112.006958007812
40.4064936292734,-112.488830566406,-60.6958160400391,-112.174438476562
40.4231607630627,-112.19743347168,-60.5893249511719,-112.120002746582
40.439827896852,-112.186897277832,-60.5560531616211,-111.819152832031
40.4564950306412,-112.414596557617,-60.5660209655762,-111.32893371582
40.4731621644305,-112.82844543457,-60.598690032959,-110.677810668945
40.4898292982198,-113.325134277344,-60.6129302978516,-109.939720153809
40.50649643201,-113.785224914551,-60.5685272216797,-109.193321228027
40.5231635657983,-114.113784790039,-60.4345245361328,-108.532043457031
40.5398306995885,-114.284927368164,-60.2580871582031,-108.00267791748
40.5564978333778,-114.292671203613,-60.0663642883301,-107.635063171387
40.573164967167,-114.18635559082,-59.8863754272461,-107.407432556152
40.5898321009563,-114.037406921387,-59.7088851928711,-107.242866516113
40.6064992347456,-113.911964416504,-59.5567359924316,-107.087837219238
40.6231663685348,-113.834373474121,-59.4387855529785,-106.957672119141
40.6398335023241,-113.763687133789,-59.3696517944336,-106.899223327637
40.6565006361143,-113.722679138184,-59.3147773742676,-106.894546508789
40.6731677699026,-113.763870239258,-59.2943687438965,-106.878326416016
40.6898349036928,-113.951759338379,-59.2832221984863,-106.772109985352
40.7065020374821,-114.326812744141,-59.2975921630859,-106.500312805176
40.7231691712714,-114.84033203125,-59.2981796264648,-106.064247131348
40.7398363050606,-115.456825256348,-59.3020324707031,-105.539443969727
40.7565034388499,-116.115989685059,-59.2670211791992,-104.967109680176
40.7731705726392,-116.65259552002,-59.0174674987793,-104.517906188965
40.7898377064284,-117.072257995605,-59.2831115722656,-104.28483581543
40.8065048402186,-117.607666015625,-59.542106628418,-103.965133666992
40.823171974007,-117.955360412598,-59.7210388183594,-103.948417663574
40.8398391077972,-118.431587219238,-60.062370300293,-103.844482421875
40.8565062415864,-118.925590515137,-60.5741958618164,-103.7431640625
40.8731733753757,-119.304023742676,-60.7263259887695,-103.676788330078
40.889840509165,-119.521469116211,-60.6795234680176,-103.720642089844
40.9065076429542,-119.711097717285,-60.7379035949707,-103.763580322266
40.9231747767435,-119.790702819824,-60.6987037658691,-103.918785095215
40.9398419105328,-119.656036376953,-60.4919204711914,-104.340309143066
40.956509044323,-119.295127868652,-60.3186378479004,-105.001457214355
40.9731761781113,-118.731826782227,-60.2082672119141,-105.886665344238
40.9898433119015,-117.971054077148,-60.0964088439941,-107.009925842285
41.0065104456908,-117.140762329102,-60.0323829650879,-108.239891052246
41.02317757948,-116.351440429688,-59.9979476928711,-109.446151733398
41.0398447132693,-115.642074584961,-60.0047225952148,-110.581382751465
41.0565118470586,-115.050796508789,-60.0571899414062,-111.608703613281
41.0731789808478,-114.599060058594,-60.1210403442383,-112.494400024414
41.0898461146371,-114.35343170166,-60.2875823974609,-113.137222290039
41.1065132484273,-114.196258544922,-60.4541015625,-113.695579528809
41.1231803822157,-114.048820495605,-60.5621528625488,-114.21915435791
41.1398475160058,-113.865936279297,-60.6700973510742,-114.738082885742
41.1565146497951,-113.645072937012,-60.7554359436035,-115.254577636719
41.1731817835844,-113.353775024414,-60.8120574951172,-115.798370361328
41.1898489173736,-113.037078857422,-60.869758605957,-116.328269958496
41.2065160511629,-112.759208679199,-60.9177398681641,-116.798805236816
41.2231831849522,-112.550582885742,-60.9535293579102,-117.192520141602
41.2398503187414,-112.416297912598,-60.9657440185547,-117.475456237793
41.2565174525316,-112.361152648926,-60.9530258178711,-117.649421691895
41.27318458632,-112.363578796387,-60.9142913818359,-117.754295349121
41.2898517201102,-112.43155670166,-60.9143104553223,-117.786064147949
41.3065188538994,-112.531196594238,-61.0010681152344,-117.776084899902
41.3231859876887,-112.644432067871,-61.1521453857422,-117.739768981934
41.339853121478,-112.767822265625,-61.3312759399414,-117.670036315918
41.3565202552672,-112.856506347656,-61.4868659973145,-117.605751037598
41.3731873890565,-112.887474060059,-61.2786903381348,-117.529975891113
41.3898545228458,-112.597099304199,-61.2686080932617,-117.679122924805
41.406521656636,-112.986427307129,-61.5956993103027,-117.100654602051
41.4231887904252,-112.975799560547,-61.4530715942383,-116.89623260498
41.4398559242145,-113.557876586914,-61.6328277587891,-116.084541320801
41.4565230580038,-114.17227935791,-61.904914855957,-115.223136901855
41.473190191793,-114.660247802734,-62.1544609069824,-114.589027404785
41.4898573255823,-114.973274230957,-62.3045692443848,-114.164344787598
41.5065244593716,-114.94441986084,-62.5077133178711,-114.094581604004
41.5231915931608,-114.568511962891,-62.5199928283691,-114.261924743652
41.5398587269501,-113.871444702148,-62.3548622131348,-114.720581054688
41.5565258607403,-112.974296569824,-62.0628700256348,-115.316558837891
41.5731929945296,-112.113639831543,-61.768180847168,-115.837989807129
41.5898601283188,-111.396659851074,-61.510082244873,-116.191215515137
41.6065272621081,-110.928062438965,-61.3151397705078,-116.302139282227
41.6231943958974,-110.677726745605,-61.1855125427246,-116.223991394043
41.6398615296866,-110.623680114746,-61.1507873535156,-115.965126037598
41.6565286634759,-110.739448547363,-61.1739463806152,-115.565422058105
41.6731957972652,-111.020248413086,-61.2100372314453,-115.030250549316
41.6898629310544,-111.415176391602,-61.221622467041,-114.404800415039
41.7065300648446,-111.878868103027,-61.1830596923828,-113.709289550781
41.7231971986339,-112.314613342285,-61.072826385498,-113.04239654541
41.7398643324232,-112.676193237305,-60.948844909668,-112.460861206055
41.7565314662124,-112.956329345703,-60.8152275085449,-111.996597290039
41.7731986000017,-113.134628295898,-60.6827812194824,-111.674865722656
41.789865733791,-113.197235107422,-60.5471611022949,-111.476493835449
41.8065328675802,-113.181434631348,-60.4101486206055,-111.34782409668
41.8232000013695,-113.130012512207,-60.2752456665039,-111.267883300781
41.8398671351588,-113.072570800781,-60.1139907836914,-111.216354370117
41.856534268949,-113.06657409668,-59.9945640563965,-111.124656677246
41.8732014027382,-113.154403686523,-59.9320907592773,-110.957305908203
41.8898685365275,-113.415245056152,-59.9380874633789,-110.653472900391
41.9065356703168,-113.868659973145,-60.0296401977539,-110.183959960938
41.923202804106,-114.500923156738,-60.1821174621582,-109.572883605957
41.9398699378953,-115.281761169434,-60.3556289672852,-108.785942077637
41.9565370716846,-116.154716491699,-60.4550437927246,-107.849937438965
41.9732042054738,-116.973449707031,-60.507568359375,-106.930595397949
41.9898713392631,-117.707466125488,-60.4400863647461,-106.102973937988
42.0065384730533,-118.126129150391,-60.4034156799316,-105.666679382324
42.0232056068426,-118.845291137695,-60.8557434082031,-105.033470153809
42.0398727406318,-119.375259399414,-61.0145988464355,-104.618476867676
42.0565398744211,-119.944396972656,-61.3127288818359,-104.263824462891
42.0732070082104,-120.587059020996,-61.8602600097656,-103.910331726074
42.0898741419996,-121.276168823242,-62.3028678894043,-103.533248901367
42.1065412757889,-122.056045532227,-62.5364189147949,-103.049118041992
42.1232084095782,-122.740875244141,-62.593090057373,-102.570854187012
42.1398755433675,-123.337860107422,-62.6858367919922,-102.113914489746
42.1565426771576,-123.76488494873,-62.7246398925781,-101.785911560059
42.1732098109469,-123.97354888916,-62.6693572998047,-101.676963806152
42.1898769447362,-123.904441833496,-62.5982551574707,-101.849349975586
42.2065440785254,-123.648078918457,-62.5287628173828,-102.197807312012
42.2232112123147,-123.16340637207,-62.4704475402832,-102.821258544922
42.239878346104,-122.570175170898,-62.4648666381836,-103.578018188477
42.2565454798932,-121.926856994629,-62.4610557556152,-104.396453857422
42.2732126136825,-121.330085754395,-62.4646301269531,-105.179885864258
42.2898797474718,-120.841758728027,-62.4798202514648,-105.860877990723
42.306546881262,-120.550819396973,-62.5013885498047,-106.347595214844
42.3232140150512,-120.440170288086,-62.5787391662598,-106.642463684082
42.3398811488405,-120.386009216309,-62.5985069274902,-106.892517089844
42.3565482826298,-120.285522460938,-62.5823822021484,-107.181488037109
42.373215416419,-120.125335693359,-62.5731468200684,-107.505348205566
42.3898825502083,-119.864440917969,-62.5611724853516,-107.908180236816
42.4065496839976,-119.539978027344,-62.5395889282227,-108.361785888672
42.4232168177869,-119.146064758301,-62.5270080566406,-108.89315032959
42.4398839515761,-118.721160888672,-62.5096740722656,-109.448516845703
42.4565510853663,-118.32861328125,-62.4961204528809,-109.981513977051
42.4732182191556,-118.022064208984,-62.4149131774902,-110.42259979248
42.4898853529448,-117.769226074219,-62.3171920776367,-110.811019897461
42.5065524867341,-117.523361206055,-62.1889343261719,-111.176040649414
42.5232196205234,-117.192169189453,-62.0564308166504,-111.635925292969
42.5398867543126,-116.797355651855,-61.9619941711426,-112.187507629395
42.5565538881019,-116.386138916016,-61.9465980529785,-112.774047851562
42.5732210218912,-116.025733947754,-61.9697265625,-113.310523986816
42.5898881556805,-115.793273925781,-61.990177154541,-113.705070495605
42.6065552894706,-115.617919921875,-61.8027267456055,-113.98770904541
42.6232224232599,-115.142456054688,-61.3059005737305,-114.447692871094
42.6398895570492,-114.971458435059,-61.4203758239746,-114.482902526855
42.6565566908384,-114.675704956055,-61.078857421875,-114.559043884277
42.6732238246277,-114.608703613281,-61.1717834472656,-114.479415893555
42.689890958417,-114.586349487305,-61.3786277770996,-114.306449890137
42.7065580922063,-114.656051635742,-61.6302528381348,-114.113723754883
42.7232252259955,-114.717658996582,-61.943000793457,-113.985275268555
42.7398923597848,-114.696990966797,-62.10546875,-113.953430175781
42.756559493575,-114.47265625,-62.2738265991211,-114.075477600098
42.7732266273642,-114.031608581543,-62.2541236877441,-114.31273651123
42.7898937611535,-113.405937194824,-62.0586776733398,-114.660186767578
42.8065608949428,-112.635353088379,-61.7597465515137,-115.079933166504
42.823228028732,-111.866752624512,-61.455753326416,-115.448722839355
42.8398951625213,-111.185638427734,-61.1725769042969,-115.684211730957
42.8565622963106,-110.723793029785,-60.9015121459961,-115.665550231934
42.8732294300999,-110.442840576172,-60.6622161865234,-115.463310241699
42.8898965638891,-110.333343505859,-60.4923973083496,-115.110778808594
42.9065636976793,-110.357902526855,-60.4020080566406,-114.666091918945
42.9232308314686,-110.463241577148,-60.3876152038574,-114.191207885742
42.9398979652578,-110.6181640625,-60.4082221984863,-113.715270996094
42.9565650990471,-110.801391601562,-60.4421463012695,-113.265892028809
42.9732322328364,-110.984222412109,-60.4645767211914,-112.879333496094
42.9898993666257,-111.159446716309,-60.4691619873047,-112.562232971191
43.0065665004149,-111.319122314453,-60.4702606201172,-112.31226348877
43.0232336342042,-111.457389831543,-60.4248733520508,-112.109321594238
43.0399007679935,-111.597549438477,-60.3417778015137,-111.924865722656
43.0565679017836,-111.79084777832,-60.2450981140137,-111.67862701416
43.0732350355729,-112.067443847656,-60.1341285705566,-111.338508605957
43.0899021693622,-112.402183532715,-60.0575942993164,-110.888603210449
43.1065693031514,-112.76326751709,-60.070426940918,-110.410942077637
43.1232364369407,-113.190826416016,-60.1247367858887,-109.901840209961
43.13990357073,-113.688018798828,-60.2209739685059,-109.35196685791
43.1565707045193,-114.154083251953,-60.3361511230469,-108.857795715332
43.1732378383085,-114.596611022949,-60.4921531677246,-108.416526794434
43.1899049720978,-115.064498901367,-60.6266441345215,-107.978256225586
43.206572105888,-115.435966491699,-60.7187767028809,-107.678970336914
43.2232392396772,-115.674621582031,-60.7299995422363,-107.545478820801
43.2399063734665,-115.651306152344,-60.468677520752,-107.719314575195
43.2565735072558,-115.554725646973,-60.6628036499023,-108.09521484375
43.273240641045,-115.636962890625,-60.7871742248535,-108.335975646973
43.2899077748343,-115.667289733887,-60.8977355957031,-108.748435974121
43.3065749086236,-116.054954528809,-61.3814277648926,-108.912704467773
43.3232420424129,-116.585266113281,-61.7172431945801,-108.934417724609
43.3399091762021,-117.231384277344,-61.8984756469727,-108.798805236816
43.3565763099923,-117.828330993652,-61.8511123657227,-108.599212646484
43.3732434437816,-118.348068237305,-61.7753753662109,-108.441757202148
43.3899105775708,-118.816444396973,-61.6695251464844,-108.293830871582
43.4065777113601,-119.153419494629,-61.4163513183594,-108.285003662109
43.4232448451494,-119.311218261719,-61.1700668334961,-108.469207763672
43.4399119789387,-119.298927307129,-60.9986572265625,-108.817344665527
43.4565791127279,-119.051513671875,-60.8348503112793,-109.398277282715
43.4732462465172,-118.628807067871,-60.6667671203613,-110.13053894043
43.4899133803065,-118.10440826416,-60.5258598327637,-110.946075439453
43.5065805140966,-117.506629943848,-60.4425430297852,-111.832466125488
43.5232476478859,-116.967567443848,-60.4229431152344,-112.654441833496
43.5399147816752,-116.512649536133,-60.4174652099609,-113.370178222656
43.5565819154644,-116.18563079834,-60.4831085205078,-113.923347473145
43.5732490492537,-115.883735656738,-60.6165351867676,-114.442543029785
43.589916183043,-115.514854431152,-60.7448806762695,-115.038391113281
43.6065833168323,-115.171501159668,-60.8888549804688,-115.582443237305
43.6232504506215,-114.836601257324,-60.9942855834961,-116.077415466309
43.6399175844108,-114.506439208984,-61.0520973205566,-116.511741638184
43.656584718201,-114.128364562988,-61.0599670410156,-116.927688598633
43.6732518519902,-113.737014770508,-61.0594520568848,-117.283294677734
43.6899189857795,-113.417846679688,-61.0295028686523,-117.506767272949
43.7065861195688,-113.179695129395,-60.9707221984863,-117.587539672852
43.7232532533581,-113.030281066895,-60.8890533447266,-117.508819580078
43.7399203871473,-112.934783935547,-60.7887725830078,-117.309112548828
43.7565875209366,-112.807502746582,-60.7019271850586,-117.111625671387
43.7732546547259,-112.557273864746,-60.7244071960449,-117.053665161133
43.7899217885151,-112.270622253418,-60.8731346130371,-117.067985534668
43.8065889223053,-111.986572265625,-61.076774597168,-117.106315612793
43.8232560560946,-111.745552062988,-61.307258605957,-117.128143310547
43.8399231898838,-111.509132385254,-61.3949394226074,-117.156379699707
43.8565903236731,-111.083976745605,-61.1219215393066,-117.330848693848
43.8732574574624,-110.843246459961,-61.5486717224121,-117.316467285156
43.8899245912517,-110.88557434082,-61.6135520935059,-116.91837310791
43.9065917250409,-111.041976928711,-61.6831436157227,-116.492835998535
43.9232588588302,-111.544479370117,-61.9206733703613,-115.649307250977
43.9399259926195,-112.068405151367,-62.1310081481934,-114.790534973145
43.9565931264096,-112.497673034668,-62.210620880127,-114.051445007324
43.9732602601989,-112.604118347168,-62.4120559692383,-113.667961120605
43.9899273939882,-112.494941711426,-62.4754943847656,-113.448776245117
44.0065945277775,-112.021278381348,-62.4459495544434,-113.573120117188
44.0232616615667,-111.265426635742,-62.2534866333008,-113.90242767334
44.039928795356,-110.316474914551,-62.0194282531738,-114.383583068848
44.0565959291453,-109.435394287109,-61.7881202697754,-114.75675201416
44.0732630629345,-108.732276916504,-61.5243225097656,-114.96142578125
44.0899301967238,-108.315689086914,-61.3045082092285,-114.881896972656
44.106597330514,-108.178413391113,-61.1664161682129,-114.569160461426
44.1232644643032,-108.334930419922,-61.1121826171875,-114.019004821777
44.1399315980925,-108.758781433105,-61.0939865112305,-113.243041992188
44.1565987318818,-109.373245239258,-61.0811042785645,-112.307548522949
44.1732658656711,-110.000473022461,-61.0672950744629,-111.373321533203
44.1899329994603,-110.569808959961,-61.0506706237793,-110.535614013672
44.2066001332496,-111.034805297852,-61.0044975280762,-109.831718444824
44.2232672670389,-111.425453186035,-60.9196739196777,-109.227279663086
44.2399344008281,-111.718574523926,-60.7765693664551,-108.749732971191
44.2566015346183,-111.961166381836,-60.5891952514648,-108.353736877441
44.2732686684076,-112.150466918945,-60.4076881408691,-108.058738708496
44.2899358021969,-112.312889099121,-60.2223129272461,-107.833518981934
44.3066029359861,-112.475463867188,-60.0454902648926,-107.659057617188
44.3232700697754,-112.625228881836,-59.8960800170898,-107.51538848877
44.3399372035647,-112.812347412109,-59.7989349365234,-107.350402832031
44.3566043373539,-113.060249328613,-59.7338027954102,-107.162353515625
44.3732714711441,-113.422477722168,-59.706371307373,-106.908584594727
44.3899386049325,-113.868576049805,-59.7065238952637,-106.58975982666
44.4066057387226,-114.422584533691,-59.7321281433105,-106.169769287109
44.4232728725119,-115.110466003418,-59.827220916748,-105.621353149414
44.4399400063012,-115.806434631348,-59.8799209594727,-105.039855957031
44.4566071400905,-116.345100402832,-59.8498420715332,-104.617500305176
44.4732742738797,-116.590438842773,-59.6018714904785,-104.502433776855
44.489941407669,-116.598327636719,-59.7089424133301,-104.70051574707
44.5066085414583,-116.792823791504,-59.841911315918,-104.674163818359
44.5232756752484,-116.836128234863,-59.8684997558594,-104.856819152832
44.5399428090368,-117.14933013916,-60.1589279174805,-104.845718383789
44.556609942827,-117.726699829102,-60.5186386108398,-104.607879638672
44.5732770766163,-118.278877258301,-60.6516647338867,-104.381454467773
44.5899442104055,-118.879951477051,-60.6736145019531,-104.063537597656
44.6066113441948,-119.308410644531,-60.6945495605469,-103.865783691406
44.6232784779841,-119.647445678711,-60.6516647338867,-103.714050292969
44.6399456117733,-119.793312072754,-60.5073471069336,-103.754165649414
44.6566127455626,-119.739952087402,-60.3263778686523,-104.008979797363
44.6732798793528,-119.54573059082,-60.1958045959473,-104.413955688477
44.6899470131411,-119.175010681152,-60.0850105285645,-104.990409851074
44.7066141469313,-118.694129943848,-60.0364761352539,-105.652740478516
44.7232812807206,-118.155265808105,-60.0049209594727,-106.363166809082
44.7399484145099,-117.624435424805,-60.065845489502,-107.081985473633
44.7566155482991,-117.161460876465,-60.1872520446777,-107.72917175293
44.7732826820884,-116.805046081543,-60.3371124267578,-108.275177001953
44.7899498158777,-116.607070922852,-60.5456809997559,-108.643760681152
44.8066169496669,-116.501251220703,-60.7843322753906,-108.941108703613
44.8232840834571,-116.402351379395,-60.9811172485352,-109.256652832031
44.8399512172455,-116.299774169922,-61.1565589904785,-109.576019287109
44.8566183510356,-116.166618347168,-61.3003883361816,-109.942497253418
44.8732854848249,-115.960426330566,-61.4262466430664,-110.384452819824
44.8899526186142,-115.747528076172,-61.5442314147949,-110.836441040039
44.9066197524035,-115.611389160156,-61.6587333679199,-111.206016540527
44.9232868861927,-115.617988586426,-61.7746849060059,-111.428749084473
44.939954019982,-115.717514038086,-61.8573303222656,-111.541175842285
44.9566211537713,-115.850395202637,-61.928539276123,-111.600296020508
44.9732882875614,-116.038482666016,-61.9880599975586,-111.568870544434
44.9899554213498,-116.264167785645,-62.0528831481934,-111.460174560547
45.00662255514,-116.507179260254,-62.164119720459,-111.317756652832
45.0232896889293,-116.785018920898,-62.4146499633789,-111.151016235352
45.0399568227185,-117.113021850586,-62.6923141479492,-110.930862426758
45.0566239565078,-117.445610046387,-62.9270515441895,-110.703651428223
45.0732910902971,-117.755332946777,-62.9079704284668,-110.490623474121
45.0899582240863,-117.625595092773,-62.5302734375,-110.685493469238
45.1066253578756,-117.712875366211,-62.7673835754395,-110.553016662598
45.1232924916658,-117.607635498047,-62.4931182861328,-110.521812438965
45.1399596254541,-117.90616607666,-62.5147361755371,-110.201667785645
45.1566267592443,-118.558670043945,-62.6896629333496,-109.492866516113
45.1732938930336,-119.421798706055,-62.9456176757812,-108.612258911133
45.1899610268229,-120.187355041504,-63.0980377197266,-107.891578674316
45.2066281606121,-120.563659667969,-63.321174621582,-107.588035583496
45.2232952944014,-120.686370849609,-63.3763160705566,-107.460792541504
45.2399624281907,-120.485702514648,-63.3111228942871,-107.64266204834
45.2566295619799,-120.265289306641,-63.2084350585938,-107.817077636719
45.2732966957701,-120.200386047363,-63.0668411254883,-107.844955444336
45.2899638295585,-120.487190246582,-63.0620155334473,-107.565071105957
45.3066309633487,-121.001922607422,-63.1261596679688,-107.050933837891
45.3232980971379,-121.76473236084,-63.2002792358398,-106.277000427246
45.3399652309272,-122.746147155762,-63.3043403625488,-105.257286071777
45.3566323647165,-123.916351318359,-63.4372863769531,-104.031860351562
45.3732994985057,-125.234344482422,-63.5930633544922,-102.646842956543
45.389966632295,-126.626502990723,-63.755199432373,-101.176490783691
45.4066337660843,-127.967872619629,-63.9083938598633,-99.7384262084961
45.4233008998744,-129.219772338867,-64.0270919799805,-98.3680572509766
45.4399680336628,-130.355682373047,-64.1407852172852,-97.0960464477539
45.456635167453,-131.376602172852,-64.2426147460938,-95.9533386230469
45.4733023012423,-132.293258666992,-64.3507308959961,-94.92822265625
45.4899694350315,-133.061157226562,-64.457160949707,-94.0961456298828
45.5066365688208,-133.723937988281,-64.5676879882812,-93.4123611450195
45.5233037026101,-134.241470336914,-64.6494979858398,-92.9028930664062
45.5399708363993,-134.618789672852,-64.6807098388672,-92.5605850219727
45.5566379701886,-134.850433349609,-64.6956939697266,-92.3840255737305
45.5733051039788,-135.030975341797,-64.6599960327148,-92.2627410888672
45.5899722377671,-135.144622802734,-64.6412582397461,-92.2193069458008
45.6066393715573,-135.237548828125,-64.6687240600586,-92.2385635375977
45.6233065053466,-135.341522216797,-64.7048263549805,-92.2593765258789
45.6399736391359,-135.525527954102,-64.7192001342773,-92.182746887207
45.6566407729251,-135.901824951172,-64.7655563354492,-91.9055786132812
45.6733079067144,-136.325881958008,-64.7966766357422,-91.5696868896484
45.6899750405037,-136.686386108398,-64.8293838500977,-91.3174667358398
45.7066421742929,-136.896362304688,-64.8188934326172,-91.2464141845703
45.7233093080831,-136.680770874023,-64.7431030273438,-91.6318893432617
45.7399764418715,-137.19938659668,-65.2183303833008,-91.3588333129883
45.7566435756617,-137.524200439453,-65.4275131225586,-91.2453765869141
45.7733107094509,-137.718307495117,-65.6759338378906,-91.4476470947266
45.7899778432402,-138.825973510742,-66.2529907226562,-90.7936248779297
45.8066449770295,-139.588302612305,-66.5631408691406,-90.4933776855469
45.8233121108187,-140.545120239258,-66.8111038208008,-90.0951690673828
45.839979244608,-141.232803344727,-66.8427810668945,-89.8743591308594
45.8566463783973,-141.954711914062,-66.767463684082,-89.6015319824219
45.8733135121875,-142.606643676758,-66.5938339233398,-89.375358581543
45.8899806459758,-143.087142944336,-66.2971878051758,-89.2670745849609
45.906647779766,-143.415283203125,-66.0549545288086,-89.2463531494141
45.9233149135553,-143.580383300781,-65.8794021606445,-89.3029327392578
45.9399820473445,-143.470642089844,-65.7898025512695,-89.6021728515625
45.9566491811338,-143.182189941406,-65.803337097168,-90.0533294677734
45.9733163149231,-142.81787109375,-65.9020156860352,-90.5613174438477
45.9899834487123,-142.501403808594,-66.0354843139648,-91.0020370483398
46.0066505825016,-142.312164306641,-66.1975555419922,-91.3027267456055
46.0233177162918,-142.320648193359,-66.3705291748047,-91.4246292114258
46.0399848500801,-142.367797851562,-66.5228958129883,-91.5524063110352
46.0566519838703,-142.523803710938,-66.6762924194336,-91.5537033081055
46.0733191176596,-142.717880249023,-66.8123168945312,-91.5004425048828
46.0899862514489,-142.798049926758,-66.888671875,-91.5587844848633
46.1066533852381,-142.872024536133,-66.9438095092773,-91.611442565918
46.1233205190274,-142.977996826172,-67.0154647827148,-91.6191329956055
46.1399876528167,-143.107177734375,-67.0803680419922,-91.5955047607422
46.1566547866059,-143.286834716797,-67.1561965942383,-91.5104675292969
46.1733219203961,-143.427398681641,-67.1814727783203,-91.4699325561523
46.1899890541845,-143.631332397461,-67.2045516967773,-91.3659896850586
46.2066561879747,-144.071807861328,-67.2619552612305,-90.9811325073242
46.2233233217639,-144.433578491211,-67.2659378051758,-90.6489410400391
46.2399904555532,-144.812759399414,-67.3035736083984,-90.275520324707
46.2566575893425,-145.107055664062,-67.3553924560547,-89.9363861083984
46.2733247231317,-145.186019897461,-67.4227752685547,-89.7586212158203
46.289991856921,-144.907135009766,-67.5134963989258,-89.8934783935547
46.3066589907103,-144.252960205078,-67.6251525878906,-90.3551025390625
46.3233261245005,-142.911529541016,-67.5357360839844,-91.4285354614258
46.3399932582888,-140.494888305664,-67.1754302978516,-93.5130615234375
46.356660392079,-138.293106079102,-67.2841644287109,-95.2258148193359
46.3733275258683,-135.37141418457,-66.9916076660156,-97.5855331420898
46.3899946596575,-132.175643920898,-66.7068634033203,-100.284164428711
46.4066617934468,-129.883270263672,-66.4654998779297,-102.062400817871
46.4233289272361,-128.344284057617,-66.2726669311523,-103.210144042969
46.4399960610253,-127.279075622559,-66.0987548828125,-104.056266784668
46.4566631948146,-126.463455200195,-66.219482421875,-104.75244140625
46.4733303286048,-125.654609680176,-66.3207473754883,-105.446342468262
46.4899974623931,-124.555740356445,-66.3470840454102,-106.444465637207
46.5066645961833,-123.384132385254,-66.3152084350586,-107.467025756836
46.5233317299726,-122.297721862793,-66.1489791870117,-108.382629394531
46.5399988637619,-121.272018432617,-65.9737396240234,-109.222038269043
46.5566659975511,-120.449279785156,-65.8379135131836,-109.842269897461
46.5733331313404,-119.762504577637,-65.6844863891602,-110.339485168457
46.5900002651297,-119.229713439941,-65.4859008789062,-110.689559936523
46.6066673989189,-118.837577819824,-65.2700042724609,-110.896438598633
46.6233345327091,-118.551666259766,-65.0210342407227,-111.003303527832
46.6400016664975,-118.335571289062,-64.7386779785156,-111.045372009277
46.6566688002877,-118.166839599609,-64.4118041992188,-111.032188415527
46.6733359340769,-118.044219970703,-64.083381652832,-110.975555419922
46.6900030678662,-117.969673156738,-63.7696800231934,-110.887794494629
46.7066702016555,-117.893409729004,-63.4749298095703,-110.838928222656
46.7233373354447,-117.777542114258,-63.2077331542969,-110.865982055664
46.740004469234,-117.644927978516,-62.9407348632812,-110.941123962402
46.7566716030233,-117.503860473633,-62.6827087402344,-111.062637329102
46.7733387368135,-117.378318786621,-62.4289970397949,-111.188819885254
46.7900058706018,-117.280006408691,-62.1950874328613,-111.308410644531
46.806673004392,-117.215759277344,-61.9548645019531,-111.423278808594
46.8233401381813,-117.247779846191,-61.7612838745117,-111.455902099609
46.8400072719705,-117.387344360352,-61.6532707214355,-111.356109619141
46.8566744057598,-117.624519348145,-61.5973091125488,-111.155746459961
46.8733415395491,-117.980110168457,-61.5388717651367,-110.870613098145
46.8900086733383,-118.433197021484,-61.5736503601074,-110.455863952637
46.9066758071276,-118.962814331055,-61.6268844604492,-109.965103149414
46.9233429409178,-119.595344543457,-61.6778030395508,-109.355926513672
46.9400100747062,-120.16242980957,-61.6489601135254,-108.76586151123
46.9566772084963,-120.586708068848,-61.5938186645508,-108.310897827148
46.9733443422856,-120.665596008301,-61.2946014404297,-108.181617736816
46.9900114760749,-120.299644470215,-61.1628227233887,-108.517280578613
47.0066786098641,-120.077171325684,-61.2704315185547,-108.715782165527
47.0233457436534,-119.539756774902,-61.1159400939941,-109.293357849121
47.0400128774427,-119.2890625,-61.3007431030273,-109.69164276123
47.0566800112319,-119.202743530273,-61.6409950256348,-109.961883544922
47.0733471450221,-119.199150085449,-61.8009986877441,-110.203620910645
47.0900142788105,-119.135360717773,-61.7964973449707,-110.504684448242
47.1066814126007,-119.257698059082,-61.957706451416,-110.611717224121
47.1233485463899,-119.319786071777,-62.041202545166,-110.772338867188
47.1400156801792,-119.374496459961,-62.0618095397949,-110.956840515137
47.1566828139685,-119.31273651123,-62.0433082580566,-111.255737304688
47.1733499477577,-119.01180267334,-61.9361915588379,-111.791488647461
47.190017081547,-118.55126953125,-61.7983436584473,-112.461296081543
47.2066842153363,-117.876541137695,-61.6345024108887,-113.336074829102
47.2233513491265,-117.060539245605,-61.4455795288086,-114.344795227051
47.2400184829148,-116.21329498291,-61.2486343383789,-115.376419067383
47.256685616705,-115.453941345215,-61.0556678771973,-116.322341918945
47.2733527504943,-114.884056091309,-60.9411697387695,-117.060195922852
47.2900198842835,-114.504951477051,-60.9349060058594,-117.60920715332
47.3066870180728,-114.262794494629,-60.9701232910156,-118.029754638672
47.3233541518621,-114.06315612793,-61.0159111022949,-118.405006408691
47.3400212856513,-113.843826293945,-61.0511741638184,-118.782608032227
47.3566884194406,-113.575164794922,-61.0839195251465,-119.202827453613
47.3733555532308,-113.299865722656,-61.0850868225098,-119.626625061035
47.3900226870192,-113.038032531738,-61.0207328796387,-120.020301818848
47.4066898208093,-112.767555236816,-60.949146270752,-120.405418395996
47.4233569545986,-112.51065826416,-60.9033088684082,-120.761665344238
47.4400240883879,-112.299827575684,-60.8480606079102,-121.073585510254
47.4566912221771,-112.171928405762,-60.7612686157227,-121.297958374023
47.4733583559664,-112.127136230469,-60.6898384094238,-121.391273498535
47.4900254897557,-112.162254333496,-60.6081161499023,-121.356315612793
47.506692623545,-112.297622680664,-60.5442504882812,-121.198783874512
47.5233597573351,-112.458488464355,-60.5304298400879,-121.027061462402
47.5400268911235,-112.623382568359,-60.6079978942871,-120.88639831543
47.5566940249137,-112.746032714844,-60.7430458068848,-120.811225891113
47.5733611587029,-112.855827331543,-60.8905143737793,-120.755081176758
47.5900282924922,-112.924766540527,-61.012638092041,-120.721870422363
47.6066954262815,-112.903861999512,-61.0070648193359,-120.726913452148
47.6233625600707,-112.673927307129,-60.5727767944336,-120.864143371582
47.64002969386,-112.303939819336,-60.6609802246094,-121.073829650879
47.6566968276493,-112.350891113281,-60.6649284362793,-120.76505279541
47.6733639614395,-112.273902893066,-60.6043167114258,-120.603385925293
47.6900310952278,-112.672157287598,-60.7578392028809,-119.920257568359
47.706698229018,-113.176040649414,-61.0363693237305,-119.14884185791
47.7233653628073,-113.629463195801,-61.3532600402832,-118.469902038574
47.7400324965965,-113.892082214355,-61.6484832763672,-118.045753479004
47.7566996303858,-114.00048828125,-61.9008293151855,-117.762054443359
47.7733667641751,-113.859909057617,-62.0301246643066,-117.672004699707
47.7900338979643,-113.46898651123,-61.9717903137207,-117.768127441406
47.8067010317536,-112.876243591309,-61.727970123291,-118.005180358887
47.8233681655438,-112.10205078125,-61.4063186645508,-118.385047912598
47.8400352993322,-111.305694580078,-61.0519142150879,-118.731582641602
47.8567024331223,-110.583396911621,-60.6729393005371,-118.973701477051
47.8733695669116,-110.008247375488,-60.3190002441406,-119.073135375977
47.8900367007009,-109.63639831543,-60.0607223510742,-119.015174865723
47.9067038344901,-109.513359069824,-59.9293098449707,-118.757469177246
47.9233709682794,-109.655632019043,-59.9304008483887,-118.294219970703
47.9400381020687,-110.039886474609,-60.0345077514648,-117.646980285645
47.956705235858,-110.594367980957,-60.1615791320801,-116.878311157227
47.9733723696481,-111.211555480957,-60.2759132385254,-116.06169128418
47.9900395034365,-111.818557739258,-60.3698425292969,-115.276695251465
48.0067066372267,-112.431900024414,-60.4458236694336,-114.531997680664
48.0233737710159,-113.067771911621,-60.5148773193359,-113.815650939941
48.0400409048052,-113.815544128418,-60.5948791503906,-113.03311920166
48.0567080385945,-114.74048614502,-60.7658309936523,-112.141082763672
48.0733751723837,-116.013511657715,-61.0327606201172,-110.994102478027
48.090042306173,-117.627578735352,-61.3681106567383,-109.582748413086
48.1067094399623,-119.549270629883,-61.7319145202637,-107.897468566895
48.1233765737525,-121.689849853516,-62.0981750488281,-105.992897033691
48.1400437075408,-123.886642456055,-62.498046875,-104.063148498535
48.156710841331,-126.109336853027,-62.94873046875,-102.163948059082
48.1733779751203,-128.328277587891,-63.4042625427246,-100.318893432617
48.1900451089095,-130.646118164062,-63.879077911377,-98.4020462036133
48.2067122426988,-132.834350585938,-64.2559127807617,-96.6559982299805
48.2233793764881,-134.62223815918,-64.4966354370117,-95.3288803100586
48.2400465102774,-136.031051635742,-64.8397598266602,-94.4000473022461
48.2567136440666,-137.241088867188,-65.061897277832,-93.6656875610352
48.2733807778568,-137.828567504883,-65.2648239135742,-93.5701370239258
48.2900479116452,-138.758239746094,-65.5958099365234,-93.0478591918945
48.3067150454353,-139.508834838867,-65.8138885498047,-92.6836471557617
48.3233821792246,-139.953338623047,-65.7392501831055,-92.5152282714844
48.3400493130139,-140.333297729492,-65.5376358032227,-92.3144683837891
48.3567164468031,-140.865966796875,-65.4463348388672,-91.9097442626953
48.3733835805924,-141.486053466797,-65.3906021118164,-91.3618087768555
48.3900507143817,-142.120056152344,-65.3636016845703,-90.8142471313477
48.406717848171,-142.693481445312,-65.3874664306641,-90.3330230712891
48.4233849819611,-143.083160400391,-65.4387817382812,-90.0502548217773
48.4400521157495,-143.381851196289,-65.5332107543945,-89.8526000976562
48.4567192495397,-143.468978881836,-65.62939453125,-89.8652648925781
48.4733863833289,-143.327056884766,-65.7009658813477,-90.1123123168945
48.4900535171182,-142.987899780273,-65.7585144042969,-90.5452346801758
48.5067206509075,-142.578155517578,-65.8206558227539,-91.0430221557617
48.5233877846968,-142.192016601562,-65.8815689086914,-91.4890441894531
48.540054918486,-141.882446289062,-65.9475021362305,-91.8438491821289
48.5567220522753,-141.580474853516,-66.0233764648438,-92.2021484375
48.5733891860655,-141.221343994141,-66.0924072265625,-92.6520462036133
48.5900563198538,-141.058319091797,-66.2298965454102,-92.862434387207
48.606723453644,-140.841232299805,-66.3447570800781,-93.2101516723633
48.6233905874333,-140.552124023438,-66.3963088989258,-93.6627807617188
48.6400577212225,-140.253845214844,-66.4405975341797,-94.1358108520508
48.6567248550118,-139.854476928711,-66.4766845703125,-94.7236862182617
48.6733919888011,-139.350341796875,-66.5050659179688,-95.4078979492188
48.6900591225904,-138.653244018555,-66.5048980712891,-96.2852096557617
48.7067262563796,-137.828826904297,-66.4597473144531,-97.2559967041016
48.7233933901698,-136.770965576172,-66.3595199584961,-98.4229965209961
48.7400605239582,-135.44694519043,-66.2258224487305,-99.7859420776367
48.7567276577483,-133.843872070312,-66.0129089355469,-101.375556945801
48.7733947915376,-132.014846801758,-65.7076187133789,-103.147407531738
48.7900619253269,-130.1376953125,-65.4172134399414,-104.963005065918
48.8067290591162,-128.503845214844,-65.2471313476562,-106.577766418457
48.8233961929054,-127.193939208984,-65.0982818603516,-107.879356384277
48.8400633266947,-125.924125671387,-64.8160400390625,-109.111549377441
48.856730460484,-124.46305847168,-64.0849990844727,-110.428283691406
48.8733975942741,-123.412391662598,-64.0618591308594,-111.170455932617
48.8900647280625,-122.954536437988,-63.739818572998,-111.239135742188
48.9067318618527,-122.501068115234,-63.4949607849121,-111.394401550293
48.9233989956419,-122.627220153809,-63.3405990600586,-110.936363220215
48.9400661294312,-122.99683380127,-63.4316864013672,-110.268821716309
48.9567332632205,-123.423049926758,-63.5210113525391,-109.643714904785
48.9734003970098,-123.442321777344,-63.646556854248,-109.495559692383
48.990067530799,-123.409309387207,-63.8579444885254,-109.393104553223
49.0067346645883,-122.789741516113,-63.9037704467773,-109.884071350098
49.0234017983785,-121.865653991699,-63.8380851745605,-110.642059326172
49.0400689321668,-120.801155090332,-63.7250633239746,-111.503425598145
49.056736065957,-119.679039001465,-63.5432510375977,-112.40055847168
49.0734031997463,-118.62467956543,-63.3177261352539,-113.180480957031
49.0900703335356,-117.747398376465,-63.0834655761719,-113.783409118652
49.1067374673248,-117.156539916992,-62.8875312805176,-114.110397338867
49.1234046011141,-116.859306335449,-62.7164077758789,-114.141677856445
49.1400717349034,-116.825332641602,-62.5632209777832,-113.916526794434
49.1567388686926,-116.929954528809,-62.4120826721191,-113.569694519043
49.1734060024828,-117.088157653809,-62.2640037536621,-113.170631408691
49.1900731362712,-117.222152709961,-62.1175918579102,-112.78337097168
49.2067402700613,-117.301162719727,-61.9674034118652,-112.44312286377
49.2234074038506,-117.311912536621,-61.814079284668,-112.172645568848
49.2400745376399,-117.24488067627,-61.6499710083008,-111.997398376465
49.2567416714292,-117.151443481445,-61.4929313659668,-111.868438720703
49.2734088052184,-117.076438903809,-61.3230438232422,-111.736572265625
49.2900759390077,-117.055206298828,-61.1363677978516,-111.551048278809
49.306743072797,-117.075729370117,-60.9516677856445,-111.337333679199
49.3234102065871,-117.162757873535,-60.8410224914551,-111.069343566895
49.3400773403755,-117.38395690918,-60.800895690918,-110.710021972656
49.3567444741657,-117.76594543457,-60.8636131286621,-110.270126342773
49.3734116079549,-118.244499206543,-60.9958915710449,-109.805168151855
49.3900787417442,-118.817016601562,-61.153148651123,-109.310470581055
49.4067458755335,-119.494804382324,-61.3465461730957,-108.773017883301
49.4234130093228,-120.217315673828,-61.4435234069824,-108.233543395996
49.440080143112,-120.655647277832,-61.1805877685547,-107.997253417969
49.4567472769013,-120.65047454834,-61.0744667053223,-108.222633361816
49.4734144106915,-120.591186523438,-60.9714317321777,-108.471420288086
49.4900815444807,-120.130447387695,-60.645149230957,-109.110252380371
49.50674867827,-119.827201843262,-60.5585746765137,-109.612037658691
49.5234158120593,-119.856391906738,-60.736930847168,-109.843589782715
49.5400829458486,-120.13875579834,-60.7673683166504,-109.808235168457
49.5567500796378,-120.407791137695,-60.6044044494629,-109.767395019531
49.5734172134271,-120.713844299316,-60.5090484619141,-109.576194763184
49.5900843472164,-120.854545593262,-60.3855133056641,-109.469764709473
49.6067514810056,-120.910362243652,-60.2377815246582,-109.398300170898
49.6234186147958,-120.855758666992,-60.0738105773926,-109.406433105469
49.6400857485851,-120.637069702148,-59.9413871765137,-109.592498779297
49.6567528823743,-120.281120300293,-59.8711853027344,-109.912788391113
49.6734200161636,-119.738090515137,-59.7863006591797,-110.446769714355
49.6900871499529,-119.043876647949,-59.7047271728516,-111.139259338379
49.7067542837422,-118.267158508301,-59.6193962097168,-111.92505645752
49.7234214175314,-117.508323669434,-59.5597343444824,-112.721588134766
49.7400885513207,-116.855781555176,-59.5401649475098,-113.42552947998
49.75675568511,-116.331001281738,-59.5362930297852,-114.021087646484
49.7734228189001,-115.889350891113,-59.5688667297363,-114.550674438477
49.7900899526894,-115.479553222656,-59.7213859558105,-115.063331604004
49.8067570864787,-115.065879821777,-59.9021797180176,-115.595695495605
49.823424220268,-114.655693054199,-60.0356140136719,-116.134872436523
49.8400913540572,-114.250999450684,-60.1371612548828,-116.656188964844
49.8567584878465,-113.866111755371,-60.1875534057617,-117.133850097656
49.8734256216358,-113.487190246582,-60.2271728515625,-117.594245910645
49.890092755425,-113.143577575684,-60.2866439819336,-117.99885559082
49.9067598892143,-112.891716003418,-60.3517723083496,-118.29524230957
49.9234270230045,-112.77360534668,-60.3544273376465,-118.407890319824
49.9400941567937,-112.799331665039,-60.2966728210449,-118.324394226074
49.956761290583,-112.878700256348,-60.1886100769043,-118.118804931641
49.9734284243723,-112.942092895508,-60.0940399169922,-117.89176940918
49.9900955581616,-112.886413574219,-60.0998725891113,-117.79084777832
50.0067626919508,-112.839965820312,-60.2057952880859,-117.70671081543
50.0234298257401,-112.82795715332,-60.3559837341309,-117.641540527344
50.0400969595294,-112.832099914551,-60.371208190918,-117.605667114258
50.0567640933186,-112.567481994629,-60.1161155700684,-117.830856323242
50.0734312271088,-112.588920593262,-60.3865165710449,-117.717735290527
50.0900983608981,-112.421981811523,-60.3140830993652,-117.723846435547
50.1067654946874,-112.526351928711,-60.2518501281738,-117.497039794922
50.1234326284766,-112.689651489258,-60.390209197998,-117.221549987793
50.1400997622659,-112.941032409668,-60.5140151977539,-116.914497375488
50.1567668960552,-113.192810058594,-60.4823722839355,-116.645195007324
50.1734340298444,-113.502510070801,-60.6558647155762,-116.298263549805
50.1901011636337,-113.595275878906,-60.6592178344727,-116.037689208984
50.206768297423,-113.598190307617,-60.5681304931641,-115.802757263184
50.2234354312131,-113.377342224121,-60.2971649169922,-115.695220947266
50.2401025650024,-113.03434753418,-60.0526008605957,-115.646240234375
50.2567696987917,-112.539215087891,-59.7924880981445,-115.672454833984
50.273436832581,-111.98477935791,-59.4697456359863,-115.693023681641
50.2901039663702,-111.491241455078,-59.1783103942871,-115.585929870605
50.3067711001595,-111.186187744141,-59.0140724182129,-115.266273498535
50.3234382339488,-111.146743774414,-58.9451332092285,-114.71565246582
50.340105367738,-111.371742248535,-58.950325012207,-113.955963134766
50.3567725015273,-111.757102966309,-58.9934425354004,-113.073097229004
50.3734396353175,-112.18416595459,-59.1141967773438,-112.10285949707
50.3901067691068,-112.502517700195,-59.1532287597656,-111.258583068848
50.406773902896,-112.745010375977,-59.1564407348633,-110.493629455566
50.4234410366853,-112.905242919922,-59.0975646972656,-109.824005126953
50.4401081704746,-112.982933044434,-59.0189552307129,-109.296524047852
50.4567753042638,-113.005683898926,-58.9401359558105,-108.896499633789
50.4734424380531,-113.019996643066,-58.8511161804199,-108.574440002441
50.4901095718424,-113.041717529297,-58.7195320129395,-108.297409057617
50.5067767056316,-113.13516998291,-58.6180076599121,-108.019927978516
50.5234438394218,-113.31575012207,-58.5350761413574,-107.699165344238
50.5401109732111,-113.55061340332,-58.4568176269531,-107.389099121094
50.5567781070004,-113.82292175293,-58.4065055847168,-107.098266601562
50.5734452407896,-114.103904724121,-58.3494033813477,-106.825141906738
50.5901123745789,-114.430541992188,-58.3159446716309,-106.524543762207
50.6067795083682,-114.821823120117,-58.2623596191406,-106.179222106934
50.6234466421574,-115.242736816406,-58.1929817199707,-105.794570922852
50.6401137759467,-115.626358032227,-58.0890464782715,-105.433944702148
50.656780909736,-115.974769592285,-57.9591636657715,-105.124176025391
50.6734480435262,-116.178100585938,-57.593692779541,-104.962646484375
50.6901151773154,-116.334655761719,-57.7173957824707,-104.88419342041
50.7067823111047,-116.766784667969,-58.001838684082,-104.521156311035
50.723449444894,-117.014282226562,-57.9429626464844,-104.417137145996
50.7401165786832,-117.432792663574,-58.3287010192871,-104.25904083252
50.7567837124725,-117.973403930664,-58.7233428955078,-103.914154052734
50.7734508462618,-118.482513427734,-58.922046661377,-103.585014343262
50.790117980051,-118.77481842041,-58.9230651855469,-103.289192199707
50.8067851138403,-118.990287780762,-58.8742790222168,-102.983444213867
50.8234522476305,-119.02946472168,-58.6941795349121,-102.81867980957
50.8401193814198,-118.863121032715,-58.459529876709,-102.846229553223
50.856786515209,-118.575675964355,-58.3253479003906,-103.006591796875
50.8734536489983,-118.14168548584,-58.303150177002,-103.365547180176
50.8901207827876,-117.702491760254,-58.4220428466797,-103.785575866699
50.9067879165768,-117.32105255127,-58.6475486755371,-104.184913635254
50.9234550503661,-117.004081726074,-58.948657989502,-104.547470092773
50.9401221841554,-116.773002624512,-59.3446922302246,-104.848274230957
50.9567893179446,-116.618774414062,-59.7530212402344,-105.087829589844
50.9734564517348,-116.57251739502,-60.1788177490234,-105.24388885498
50.9901235855241,-116.60400390625,-60.6026840209961,-105.333801269531
51.0067907193134,-116.573883056641,-60.9164962768555,-105.491172790527
51.0234578531026,-116.406440734863,-61.0953102111816,-105.774124145508
51.0401249868919,-116.090728759766,-61.1797180175781,-106.199378967285
51.0567921206812,-115.690048217773,-61.1953125,-106.708923339844
51.0734592544704,-115.266708374023,-61.1672554016113,-107.239959716797
51.0901263882597,-114.866546630859,-61.1142234802246,-107.730331420898
51.106793522049,-114.534515380859,-61.0603408813477,-108.158599853516
51.1234606558392,-114.223670959473,-60.9829292297363,-108.546089172363
51.1401277896284,-113.942260742188,-60.8596572875977,-108.893936157227
51.1567949234177,-113.725807189941,-60.7179222106934,-109.12574005127
51.173462057207,-113.551651000977,-60.6071739196777,-109.326629638672
51.1901291909962,-113.39372253418,-60.583667755127,-109.517387390137
51.2067963247855,-113.224945068359,-60.700569152832,-109.76277923584
51.2234634585748,-112.998062133789,-60.9229927062988,-110.106109619141
51.240130592364,-112.680694580078,-61.0943565368652,-110.538864135742
51.2567977261533,-112.241561889648,-60.989315032959,-111.05850982666
51.2734648599435,-111.417366027832,-60.6377906799316,-111.845603942871
51.2901319937328,-111.073310852051,-60.9191818237305,-112.07398223877
51.306799127522,-110.557525634766,-60.6814994812012,-112.42561340332
51.3234662613113,-110.568130493164,-60.7731513977051,-112.290710449219
51.3401333951006,-110.686820983887,-60.9610900878906,-111.985229492188
51.3568005288898,-110.91870880127,-61.171558380127,-111.647186279297
51.3734676626791,-111.070976257324,-61.2501525878906,-111.421188354492
51.3901347964684,-110.947685241699,-61.4061660766602,-111.481254577637
51.4068019302576,-110.620704650879,-61.3834571838379,-111.650871276855
51.4234690640478,-110.12580871582,-61.2429313659668,-111.951156616211
51.4401361978371,-109.523986816406,-60.9024696350098,-112.29418182373
51.4568033316264,-108.902961730957,-60.5483627319336,-112.624626159668
51.4734704654156,-108.302108764648,-60.1822052001953,-112.886238098145
51.4901375992049,-107.825202941895,-59.8238182067871,-112.992179870605
51.5068047329942,-107.518814086914,-59.5221748352051,-112.909210205078
51.5234718667834,-107.438507080078,-59.3348426818848,-112.587593078613
51.5401390005727,-107.589881896973,-59.249153137207,-112.029266357422
51.556806134362,-107.927642822266,-59.2356033325195,-111.296501159668
51.5734732681522,-108.306510925293,-59.2714347839355,-110.53638458252
51.5901404019414,-108.63648223877,-59.3025245666504,-109.837120056152
51.6068075357307,-108.88500213623,-59.3295860290527,-109.214408874512
51.62347466952,-109.057769775391,-59.3809700012207,-108.654579162598
51.6401418033092,-109.262008666992,-59.3870544433594,-108.109580993652
51.6568089370985,-109.462829589844,-59.338565826416,-107.620498657227
51.6734760708878,-109.622566223145,-59.2743148803711,-107.230422973633
51.690143204677,-109.736824035645,-59.1880226135254,-106.94066619873
51.7068103384663,-109.863006591797,-59.050422668457,-106.694458007812
51.7234774722565,-110.042739868164,-58.9063453674316,-106.475959777832
51.7401446060458,-110.265617370605,-58.8286743164062,-106.278671264648
51.756811739835,-110.637413024902,-58.8367881774902,-105.989883422852
51.7734788736243,-111.149429321289,-58.8616561889648,-105.619453430176
51.7901460074136,-111.782104492188,-58.9882545471191,-105.162788391113
51.8068131412028,-112.51587677002,-59.1750373840332,-104.674743652344
51.8234802749921,-113.301139831543,-59.320987701416,-104.174156188965
51.8401474087814,-113.896324157715,-59.3096351623535,-103.870330810547
51.8568145425706,-114.240089416504,-59.3029327392578,-103.799446105957
51.8734816763608,-114.390350341797,-59.1351432800293,-103.890609741211
51.8901488101501,-114.21745300293,-58.9163589477539,-104.32551574707
51.9068159439394,-114.055465698242,-58.855712890625,-104.757705688477
51.9234830777286,-114.003028869629,-58.7792701721191,-105.06209564209
51.9401502115179,-114.022178649902,-58.5549545288086,-105.213661193848
51.9568173453072,-114.252159118652,-58.3759346008301,-105.081504821777
51.9734844790964,-114.650054931641,-58.3504905700684,-104.736358642578
51.9901516128857,-115.104438781738,-58.409065246582,-104.30827331543
52.006818746675,-115.564918518066,-58.5188293457031,-103.854278564453
52.0234858804652,-115.848068237305,-58.6108245849609,-103.582939147949
52.0401530142544,-115.903678894043,-58.7180633544922,-103.575012207031
52.0568201480437,-115.737937927246,-58.7881851196289,-103.798454284668
52.073487281833,-115.377807617188,-58.7894592285156,-104.247459411621
52.0901544156222,-114.833419799805,-58.7149085998535,-104.912139892578
52.1068215494115,-114.184303283691,-58.6243324279785,-105.703117370605
52.1234886832008,-113.521392822266,-58.5399055480957,-106.514312744141
52.14015581699,-112.957817077637,-58.4852561950684,-107.212554931641
52.1568229507793,-112.516136169434,-58.4623031616211,-107.79012298584
52.1734900845695,-112.260925292969,-58.5507736206055,-108.161430358887
52.1901572183588,-112.106163024902,-58.7229766845703,-108.430824279785
52.206824352148,-112.003684997559,-58.8632965087891,-108.658187866211
52.2234914859373,-111.93350982666,-58.9988822937012,-108.83438873291
52.2401586197266,-111.869361877441,-59.1156349182129,-108.99356842041
52.2568257535158,-111.831985473633,-59.1935882568359,-109.128433227539
52.2734928873051,-111.81477355957,-59.2468643188477,-109.264007568359
52.2901600210944,-111.851028442383,-59.3529357910156,-109.371208190918
52.3068271548836,-111.975364685059,-59.4057502746582,-109.402252197266
52.3234942886738,-112.166877746582,-59.4636878967285,-109.408866882324
52.3401614224631,-112.387069702148,-59.5403289794922,-109.358070373535
52.3568285562524,-112.673225402832,-59.5946846008301,-109.226951599121
52.3734956900416,-113.036613464355,-59.6081619262695,-108.997329711914
52.3901628238309,-113.428329467773,-59.5784378051758,-108.704322814941
52.4068299576202,-113.676536560059,-59.5634918212891,-108.530609130859
52.4234970914094,-113.797706604004,-59.6802139282227,-108.487335205078
52.4401642251996,-113.790504455566,-59.8177108764648,-108.554046630859
52.456831358988,-113.697143554688,-59.9619102478027,-108.705451965332
52.4734984927782,-113.527061462402,-59.7929725646973,-108.908592224121
52.4901656265674,-113.105949401855,-59.7721328735352,-109.298278808594
52.5068327603567,-113.276161193848,-60.12548828125,-109.039108276367
52.523499894146,-113.036804199219,-60.1419143676758,-109.198638916016
52.5401670279352,-113.308639526367,-60.4167671203613,-108.848030090332
52.5568341617245,-113.683120727539,-60.6941184997559,-108.392921447754
52.5735012955138,-114.123588562012,-61.0162582397461,-107.933807373047
52.590168429304,-114.566123962402,-61.2150192260742,-107.472564697266
52.6068355630923,-114.690490722656,-61.2998428344727,-107.348045349121
52.6235026968825,-114.72282409668,-61.4860343933105,-107.234870910645
52.6401698306718,-114.317764282227,-61.4512748718262,-107.521728515625
52.656836964461,-113.731491088867,-61.2961883544922,-107.947967529297
52.6735040982503,-112.988922119141,-61.123950958252,-108.470977783203
52.6901712320396,-112.251892089844,-60.924633026123,-108.948181152344
52.7068383658288,-111.546081542969,-60.6905555725098,-109.391754150391
52.7235054996181,-110.976821899414,-60.4639549255371,-109.724922180176
52.7401726334083,-110.629287719727,-60.3237724304199,-109.850509643555
52.7568397671967,-110.553863525391,-60.2628974914551,-109.720695495605
52.7735069009868,-110.767578125,-60.2410202026367,-109.325378417969
52.7901740347761,-111.182846069336,-60.1995277404785,-108.740081787109
52.8068411685654,-111.643104553223,-60.1350479125977,-108.091003417969
52.8235083023546,-112.041389465332,-60.0519180297852,-107.494300842285
52.8401754361439,-112.361709594727,-59.9635848999023,-106.979125976562
52.8568425699332,-112.595764160156,-59.8527565002441,-106.562835693359
52.8735097037224,-112.74454498291,-59.7133750915527,-106.254684448242
52.8901768375126,-112.797401428223,-59.5412445068359,-106.077102661133
52.906843971301,-112.762138366699,-59.3502388000488,-106.016670227051
52.9235111050912,-112.671745300293,-59.1482429504395,-106.038513183594
52.9401782388804,-112.611190795898,-58.9671287536621,-106.037544250488
52.9568453726697,-112.631622314453,-58.8221206665039,-105.990013122559
52.973512506459,-112.783744812012,-58.7513961791992,-105.855026245117
52.9901796402482,-113.061744689941,-58.7358283996582,-105.650947570801
53.0068467740375,-113.448287963867,-58.7469711303711,-105.368507385254
53.0235139078268,-113.984214782715,-58.8371505737305,-104.972793579102
53.040181041617,-114.612716674805,-58.9183540344238,-104.484504699707
53.0568481754053,-115.331268310547,-58.9757347106934,-103.918342590332
53.0735153091955,-115.984321594238,-58.9826469421387,-103.409652709961
53.0901824429848,-116.412178039551,-58.7764701843262,-103.131904602051
53.106849576774,-116.401153564453,-58.648193359375,-103.31241607666
53.1235167105633,-116.403251647949,-58.8655815124512,-103.532997131348
53.1401838443526,-116.166793823242,-58.852897644043,-104.02473449707
53.1568509781418,-116.136222839355,-58.9782257080078,-104.354461669922
53.1735181119311,-116.315063476562,-59.2408866882324,-104.522583007812
53.1901852457213,-116.674621582031,-59.3263053894043,-104.533912658691
53.2068523795097,-117.125518798828,-59.4878807067871,-104.489654541016
53.2235195132998,-117.591667175293,-59.5627479553223,-104.364707946777
53.2401866470891,-118.032539367676,-59.5621719360352,-104.244018554688
53.2568537808784,-118.496284484863,-59.539306640625,-104.043212890625
53.2735209146676,-118.863899230957,-59.4282188415527,-103.911239624023
53.2901880484569,-119.012138366699,-59.2621841430664,-103.973777770996
53.3068551822462,-118.967796325684,-59.134090423584,-104.170997619629
53.3235223160355,-118.685531616211,-58.985481262207,-104.568786621094
53.3401894498256,-118.248825073242,-58.8655815124512,-105.083824157715
53.356856583614,-117.711318969727,-58.7853202819824,-105.690589904785
53.3735237174042,-117.138442993164,-58.7866821289062,-106.354690551758
53.3901908511934,-116.600250244141,-58.9060516357422,-107.015129089355
53.4068579849827,-116.211273193359,-59.1095848083496,-107.560958862305
53.423525118772,-116.046020507812,-59.4767227172852,-107.880340576172
53.4401922525612,-116.053497314453,-59.8442459106445,-108.03450012207
53.4568593863505,-116.24193572998,-60.2220115661621,-108.011024475098
53.4735265201398,-116.595603942871,-60.6688346862793,-107.794891357422
53.49019365393,-117.155670166016,-61.1470108032227,-107.420921325684
53.5068607877183,-117.947174072266,-61.6899070739746,-106.823623657227
53.5235279215085,-119.002090454102,-62.2605895996094,-106.025283813477
53.5401950552978,-120.320259094238,-62.8901405334473,-104.992401123047
53.556862189087,-121.844917297363,-63.4835891723633,-103.802658081055
53.5735293228763,-123.581207275391,-64.0042953491211,-102.381355285645
53.5901964566656,-125.517578125,-64.4594497680664,-100.723793029785
53.6068635904549,-127.610458374023,-64.8024444580078,-98.8505783081055
53.6235307242441,-129.611740112305,-64.9954833984375,-97.0317687988281
53.6401978580343,-131.438217163086,-65.1778945922852,-95.3543014526367
53.6568649918227,-133.085342407227,-65.4407653808594,-93.8322830200195
53.6735321256128,-134.654647827148,-65.7603073120117,-92.3724594116211
53.6901992594021,-135.895965576172,-65.8770141601562,-91.1842727661133
53.7068663931914,-136.431930541992,-65.6747436523438,-90.6704254150391
53.7235335269806,-137.253479003906,-65.9091491699219,-89.7837829589844
53.7402006607699,-137.674270629883,-65.8295745849609,-89.2088928222656
53.7568677945592,-137.859848022461,-65.8997039794922,-88.9540328979492
53.7735349283485,-138.166915893555,-65.9675445556641,-88.4848861694336
53.7902020621386,-138.429244995117,-66.0601119995117,-88.1259536743164
53.806869195927,-138.615737915039,-66.2302322387695,-87.9539413452148
53.8235363297172,-138.798110961914,-66.3390426635742,-87.7539367675781
53.8402034635064,-139.449188232422,-66.7346801757812,-87.0944442749023
53.8568705972957,-139.525146484375,-66.8853607177734,-86.9561233520508
53.873537731085,-139.484100341797,-67.0451202392578,-86.9363098144531
53.8902048648742,-139.285827636719,-67.1482162475586,-87.0135269165039
53.9068719986635,-138.981430053711,-67.2452926635742,-87.1819381713867
53.9235391324528,-138.687881469727,-67.3207244873047,-87.2947387695312
53.940206266243,-138.316452026367,-67.3248748779297,-87.4800643920898
53.9568734000313,-138.067520141602,-67.3210830688477,-87.533447265625
53.9735405338215,-138.028335571289,-67.3222808837891,-87.4042358398438
53.9902076676108,-138.227325439453,-67.3223648071289,-87.0566940307617
54.0068748014,-138.644378662109,-67.3040161132812,-86.5407485961914
54.0235419351893,-139.192474365234,-67.2588348388672,-85.9067764282227
54.0402090689786,-139.725982666016,-67.1707916259766,-85.2618103027344
54.0568762027679,-140.244125366211,-67.0676193237305,-84.6325302124023
54.0735433365571,-140.721466064453,-66.9613952636719,-84.0365371704102
54.0902104703473,-141.115570068359,-66.8477935791016,-83.5148239135742
54.1068776041357,-141.362167358398,-66.6728210449219,-83.1330413818359
54.1235447379258,-141.508270263672,-66.4703063964844,-82.8410415649414
54.1402118717151,-141.492462158203,-66.2677001953125,-82.696907043457
54.1568790055044,-141.278610229492,-66.0527877807617,-82.7343292236328
54.1735461392936,-140.81965637207,-65.8174057006836,-83.0063095092773
54.1902132730829,-140.147750854492,-65.575065612793,-83.4721374511719
54.2068804068722,-139.370025634766,-65.3702392578125,-84.0575942993164
54.2235475406615,-138.414794921875,-65.1625061035156,-84.890869140625
54.2402146744516,-137.38932800293,-65.0221481323242,-85.8508529663086
54.25688180824,-136.259658813477,-64.97021484375,-86.9862289428711
54.2735489420302,-134.997634887695,-64.8842697143555,-88.3028411865234
54.2902160758194,-133.572296142578,-64.7089462280273,-89.8549194335938
54.3068832096087,-132.088073730469,-64.4879455566406,-91.5182647705078
54.323550343398,-130.453994750977,-63.9659042358398,-93.3924865722656
54.3402174771873,-128.664245605469,-63.5671157836914,-95.4834136962891
54.3568846109765,-127.96524810791,-63.7129745483398,-96.5906753540039
54.3735517447658,-127.000785827637,-63.4629364013672,-98.0364379882812
54.390218878556,-126.538421630859,-63.4902000427246,-99.1492156982422
54.4068860123443,-126.519927978516,-63.7005767822266,-99.7925872802734
54.4235531461345,-126.375183105469,-63.4983444213867,-100.471656799316
54.4402202799238,-126.31014251709,-63.2335243225098,-101.020301818848
54.456887413713,-126.368927001953,-63.0850639343262,-101.339225769043
54.4735545475023,-126.386108398438,-62.8349075317383,-101.627937316895
54.4902216812916,-126.233085632324,-62.4643020629883,-102.051849365234
54.5068888150809,-125.891494750977,-62.188175201416,-102.622680664062
54.5235559488701,-125.316337585449,-61.9310111999512,-103.403762817383
54.5402230826603,-124.562149047852,-61.7244758605957,-104.346786499023
54.5568902164487,-123.723220825195,-61.5702362060547,-105.326248168945
54.5735573502388,-122.860626220703,-61.4143562316895,-106.31462097168
54.5902244840281,-122.009567260742,-61.2663345336914,-107.26806640625
54.6068916178174,-121.254791259766,-61.1686134338379,-108.121658325195
54.6235587516067,-120.605415344238,-61.1039047241211,-108.864524841309
54.6402258853959,-120.140586853027,-61.0828132629395,-109.426086425781
54.6568930191852,-119.789527893066,-61.137809753418,-109.874610900879
54.6735601529745,-119.491813659668,-61.2133255004883,-110.263832092285
54.6902272867646,-119.153060913086,-61.2649726867676,-110.69059753418
54.706894420553,-118.76847076416,-61.3335227966309,-111.151184082031
54.7235615543432,-118.286285400391,-61.3787040710449,-111.707069396973
54.7402286881324,-117.760177612305,-61.3911628723145,-112.292778015137
54.7568958219217,-117.245948791504,-61.379467010498,-112.857933044434
54.773562955711,-116.833023071289,-61.3600769042969,-113.302452087402
54.7902300895003,-116.529312133789,-61.3252983093262,-113.604125976562
54.8068972232895,-116.328788757324,-61.261833190918,-113.770889282227
54.8235643570788,-116.220283508301,-61.2052574157715,-113.841049194336
54.840231490869,-116.108009338379,-61.1835975646973,-113.911979675293
54.8568986246573,-115.977676391602,-61.2155914306641,-114.003372192383
54.8735657584475,-115.815841674805,-61.2665596008301,-114.119995117188
54.8902328922368,-115.632888793945,-61.3328247070312,-114.236473083496
54.9069000260261,-115.421333312988,-61.327880859375,-114.338912963867
54.9235671598153,-115.184608459473,-61.0394897460938,-114.423370361328
54.9402342936046,-114.722465515137,-60.6725044250488,-114.635612487793
54.9569014273939,-114.837669372559,-60.8188819885254,-114.174377441406
54.9735685611831,-114.750648498535,-60.5991134643555,-113.897537231445
54.9902356949733,-115.033172607422,-60.6571159362793,-113.317115783691
55.0069028287617,-115.389106750488,-60.8115921020508,-112.677223205566
55.0235699625518,-115.635871887207,-60.9760437011719,-112.230415344238
55.0402370963411,-115.690399169922,-61.1762428283691,-112.00365447998
55.0569042301304,-115.510452270508,-61.381046295166,-112.039085388184
55.0735713639197,-115.099998474121,-61.4664993286133,-112.253372192383
55.0902384977089,-114.438514709473,-61.4483985900879,-112.697303771973
55.1069056314982,-113.544441223145,-61.2816123962402,-113.298538208008
55.1235727652875,-112.48705291748,-61.0669593811035,-114.001968383789
55.1402398990776,-111.454635620117,-60.8006782531738,-114.635025024414
55.156907032866,-110.62223815918,-60.5180740356445,-115.034759521484
55.1735741666562,-110.06770324707,-60.2550811767578,-115.145202636719
55.1902413004455,-109.827407836914,-60.0497207641602,-114.958885192871
55.2069084342347,-109.846611022949,-59.9126853942871,-114.559150695801
55.223575568024,-110.06763458252,-59.8546142578125,-114.012512207031
55.2402427018133,-110.407005310059,-59.8356132507324,-113.38117980957
55.2569098356025,-110.768203735352,-59.8291053771973,-112.747451782227
55.2735769693918,-111.15079498291,-59.8151016235352,-112.11181640625
55.290244103182,-111.419372558594,-59.7415962219238,-111.602645874023
55.3069112369703,-111.611442565918,-59.6296882629395,-111.174095153809
55.3235783707605,-111.748237609863,-59.4413261413574,-110.813453674316
55.3402455045498,-111.769729614258,-59.247444152832,-110.598892211914
55.3569126383391,-111.754928588867,-59.0840110778809,-110.4326171875
55.3735797721283,-111.765647888184,-58.9437561035156,-110.275917053223
55.3902469059176,-111.805076599121,-58.8374137878418,-110.127433776855
55.4069140397069,-111.908142089844,-58.8352508544922,-109.956451416016
55.4235811734961,-112.039253234863,-58.8990516662598,-109.79907989502
55.4402483072863,-112.236427307129,-59.0098724365234,-109.63355255127
55.4569154410747,-112.547424316406,-59.155933380127,-109.395874023438
55.4735825748648,-112.994590759277,-59.3115310668945,-109.055236816406
55.4902497086541,-113.624534606934,-59.499382019043,-108.552001953125
55.5069168424434,-114.364768981934,-59.5896987915039,-107.915046691895
55.5235839762327,-115.007507324219,-59.5650749206543,-107.355804443359
55.5402511100219,-115.535972595215,-59.4539985656738,-106.907768249512
55.5569182438112,-115.742584228516,-59.1186904907227,-106.804344177246
55.5735853776005,-115.914619445801,-59.2438583374023,-106.793357849121
55.5902525113906,-116.18830871582,-59.2477645874023,-106.69319152832
55.606919645179,-116.447227478027,-59.2666931152344,-106.716415405273
55.6235867789692,-116.946144104004,-59.6592292785645,-106.595314025879
55.6402539127585,-117.659027099609,-59.9779815673828,-106.289054870605
55.6569210465477,-118.377700805664,-60.141544342041,-106.003128051758
55.673588180337,-119.225898742676,-60.2337913513184,-105.515853881836
55.6902553141263,-120.104988098145,-60.2694664001465,-104.996627807617
55.7069224479155,-120.944961547852,-60.2397422790527,-104.508476257324
55.7235895817048,-121.674491882324,-60.1182594299316,-104.140312194824
55.740256715495,-122.189384460449,-60.0129928588867,-104.016723632812
55.7569238492833,-122.535942077637,-59.9796562194824,-104.05069732666
55.7735909830735,-122.68595123291,-60.0077667236328,-104.293190002441
55.7902581168628,-122.683670043945,-60.1125640869141,-104.716156005859
55.8069252506521,-122.595848083496,-60.2998695373535,-105.242172241211
55.8235923844413,-122.449554443359,-60.5541305541992,-105.849456787109
55.8402595182306,-122.334014892578,-60.8657989501953,-106.432258605957
55.8569266520199,-122.247314453125,-61.199405670166,-106.972389221191
55.8735937858091,-122.2470703125,-61.5204963684082,-107.411552429199
55.8902609195993,-122.327651977539,-61.8643035888672,-107.707412719727
55.9069280533877,-122.339126586914,-62.1597099304199,-108.021835327148
55.9235951871779,-122.301559448242,-62.3685684204102,-108.331016540527
55.9402623209671,-122.178848266602,-62.4975624084473,-108.660690307617
55.9569294547564,-121.955215454102,-62.5925178527832,-109.050186157227
55.9735965885457,-121.657020568848,-62.6763763427734,-109.461975097656
55.9902637223349,-121.259727478027,-62.7185478210449,-109.93529510498
56.0069308561242,-120.815147399902,-62.7292861938477,-110.433837890625
56.0235979899135,-120.387878417969,-62.7299194335938,-110.868118286133
56.0402651237036,-119.993118286133,-62.7452735900879,-111.220634460449
56.056932257492,-119.702812194824,-62.7265396118164,-111.431564331055
56.0735993912822,-119.481330871582,-62.7054252624512,-111.549644470215
56.0902665250715,-119.216690063477,-62.7106781005859,-111.665367126465
56.1069336588607,-118.821876525879,-62.7650871276855,-111.892730712891
56.12360079265,-118.308181762695,-62.8749160766602,-112.218139648438
56.1402679264393,-117.765960693359,-62.9453582763672,-112.552543640137
56.1569350602285,-117.351051330566,-62.9890022277832,-112.722229003906
56.1736021940178,-116.958633422852,-62.6845245361328,-112.820213317871
56.190269327808,-116.624923706055,-62.9055862426758,-112.850601196289
56.2069364615963,-117.077926635742,-63.1596069335938,-111.973579406738
56.2236035953865,-117.085998535156,-63.0452766418457,-111.621681213379
56.2402707291758,-117.691986083984,-63.2048034667969,-110.707542419434
56.2569378629651,-118.098983764648,-63.2969360351562,-109.940849304199
56.2736049967543,-118.476226806641,-63.4535789489746,-109.29801940918
56.2902721305436,-118.725173950195,-63.6571235656738,-108.806686401367
56.3069392643329,-118.76244354248,-63.735782623291,-108.61279296875
56.3236063981221,-118.613914489746,-63.9642562866211,-108.632850646973
56.3402735319123,-118.102561950684,-63.9439849853516,-108.966728210449
56.3569406657007,-117.24772644043,-63.8436088562012,-109.648895263672
56.3736077994909,-116.243675231934,-63.7194709777832,-110.437393188477
56.3902749332801,-115.217315673828,-63.5521507263184,-111.229515075684
56.4069420670694,-114.317169189453,-63.3489875793457,-111.880065917969
56.4236092008587,-113.638763427734,-63.1505012512207,-112.33130645752
56.4402763346479,-113.155380249023,-62.9529266357422,-112.598190307617
56.4569434684372,-112.845359802246,-62.7512092590332,-112.70044708252
56.4736106022265,-112.714416503906,-62.5279998779297,-112.619476318359
56.4902777360167,-112.74405670166,-62.3067207336426,-112.373710632324
56.506944869805,-112.921592712402,-62.1122055053711,-112.009552001953
56.5236120035952,-113.165664672852,-61.9584922790527,-111.616424560547
56.5402791373845,-113.395240783691,-61.7980575561523,-111.272567749023
56.5569462711737,-113.56827545166,-61.6016120910645,-111.001304626465
56.573613404963,-113.596122741699,-61.392894744873,-110.892166137695
56.5902805387523,-113.503616333008,-61.2011604309082,-110.940116882324
56.6069476725415,-113.356498718262,-60.9969291687012,-111.083435058594
56.6236148063308,-113.240203857422,-60.8230819702148,-111.222602844238
56.640281940121,-113.204437255859,-60.6702270507812,-111.305648803711
56.6569490739093,-113.312591552734,-60.6075401306152,-111.285659790039
56.6736162076995,-113.565864562988,-60.6095275878906,-111.172843933105
56.6902833414888,-113.970794677734,-60.6744499206543,-110.926170349121
56.7069504752781,-114.506362915039,-60.7417755126953,-110.565246582031
56.7236176090673,-115.131065368652,-60.8362350463867,-110.139839172363
56.7402847428566,-115.830375671387,-60.9169692993164,-109.66805267334
56.7569518766459,-116.455505371094,-60.9552536010742,-109.270736694336
56.7736190104351,-116.91187286377,-60.9382705688477,-109.026893615723
56.7902861442253,-117.002998352051,-60.4756011962891,-109.177780151367
56.8069532780137,-116.756248474121,-60.6540756225586,-109.768119812012
56.8236204118039,-117.024101257324,-60.9404220581055,-109.782623291016
56.8402875455931,-117.028121948242,-60.8415565490723,-110.091651916504
56.8569546793824,-117.359359741211,-61.1727333068848,-110.213195800781
56.8736218131717,-118.020004272461,-61.5568618774414,-109.95987701416
56.8902889469609,-118.522918701172,-61.5817565917969,-109.820152282715
56.9069560807502,-119.063896179199,-61.6594123840332,-109.568374633789
56.9236232145395,-119.381492614746,-61.6125411987305,-109.399322509766
56.9402903483297,-119.590957641602,-61.4366989135742,-109.299896240234
56.956957482118,-119.638359069824,-61.2131271362305,-109.304405212402
56.9736246159082,-119.514106750488,-61.0437049865723,-109.49488067627
56.9902917496975,-119.139404296875,-60.9255752563477,-109.936950683594
57.0069588834867,-118.589881896973,-60.8439598083496,-110.55297088623
57.023626017276,-117.926780700684,-60.793586730957,-111.281280517578
57.0402931510653,-117.298416137695,-60.7829399108887,-111.976783752441
57.0569602848545,-116.784461975098,-60.786506652832,-112.550521850586
57.0736274186438,-116.467926025391,-60.7920532226562,-112.912254333496
57.090294552434,-116.305198669434,-60.8011207580566,-113.07479095459
57.1069616862223,-116.162010192871,-60.7757682800293,-113.196403503418
57.1236288200125,-116.013984680176,-60.7356147766113,-113.308082580566
57.1402959538018,-115.861946105957,-60.6863327026367,-113.407127380371
57.1569630875911,-115.694229125977,-60.5848388671875,-113.491195678711
57.1736302213803,-115.474563598633,-60.4496421813965,-113.593406677246
57.1902973551696,-115.234199523926,-60.3175239562988,-113.694427490234
57.2069644889589,-114.978897094727,-60.2022438049316,-113.799858093262
57.2236316227481,-114.778038024902,-60.0825119018555,-113.83650970459
57.2402987565383,-114.599334716797,-59.937084197998,-113.849761962891
57.2569658903267,-114.50212097168,-59.9055557250977,-113.774955749512
57.2736330241169,-114.556198120117,-59.9427108764648,-113.570556640625
57.2903001579061,-114.69792175293,-60.072696685791,-113.35506439209
57.3069672916954,-114.947006225586,-60.3190765380859,-113.111480712891
57.3236344254847,-115.246864318848,-60.5514183044434,-112.877853393555
57.3403015592739,-115.581474304199,-60.7335357666016,-112.637435913086
57.3569686930632,-115.991981506348,-60.8905296325684,-112.325172424316
57.3736358268525,-116.535667419434,-60.9905967712402,-111.858139038086
57.3903029606427,-117.2275390625,-60.8564186096191,-111.181907653809
57.4069700944319,-117.37678527832,-60.2777671813965,-110.964019775391
57.4236372282212,-118.148735046387,-60.8802375793457,-110.023834228516
57.4403043620105,-118.551292419434,-60.7164611816406,-109.336334228516
57.4569714957997,-119.213752746582,-61.0014114379883,-108.67463684082
57.473638629589,-119.98770904541,-61.431282043457,-107.785163879395
57.4903057633783,-120.498512268066,-61.8887825012207,-107.350074768066
57.5069728971675,-120.716667175293,-62.3486328125,-107.228736877441
57.5236400309568,-120.390556335449,-62.6933708190918,-107.710227966309
57.540307164747,-119.948806762695,-63.0614013671875,-108.28101348877
57.5569742985363,-118.881958007812,-63.2084007263184,-109.44783782959
57.5736414323255,-117.76847076416,-63.3781394958496,-110.628456115723
57.5903085661148,-116.685943603516,-63.4854393005371,-111.718215942383
57.6069756999041,-115.79125213623,-63.5047416687012,-112.589881896973
57.6236428336933,-115.094551086426,-63.4802093505859,-113.212059020996
57.6403099674826,-114.624603271484,-63.4745330810547,-113.585441589355
57.6569771012719,-114.259635925293,-63.4585380554199,-113.840316772461
57.6736442350611,-113.938507080078,-63.4641036987305,-114.063163757324
57.6903113688513,-113.616302490234,-63.4599456787109,-114.309844970703
57.7069785026406,-113.242149353027,-63.4314842224121,-114.630409240723
57.7236456364299,-112.763740539551,-63.3866958618164,-115.069915771484
57.7403127702191,-112.177108764648,-63.2879180908203,-115.637504577637
57.7569799040084,-111.57088470459,-63.1294937133789,-116.265602111816
57.7736470377977,-110.980697631836,-62.9675369262695,-116.930397033691
57.7903141715869,-110.469696044922,-62.767333984375,-117.555442810059
57.8069813053762,-110.054344177246,-62.5736312866211,-118.115211486816
57.8236484391655,-109.765205383301,-62.420539855957,-118.578178405762
57.8403155729557,-109.676124572754,-62.3183326721191,-118.876235961914
57.8569827067449,-109.82495880127,-62.287670135498,-118.989372253418
57.8736498405342,-110.209533691406,-62.3145637512207,-118.897888183594
57.8903169743235,-110.770622253418,-62.3469657897949,-118.635292053223
57.9069841081127,-111.374229431152,-62.3875694274902,-118.315956115723
57.923651241902,-111.92945098877,-62.4035949707031,-117.988594055176
57.9403183756913,-112.373840332031,-62.4285583496094,-117.742492675781
57.9569855094805,-112.846878051758,-62.4783363342285,-117.441604614258
57.9736526432698,-113.329582214355,-62.4862747192383,-117.15055847168
57.99031977706,-113.612007141113,-62.1500625610352,-117.060729980469
58.0069869108493,-113.458503723145,-62.2606391906738,-117.510513305664
58.0236540446385,-113.635726928711,-62.4343757629395,-117.55150604248
58.0403211784278,-113.345764160156,-62.2026977539062,-118.093193054199
58.0569883122171,-113.440048217773,-62.4566383361816,-118.442573547363
58.0736554460063,-113.605728149414,-62.7050628662109,-118.726081848145
58.0903225797956,-113.934745788574,-62.8731956481934,-118.881385803223
58.1069897135849,-114.181190490723,-62.8752250671387,-119.025703430176
58.1236568473741,-114.39111328125,-62.7983436584473,-119.18147277832
58.1403239811643,-114.507278442383,-62.6601409912109,-119.395545959473
58.1569911149536,-114.521690368652,-62.4039077758789,-119.676933288574
58.1736582487429,-114.49732208252,-62.1999397277832,-120.007026672363
58.1903253825321,-114.374473571777,-62.0786819458008,-120.454635620117
58.2069925163214,-114.205436706543,-62.0514373779297,-120.966873168945
58.2236596501107,-113.984146118164,-62.1028671264648,-121.56143951416
58.2403267838999,-113.747657775879,-62.1801223754883,-122.169448852539
58.2569939176892,-113.542854309082,-62.2887649536133,-122.728912353516
58.2736610514785,-113.437034606934,-62.4020690917969,-123.153419494629
58.2903281852687,-113.403366088867,-62.5054397583008,-123.483184814453
58.3069953190579,-113.412536621094,-62.5746154785156,-123.756965637207
58.3236624528472,-113.330375671387,-62.5776405334473,-124.102149963379
58.3403295866365,-113.195205688477,-62.5443992614746,-124.46028137207
58.3569967204257,-113.005271911621,-62.4643058776855,-124.835426330566
58.373663854215,-112.792816162109,-62.3680152893066,-125.215103149414
58.3903309880043,-112.587524414062,-62.2841529846191,-125.588180541992
58.4069981217935,-112.407691955566,-62.2331466674805,-125.929183959961
58.4236652555828,-112.266235351562,-62.1570358276367,-126.224189758301
58.440332389373,-112.156867980957,-62.0664138793945,-126.463821411133
58.4569995231623,-112.029716491699,-61.9800758361816,-126.681831359863
58.4736666569515,-111.970062255859,-61.9595413208008,-126.807434082031
58.4903337907408,-111.960418701172,-61.8814392089844,-126.881011962891
58.5070009245301,-112.016593933105,-61.8253631591797,-126.884696960449
58.5236680583193,-112.105140686035,-61.8602333068848,-126.845222473145
58.5403351921086,-112.189422607422,-61.9319152832031,-126.79940032959
58.5570023258979,-112.248275756836,-62.0364379882812,-126.759239196777
58.5736694596872,-112.2802734375,-62.1164398193359,-126.728927612305
58.5903365934773,-112.298706054688,-62.1724815368652,-126.716209411621
58.6070037272666,-112.192825317383,-62.0156173706055,-126.840148925781
58.6236708610559,-111.883804321289,-62.0773506164551,-127.207069396973
58.6403379948451,-112.14737701416,-62.4788970947266,-127.006935119629
58.6570051286344,-112.268730163574,-62.6500549316406,-126.961265563965
58.6736722624237,-112.808525085449,-63.1171913146973,-126.514991760254
58.6903393962129,-113.353378295898,-63.5391616821289,-126.03685760498
58.7070065300022,-113.703582763672,-63.8463745117188,-125.796089172363
58.7236736637915,-113.815063476562,-64.1261291503906,-125.814544677734
58.7403407975817,-113.548835754395,-64.2650451660156,-126.239013671875
58.7570079313709,-112.808929443359,-64.4256134033203,-127.18970489502
58.7736750651602,-112.073699951172,-64.4903335571289,-128.057571411133
58.7903421989495,-111.085891723633,-64.3906326293945,-129.192565917969
58.8070093327387,-110.141227722168,-64.2430801391602,-130.274551391602
58.823676466528,-109.267349243164,-64.0406875610352,-131.250671386719
58.8403436003173,-108.490463256836,-63.8077087402344,-132.128524780273
58.8570107341066,-107.855339050293,-63.6000366210938,-132.863418579102
58.8736778678958,-107.391967773438,-63.4331970214844,-133.473922729492
58.890345001686,-107.10587310791,-63.3166542053223,-133.938354492188
58.9070121354753,-106.984642028809,-63.2355041503906,-134.247344970703
58.9236792692645,-106.987701416016,-63.1372871398926,-134.416595458984
58.9403464030538,-107.072364807129,-63.0273895263672,-134.499267578125
58.9570135368431,-107.193016052246,-62.9380493164062,-134.553512573242
58.9736806706323,-107.297836303711,-62.8474197387695,-134.6357421875
58.9903478044216,-107.367301940918,-62.7522964477539,-134.751617431641
59.0070149382109,-107.328468322754,-62.6282539367676,-134.96354675293
59.0236820720002,-107.220405578613,-62.4939918518066,-135.240356445312
59.0403492057903,-107.10432434082,-62.3631248474121,-135.526489257812
59.0570163395796,-107.037940979004,-62.2823295593262,-135.772994995117
59.0736834733689,-107.063972473145,-62.2561302185059,-135.950134277344
59.0903506071581,-107.21208190918,-62.2638816833496,-136.043975830078
59.1070177409474,-107.466888427734,-62.3267402648926,-136.079086303711
59.1236848747367,-107.817726135254,-62.4507217407227,-136.03483581543
59.140352008526,-108.251884460449,-62.59521484375,-135.90022277832
59.1570191423152,-108.837371826172,-62.7342109680176,-135.599151611328
59.1736862761045,-109.552062988281,-62.8567428588867,-135.135375976562
59.1903534098947,-110.39720916748,-62.97998046875,-134.492080688477
59.2070205436839,-111.373970031738,-63.0945625305176,-133.685729980469
59.2236876774732,-112.342514038086,-63.1772079467773,-132.860580444336
59.2403548112625,-113.12825012207,-63.2121315002441,-132.182418823242
59.2570219450517,-113.686332702637,-63.2279434204102,-131.758255004883
59.273689078841,-113.909446716309,-63.1086883544922,-131.759033203125
59.2903562126303,-114.027252197266,-63.3778915405273,-132.010757446289
59.3070233464196,-114.477241516113,-63.7192993164062,-131.975509643555
59.3236904802088,-114.946075439453,-63.7451095581055,-131.983596801758
59.340357613999,-116.111854553223,-64.2995376586914,-131.487442016602
59.3570247477883,-117.516906738281,-64.687858581543,-130.755523681641
59.3736918815775,-119.161819458008,-64.9454193115234,-129.885726928711
59.3903590153668,-120.45556640625,-64.9355697631836,-129.290298461914
59.4070261491561,-121.478988647461,-64.7310409545898,-128.956161499023
59.4236932829454,-121.874671936035,-64.2416152954102,-129.229202270508
59.4403604167346,-121.679138183594,-63.6933708190918,-130.127426147461
59.4570275505239,-121.162887573242,-63.2050132751465,-131.407241821289
59.4736946843132,-120.369422912598,-62.8017883300781,-133.085815429688
59.4903618181033,-119.443702697754,-62.5395431518555,-135.034774780273
59.5070289518926,-118.442901611328,-62.4368362426758,-137.170043945312
59.5236960856819,-117.509552001953,-62.4235534667969,-139.309860229492
59.5403632194711,-116.752082824707,-62.4529266357422,-141.297439575195
59.5570303532604,-116.184143066406,-62.4771270751953,-143.085052490234
59.5736974870497,-115.768974304199,-62.4601554870605,-144.69352722168
59.590364620839,-115.468963623047,-62.4579467773438,-146.106979370117
59.6070317546282,-115.262939453125,-62.4361801147461,-147.345825195312
59.6236988884175,-115.122360229492,-62.3191184997559,-148.426284790039
59.6403660222077,-115.025520324707,-62.1768798828125,-149.369995117188
59.6570331559969,-114.95433807373,-62.0903472900391,-150.192016601562
59.6737002897862,-114.907417297363,-62.0101547241211,-150.908187866211
59.6903674235755,-114.870597839355,-61.942813873291,-151.542083740234
59.7070345573648,-114.883415222168,-61.9254112243652,-152.048690795898
59.723701691154,-114.852897644043,-61.8209915161133,-152.481643676758
59.7403688249433,-114.809104919434,-61.7363739013672,-152.822723388672
59.7570359587326,-114.798622131348,-61.6759605407715,-153.02165222168
59.7737030925218,-114.807998657227,-61.6394729614258,-153.146606445312
59.790370226312,-114.848007202148,-61.659423828125,-153.181625366211
59.8070373601013,-114.824920654297,-61.7749481201172,-153.260131835938
59.8237044938905,-114.811981201172,-62.0332183837891,-153.311721801758
59.8403716276798,-114.774826049805,-62.2863388061523,-153.386672973633
59.8570387614691,-114.56810760498,-62.3611450195312,-153.651153564453
59.8737058952584,-114.072425842285,-62.7394828796387,-154.245727539062
59.8903730290476,-113.700141906738,-63.1941947937012,-154.724105834961
59.9070401628369,-113.027297973633,-63.7088432312012,-155.613845825195
59.9237072966262,-112.462783813477,-64.191535949707,-156.345169067383
59.9403744304163,-111.833625793457,-64.4140167236328,-157.109481811523
59.9570415642056,-110.967041015625,-64.4689865112305,-158.127197265625
59.9737086979949,-109.738777160645,-64.5022506713867,-159.600479125977
59.9903758317841,-108.396133422852,-64.3990020751953,-161.181457519531
60.0070429655734,-107.420555114746,-64.5714645385742,-162.433364868164
60.0237100993627,-106.530670166016,-64.6000518798828,-163.632568359375
60.040377233152,-106.032867431641,-64.6092147827148,-164.544830322266
60.0570443669412,-105.592338562012,-64.5349273681641,-165.420883178711
60.0737115007305,-105.256401062012,-64.4478225708008,-166.251815795898
60.0903786345207,-104.971954345703,-64.3084182739258,-167.072616577148
60.1070457683099,-104.882530212402,-64.1724243164062,-167.73567199707
60.1237129020992,-104.996147155762,-64.0578231811523,-168.210739135742
60.1403800358885,-105.350341796875,-63.9471969604492,-168.444152832031
60.1570471696778,-105.941421508789,-63.8515205383301,-168.420059204102
60.173714303467,-106.703239440918,-63.7714157104492,-168.17431640625
60.1903814372563,-107.510429382324,-63.6636810302734,-167.830215454102
60.2070485710456,-108.223022460938,-63.5215606689453,-167.531829833984
60.2237157048348,-108.68822479248,-63.3746299743652,-167.456695556641
60.240382838625,-108.930603027344,-63.2535629272461,-167.572723388672
60.2570499724143,-109.048614501953,-63.1382064819336,-167.786819458008
60.2737171062035,-109.050361633301,-63.0062561035156,-168.112762451172
60.2903842399928,-108.951560974121,-62.8715858459473,-168.539581298828
60.3070513737821,-108.785461425781,-62.73193359375,-169.031814575195
60.3237185075714,-108.623039245605,-62.6095581054688,-169.508117675781
60.3403856413606,-108.463798522949,-62.5120506286621,-170.024337768555
60.3570527751508,-108.388916015625,-62.4872779846191,-170.49072265625
60.3737199089392,-108.422973632812,-62.4991149902344,-170.879959106445
60.3903870427293,-108.567398071289,-62.5462646484375,-171.188415527344
60.4070541765186,-108.725608825684,-62.6109733581543,-171.52229309082
60.4237213103079,-108.930824279785,-62.6693344116211,-171.827087402344
60.4403884440972,-109.200775146484,-62.6801147460938,-172.044494628906
60.4570555778864,-109.556015014648,-62.6324729919434,-172.13444519043
60.4737227116757,-109.880096435547,-62.5454025268555,-172.261245727539
60.490389845465,-110.176307678223,-62.510009765625,-172.429931640625
60.5070569792551,-110.510757446289,-62.4269523620605,-172.599639892578
60.5237241130435,-110.676971435547,-62.2573928833008,-173.001190185547
60.5403912468337,-110.939529418945,-62.4791145324707,-173.424789428711
60.5570583806229,-111.345191955566,-62.4069137573242,-173.665634155273
60.5737255144122,-111.575736999512,-62.3387489318848,-174.135559082031
60.5903926482015,-111.983688354492,-62.4916229248047,-174.431015014648
60.6070597819908,-112.402786254883,-62.4113121032715,-174.693939208984
60.62372691578,-112.76318359375,-62.1564445495605,-175.025527954102
60.6403940495693,-113.378929138184,-62.1813926696777,-175.11164855957
60.6570611833595,-114.233627319336,-62.2424278259277,-174.893402099609
60.6737283171478,-115.249855041504,-62.1877403259277,-174.476577758789
60.690395450938,-116.212539672852,-62.1500701904297,-174.051605224609
60.7070625847273,-117.033363342285,-62.0848503112793,-173.727966308594
60.7237297185166,-117.60343170166,-62.0128593444824,-173.669357299805
60.7403968523058,-118.006301879883,-62.0450630187988,-173.801788330078
60.7570639860951,-118.334190368652,-62.0834617614746,-174.044189453125
60.7737311198844,-118.686820983887,-62.1906776428223,-174.317337036133
60.7903982536736,-119.128059387207,-62.3816909790039,-174.556945800781
60.8070653874638,-119.819793701172,-62.688304901123,-174.63932800293
60.8237325212522,-120.859558105469,-63.1238250732422,-174.469390869141
60.8403996550423,-122.252830505371,-63.638069152832,-174.008544921875
60.8570667888316,-123.926803588867,-64.1839141845703,-173.318084716797
60.8737339226209,-125.707649230957,-64.7316284179688,-172.537567138672
60.8904010564102,-127.574668884277,-65.2848510742188,-171.652908325195
60.9070681901994,-129.478713989258,-65.8174667358398,-170.649475097656
60.9237353239887,-131.222869873047,-66.2445220947266,-169.745452880859
60.940402457778,-132.670608520508,-66.5781707763672,-169.043075561523
60.9570695915681,-133.872360229492,-66.8990783691406,-168.541442871094
60.9737367253565,-134.842163085938,-67.216796875,-168.246612548828
60.9904038591467,-135.717620849609,-67.5384979248047,-168.009628295898
61.007070992936,-136.554138183594,-67.8017120361328,-167.757446289062
61.0237381267252,-137.295333862305,-67.9681930541992,-167.534652709961
61.0404052605145,-137.834274291992,-67.9838409423828,-167.414352416992
61.0570723943038,-137.890991210938,-67.8743133544922,-167.678726196289
61.073739528093,-137.41291809082,-67.9110107421875,-168.386260986328
61.0904066618823,-136.438812255859,-68.0133895874023,-169.499053955078
61.1070737956725,-135.282684326172,-68.2061004638672,-170.783782958984
61.1237409294608,-133.999572753906,-68.5339202880859,-172.163421630859
61.140408063251,-131.548141479492,-68.9168014526367,-174.691268920898
61.1570751970403,-128.22314453125,-69.59423828125,-178.119430541992
61.1737423308296,-126.340057373047,-70.6722030639648,179.62419128418
61.1904094646188,-122.937461853027,-70.8266448974609,175.575576782227
61.2070765984081,-118.811172485352,-71.0528945922852,170.541046142578
61.2237437321974,-114.065528869629,-70.9684600830078,164.996826171875
61.2404108659866,-109.09058380127,-70.6073303222656,159.242294311523
61.2570779997768,-104.414779663086,-70.1486511230469,153.856262207031
61.2737451335652,-100.260704040527,-69.6941833496094,149.036758422852
61.2904122673554,-96.1453628540039,-69.2844924926758,144.17057800293
61.3070794011446,-92.3326034545898,-68.7728118896484,139.674133300781
61.3237465349339,-88.5930557250977,-68.0821685791016,135.384460449219
61.3404136687232,-85.0136566162109,-67.356559753418,131.235427856445
61.3570808025124,-81.5773773193359,-66.5733489990234,127.134094238281
61.3737479363017,-78.8336486816406,-65.6268997192383,123.625564575195
61.390415070091,-76.4625625610352,-64.822151184082,120.478790283203
61.4070822038811,-74.7995834350586,-64.0408935546875,117.98949432373
61.4237493376695,-73.9131469726562,-63.3636741638184,116.189727783203
61.4404164714597,-73.3545150756836,-62.5754203796387,114.692649841309
61.457083605249,-73.0716018676758,-61.8896217346191,113.640113830566
61.4737507390382,-72.9861450195312,-61.3086738586426,113.043182373047
61.4904178728275,-73.1153793334961,-60.7564544677734,112.925186157227
61.5070850066168,-73.5330047607422,-60.2398452758789,113.297462463379
61.523752140406,-73.9408950805664,-59.7981986999512,113.914520263672
61.5404192741953,-74.2496795654297,-59.3265724182129,114.640098571777
61.5570864079855,-74.4757919311523,-58.8598098754883,115.448028564453
61.5737535417738,-74.6624526977539,-58.3483810424805,116.247619628906
61.590420675564,-74.8873901367188,-57.7815895080566,117.169242858887
61.6070878093533,-74.9101333618164,-57.0683097839355,117.996299743652
61.6237549431426,-74.7656326293945,-56.2124099731445,118.764694213867
61.6404220769318,-74.6169052124023,-55.3090057373047,119.509460449219
61.6570892107211,-74.5303802490234,-54.5956764221191,120.337280273438
61.6737563445104,-74.5868911743164,-53.9316177368164,121.301689147949
61.6904234782996,-74.8206939697266,-53.3945541381836,122.385597229004
61.7070906120898,-75.1227416992188,-52.9208374023438,123.486312866211
61.7237577458782,-75.484245300293,-52.5674171447754,124.592872619629
61.7404248796684,-75.9187088012695,-52.2783584594727,125.821212768555
61.7570920134576,-76.4943466186523,-52.1120185852051,127.253601074219
61.7737591472469,-77.206428527832,-52.0219039916992,128.685516357422
61.7904262810362,-78.0059127807617,-52.0551414489746,130.060516357422
61.8070934148254,-78.8316955566406,-52.1868934631348,131.402801513672
61.8237605486147,-79.6475372314453,-52.1387405395508,132.55110168457
61.840427682404,-80.9277954101562,-52.0769500732422,134.182388305664
61.8570948161941,-82.3739166259766,-52.0507736206055,135.918167114258
61.8737619499825,-83.853889465332,-52.0493392944336,137.706878662109
61.8904290837727,-85.3697280883789,-51.9450149536133,139.56965637207
61.907096217562,-86.6930236816406,-51.885368347168,141.190948486328
61.9237633513512,-88.0272521972656,-51.8350524902344,142.941070556641
61.9404304851405,-89.3574066162109,-51.6998596191406,144.774398803711
61.9570976189298,-90.5605545043945,-51.7305107116699,146.516464233398
61.973764752719,-91.6269302368164,-51.870792388916,148.158874511719
61.9904318865083,-92.5940628051758,-52.0290069580078,149.652267456055
62.0070990202985,-93.3492431640625,-52.2167472839355,150.866119384766
62.0237661540868,-93.9123840332031,-52.3755035400391,151.846954345703
62.040433287877,-94.3634796142578,-52.5021324157715,152.679260253906
62.0571004216663,-94.7469711303711,-52.6453895568848,153.393814086914
62.0737675554556,-95.159049987793,-52.8253936767578,154.090728759766
62.0904346892448,-95.6016845703125,-53.0754623413086,154.796997070312
62.1071018230341,-96.068733215332,-53.3715553283691,155.467620849609
62.1237689568234,-96.4922256469727,-53.7174186706543,156.002487182617
62.1404360906126,-96.8651885986328,-54.1356887817383,156.437759399414
62.1571032244028,-97.2297210693359,-54.6018714904785,156.803039550781
62.1737703581912,-97.6047058105469,-55.0090980529785,157.128753662109
62.1904374919814,-98.0592346191406,-55.3926963806152,157.493774414062
62.2071046257706,-98.5847625732422,-55.7516632080078,157.897308349609
62.2237717595599,-99.1564712524414,-56.0886001586914,158.298721313477
62.2404388933492,-99.7158432006836,-56.3820266723633,158.653564453125
62.2571060271384,-100.277359008789,-56.634449005127,159.006423950195
62.2737731609277,-100.843658447266,-56.8508529663086,159.384017944336
62.290440294717,-101.427833557129,-57.0459823608398,159.799865722656
62.3071074285072,-102.050247192383,-57.2159309387207,160.291763305664
62.3237745622955,-102.629524230957,-57.3302040100098,160.83024597168
62.3404416960857,-103.120407104492,-57.4082450866699,161.360626220703
62.357108829875,-103.604156494141,-57.4842720031738,161.921951293945
62.3737759636642,-104.040802001953,-57.6600532531738,162.417114257812
62.3904430974535,-104.460929870605,-58.0229339599609,162.816268920898
62.4071102312428,-104.916320800781,-58.4380340576172,163.202041625977
62.423777365032,-105.281303405762,-58.8480491638184,163.497665405273
62.4404444988213,-105.603225708008,-58.9904594421387,163.838073730469
62.4571116326115,-105.707786560059,-59.1523742675781,164.019256591797
62.4737787663998,-106.181915283203,-59.6756706237793,164.62223815918
62.49044590019,-106.558044433594,-59.8209686279297,165.154922485352
62.5071130339793,-107.417182922363,-60.3738327026367,166.118698120117
62.5237801677686,-108.371116638184,-60.8253707885742,167.24755859375
62.5404473015578,-109.363487243652,-61.2854919433594,168.371765136719
62.5571144353471,-109.959732055664,-61.5075263977051,169.171615600586
62.5737815691364,-110.295867919922,-61.7098388671875,169.714263916016
62.5904487029256,-110.101860046387,-61.7501831054688,169.693786621094
62.6071158367158,-109.638565063477,-61.7946701049805,169.374282836914
62.6237829705042,-109.05419921875,-61.7477264404297,168.952377319336
62.6404501042944,-108.540153503418,-61.7006225585938,168.623916625977
62.6571172380836,-108.107482910156,-61.5849151611328,168.379409790039
62.6737843718729,-107.868659973145,-61.5235176086426,168.270858764648
62.6904515056622,-107.865234375,-61.5155334472656,168.338836669922
62.7071186394514,-108.082290649414,-61.5197792053223,168.558258056641
62.7237857732407,-108.463134765625,-61.5161285400391,168.90380859375
62.74045290703,-108.892372131348,-61.4646148681641,169.316421508789
62.7571200408202,-109.183303833008,-61.3629035949707,169.630386352539
62.7737871746085,-109.318367004395,-61.2555465698242,169.80322265625
62.7904543083987,-109.371932983398,-61.1595230102539,169.901519775391
62.807121442188,-109.38256072998,-61.0761871337891,169.948165893555
62.8237885759772,-109.352630615234,-60.9946746826172,169.931457519531
62.8404557097665,-109.274803161621,-60.9402275085449,169.829681396484
62.8571228435558,-109.151672363281,-60.8971290588379,169.662811279297
62.873789977345,-108.999931335449,-60.8656044006348,169.468963623047
62.8904571111343,-108.848983764648,-60.8203010559082,169.227249145508
62.9071242449245,-108.697853088379,-60.8349723815918,169.004165649414
62.9237913787128,-108.640426635742,-60.8404579162598,168.895736694336
62.940458512503,-108.682670593262,-60.8629302978516,168.926239013672
62.9571256462923,-108.849533081055,-60.8768348693848,169.097579956055
62.9737927800816,-109.099754333496,-60.9223709106445,169.353530883789
62.9904599138708,-109.387840270996,-60.9442024230957,169.632110595703
63.0071270476601,-109.650764465332,-60.8645820617676,169.916732788086
63.0237941814494,-109.852378845215,-60.7911987304688,170.143661499023
63.0404613152386,-109.946937561035,-60.6909294128418,170.215103149414
63.0571284490288,-109.982948303223,-60.606128692627,170.122940063477
63.0737955828172,-109.769355773926,-60.1438522338867,169.700424194336
63.0904627166074,-109.061225891113,-60.2207336425781,168.577346801758
63.1071298503966,-108.530082702637,-60.3806076049805,167.607131958008
63.1237969841859,-107.953392028809,-60.1531028747559,166.567626953125
63.1404641179752,-107.801399230957,-60.2256393432617,165.823608398438
63.1571312517644,-107.912437438965,-60.293830871582,165.348403930664
63.1737983855537,-108.071983337402,-60.0331001281738,164.997283935547
63.190465519343,-108.214088439941,-59.9564323425293,164.656753540039
63.2071326531332,-108.347106933594,-59.7547035217285,164.478927612305
63.2237997869215,-108.452163696289,-59.446475982666,164.318756103516
63.2404669207117,-108.432037353516,-59.1601142883301,164.117477416992
63.257134054501,-108.228469848633,-58.9094619750977,163.71435546875
63.2738011882902,-107.803359985352,-58.6037330627441,163.069107055664
63.2904683220795,-107.257041931152,-58.3975219726562,162.300384521484
63.3071354558688,-106.647064208984,-58.2100219726562,161.432464599609
63.323802589658,-106.099998474121,-58.0637664794922,160.61701965332
63.3404697234473,-105.750396728516,-58.0420608520508,160.014770507812
63.3571368572375,-105.614250183105,-58.0847015380859,159.638549804688
63.3738039910259,-105.568061828613,-58.1086006164551,159.361572265625
63.390471124816,-105.573036193848,-58.1647796630859,159.131332397461
63.4071382586053,-105.594596862793,-58.2371978759766,158.913040161133
63.4238053923946,-105.560821533203,-58.2931365966797,158.663055419922
63.4404725261838,-105.525802612305,-58.331127166748,158.441970825195
63.4571396599731,-105.444717407227,-58.3498420715332,158.225631713867
63.4738067937624,-105.379760742188,-58.3623352050781,158.062301635742
63.4904739275516,-105.3720703125,-58.3418426513672,157.98420715332
63.5071410613418,-105.443092346191,-58.3535385131836,157.97477722168
63.5238081951302,-105.590873718262,-58.3818359375,158.04345703125
63.5404753289204,-105.823959350586,-58.4023475646973,158.238464355469
63.5571424627096,-106.115585327148,-58.373722076416,158.540130615234
63.5738095964989,-106.421646118164,-58.3755378723145,158.892425537109
63.5904767302882,-106.69474029541,-58.4380531311035,159.23405456543
63.6071438640774,-106.964790344238,-58.6131134033203,159.559829711914
63.6238109978667,-107.254341125488,-58.7715873718262,159.897567749023
63.640478131656,-107.493515014648,-58.9853515625,160.166625976562
63.6571452654462,-107.654113769531,-58.9426193237305,160.390594482422
63.6738123992345,-107.502250671387,-58.654899597168,160.406448364258
63.6904795330247,-107.67162322998,-59.0303535461426,160.808868408203
63.707146666814,-107.706924438477,-58.8720779418945,161.17903137207
63.7238138006032,-108.070426940918,-59.0293655395508,161.758682250977
63.7404809343925,-108.652923583984,-59.2772674560547,162.569625854492
63.7571480681818,-109.365798950195,-59.5893936157227,163.386108398438
63.773815201971,-110.025718688965,-59.9683303833008,164.086563110352
63.7904823357603,-110.590766906738,-60.1911849975586,164.689895629883
63.8071494695505,-111.014007568359,-60.513729095459,165.175277709961
63.8238166033389,-111.136108398438,-60.571662902832,165.435302734375
63.840483737129,-111.002700805664,-60.5138778686523,165.424331665039
63.8571508709183,-110.56086730957,-60.3957214355469,165.140289306641
63.8738180047076,-109.916389465332,-60.2170104980469,164.683120727539
63.8904851384968,-109.145454406738,-59.9948654174805,164.118728637695
63.9071522722861,-108.38264465332,-59.7382431030273,163.615127563477
63.9238194060754,-107.759132385254,-59.535816192627,163.272720336914
63.9404865398647,-107.395645141602,-59.4378089904785,163.161407470703
63.9571536736548,-107.340560913086,-59.4501876831055,163.311019897461
63.9738208074432,-107.520584106445,-59.5545997619629,163.648529052734
63.9904879412334,-107.806076049805,-59.7094802856445,164.050750732422
64.0071550750226,-108.12279510498,-59.8721084594727,164.46565246582
64.0238222088119,-108.475196838379,-60.0064010620117,164.910705566406
64.0404893426012,-108.868324279785,-60.0709075927734,165.394638061523
64.0571564763904,-109.276176452637,-60.0889053344727,165.884735107422
64.0738236101797,-109.628005981445,-60.0315246582031,166.282333374023
64.090490743969,-109.88599395752,-59.9521636962891,166.593017578125
64.1071578777592,-109.970962524414,-59.8189392089844,166.71076965332
64.1238250115475,-109.940353393555,-59.7145156860352,166.684463500977
64.1404921453377,-109.92896270752,-59.641773223877,166.637268066406
64.157159279127,-109.993965148926,-59.5953216552734,166.627868652344
64.1738264129162,-110.148460388184,-59.5999221801758,166.649032592773
64.1904935467055,-110.395378112793,-59.6523933410645,166.726776123047
64.2071606804948,-110.713882446289,-59.7497901916504,166.837905883789
64.223827814284,-111.188323974609,-59.9452934265137,167.085006713867
64.2404949480733,-111.840446472168,-60.176685333252,167.503890991211
64.2571620818635,-112.643013000488,-60.4183769226074,168.076156616211
64.2738292156519,-113.448776245117,-60.6302642822266,168.655014038086
64.290496349442,-114.20783996582,-60.7745742797852,169.191116333008
64.3071634832313,-114.67537689209,-60.5647621154785,169.45361328125
64.3238306170206,-114.917129516602,-60.8756065368652,169.387771606445
64.3404977508098,-115.079345703125,-61.015697479248,169.342620849609
64.3571648845991,-114.842880249023,-60.7781791687012,168.877182006836
64.3738320183884,-114.932197570801,-61.1977424621582,168.587280273438
64.3904991521777,-115.175155639648,-61.4994697570801,168.508697509766
64.4071662859678,-115.464866638184,-61.5729751586914,168.4599609375
64.4238334197562,-115.905097961426,-61.715648651123,168.627456665039
64.4405005535464,-116.261047363281,-61.8092231750488,168.776062011719
64.4571676873356,-116.42749786377,-61.774730682373,168.776748657227
64.4738348211249,-116.356002807617,-61.6391105651855,168.581115722656
64.4905019549142,-115.99292755127,-61.5685768127441,168.075897216797
64.5071690887034,-115.329627990723,-61.4958076477051,167.29345703125
64.5238362224927,-114.45694732666,-61.4195823669434,166.314682006836
64.540503356282,-113.477973937988,-61.3264656066895,165.256561279297
64.5571704900722,-112.421257019043,-61.1813125610352,164.137741088867
64.5738376238605,-111.416290283203,-61.0474739074707,163.107818603516
64.5905047576507,-110.612693786621,-60.9729347229004,162.318984985352
64.60717189144,-110.019714355469,-60.9010009765625,161.741714477539
64.6238390252292,-109.616561889648,-60.799747467041,161.371017456055
64.6405061590185,-109.317970275879,-60.7048797607422,161.123291015625
64.6571732928078,-109.053413391113,-60.6252098083496,160.924865722656
64.6738404265971,-108.78352355957,-60.5525093078613,160.733459472656
64.6905075603863,-108.566841125488,-60.4905395507812,160.597686767578
64.7071746941765,-108.368057250977,-60.4301261901855,160.468566894531
64.7238418279649,-108.214202880859,-60.4457054138184,160.351455688477
64.740508961755,-108.166206359863,-60.5000686645508,160.321624755859
64.7571760955443,-108.267456054688,-60.5792694091797,160.435104370117
64.7738432293336,-108.442077636719,-60.6679725646973,160.609588623047
64.7905103631228,-108.690582275391,-60.8099403381348,160.863189697266
64.8071774969121,-109.020690917969,-60.9271545410156,161.187637329102
64.8238446307014,-109.306716918945,-61.0912208557129,161.455474853516
64.8405117644907,-109.531143188477,-61.3583297729492,161.633285522461
64.8571788982808,-109.756072998047,-61.6417083740234,161.829559326172
64.8738460320692,-109.968231201172,-61.9401435852051,162.018981933594
64.8905131658594,-110.139183044434,-62.133659362793,162.203903198242
64.9071802996486,-110.163673400879,-61.8051071166992,162.345092773438
64.9238474334379,-109.70263671875,-61.7698287963867,162.052276611328
64.9405145672272,-109.361022949219,-61.6326026916504,162.041061401367
64.9571817010165,-108.639549255371,-61.5068778991699,161.564605712891
64.9738488348057,-108.25813293457,-61.6181983947754,161.459823608398
64.990515968595,-108.054626464844,-61.7462005615234,161.460876464844
65.0071831023852,-107.890289306641,-61.9672317504883,161.374755859375
65.0238502361735,-107.695579528809,-62.1270866394043,161.191833496094
65.0405173699637,-107.293769836426,-62.4332313537598,160.75373840332
65.057184503753,-106.818412780762,-62.5288467407227,160.302749633789
65.0738516375422,-106.249732971191,-62.5278968811035,159.773620605469
65.0905187713315,-105.697853088379,-62.3489875793457,159.340805053711
65.1071859051208,-105.230728149414,-62.1514625549316,159.034133911133
65.1238530389101,-104.799095153809,-61.8981399536133,158.81965637207
65.1405201726993,-104.521339416504,-61.6173286437988,158.792022705078
65.1571873064895,-104.417861938477,-61.3315467834473,158.959350585938
65.1738544402779,-104.514213562012,-61.1047248840332,159.341598510742
65.190521574068,-104.794799804688,-60.9437141418457,159.90412902832
65.2071887078573,-105.220375061035,-60.8012046813965,160.60285949707
65.2238558416466,-105.604965209961,-60.6568489074707,161.270233154297
65.2405229754359,-105.943954467773,-60.551456451416,161.909957885742
65.2571901092251,-106.259231567383,-60.4280166625977,162.537261962891
65.2738572430144,-106.492851257324,-60.2801551818848,163.072036743164
65.2905243768037,-106.631256103516,-60.1352005004883,163.501754760742
65.3071915105938,-106.707733154297,-59.9693145751953,163.869934082031
65.3238586443831,-106.742904663086,-59.8219184875488,164.177871704102
65.3405257781724,-106.769744873047,-59.7247200012207,164.455673217773
65.3571929119616,-106.862159729004,-59.6744766235352,164.760147094727
65.3738600457509,-107.094932556152,-59.6930198669434,165.163421630859
65.3905271795402,-107.488494873047,-59.7653846740723,165.683395385742
65.4071943133295,-107.980087280273,-59.8787536621094,166.234481811523
65.4238614471187,-108.510726928711,-60.0412216186523,166.780059814453
65.440528580908,-108.981712341309,-60.21142578125,167.224914550781
65.4571957146982,-109.410995483398,-60.3856010437012,167.591049194336
65.4738628484874,-109.862350463867,-60.5491828918457,167.915481567383
65.4905299822767,-110.323959350586,-60.6647796630859,168.210372924805
65.507197116066,-110.749145507812,-60.567268371582,168.450149536133
65.5238642498553,-110.846199035645,-60.4146766662598,168.327438354492
65.5405313836445,-111.157447814941,-60.7357521057129,168.361511230469
65.5571985174338,-111.375854492188,-60.7739639282227,168.321044921875
65.5738656512231,-111.828796386719,-60.9434700012207,168.435577392578
65.5905327850123,-112.564025878906,-61.2118911743164,168.771820068359
65.6071999188025,-113.264053344727,-61.528133392334,169.06396484375
65.6238670525918,-114.064498901367,-61.6880416870117,169.614898681641
65.640534186381,-114.662307739258,-61.6068458557129,170.052001953125
65.6572013201703,-115.158134460449,-61.511302947998,170.472091674805
65.6738684539596,-115.445358276367,-61.3013305664062,170.740081787109
65.6905355877489,-115.45223236084,-61.0484352111816,170.718292236328
65.7072027215381,-115.195198059082,-60.8962478637695,170.46272277832
65.7238698553274,-114.687088012695,-60.7990951538086,169.9443359375
65.7405369891167,-114.030395507812,-60.7490501403809,169.253860473633
65.7572041229068,-113.328399658203,-60.7698745727539,168.48193359375
65.7738712566961,-112.644111633301,-60.8046722412109,167.687545776367
65.7905383904854,-112.03897857666,-60.8618774414062,166.941711425781
65.8072055242747,-111.566070556641,-60.9535713195801,166.330505371094
65.8238726580639,-111.246994018555,-61.038745880127,165.871963500977
65.8405397918532,-111.01513671875,-61.0453147888184,165.490829467773
65.8572069256425,-110.854461669922,-61.0431785583496,165.205429077148
65.8738740594317,-110.722610473633,-61.0054664611816,164.962341308594
65.890541193221,-110.603340148926,-60.9441680908203,164.759765625
65.9072083270112,-110.471466064453,-60.8701286315918,164.545562744141
65.9238754608004,-110.336196899414,-60.8469657897949,164.335510253906
65.9405425945897,-110.233436584473,-60.8273010253906,164.164337158203
65.957209728379,-110.205612182617,-60.7950973510742,164.09016418457
65.9738768621683,-110.288375854492,-60.7962265014648,164.16471862793
65.9905439959575,-110.450035095215,-60.7993240356445,164.359024047852
66.0072111297468,-110.690460205078,-60.8169059753418,164.642700195312
66.0238782635361,-110.942123413086,-60.8814392089844,164.92008972168
66.0405453973253,-111.157768249512,-60.9912528991699,165.133834838867
66.0572125311155,-111.307525634766,-61.1562423706055,165.26383972168
66.0738796649048,-111.402793884277,-61.3251876831055,165.350433349609
66.090546798694,-111.428779602051,-61.4592056274414,165.408203125
66.1072139324833,-111.38134765625,-61.3920974731445,165.431533813477
66.1238810662726,-110.99976348877,-61.1094627380371,165.183532714844
66.1405482000619,-110.873008728027,-61.3567314147949,165.270950317383
66.1572153338511,-110.679901123047,-61.2769966125488,165.365219116211
66.1738824676404,-110.868476867676,-61.4821395874023,165.80549621582
66.1905496014297,-111.302780151367,-61.7696495056152,166.475280761719
66.2072167352198,-111.771301269531,-62.1048126220703,167.077987670898
66.2238838690091,-112.065116882324,-62.3330116271973,167.451141357422
66.2405510027984,-112.008529663086,-62.5919570922852,167.423309326172
66.2572181365877,-111.701622009277,-62.6767044067383,167.198013305664
66.2738852703769,-111.008850097656,-62.5366172790527,166.587768554688
66.2905524041662,-110.099220275879,-62.2908477783203,165.817001342773
66.3072195379555,-109.156265258789,-61.9775199890137,165.053970336914
66.3238866717447,-108.324729919434,-61.6744651794434,164.446044921875
66.340553805534,-107.730003356934,-61.3913879394531,164.114593505859
66.3572209393242,-107.335968017578,-61.1523971557617,164.014511108398
66.3738880731134,-107.13737487793,-61.0554313659668,164.11865234375
66.3905552069027,-107.177185058594,-61.0450286865234,164.445404052734
66.407222340692,-107.469413757324,-61.0843772888184,164.995208740234
66.4238894744813,-107.906471252441,-61.1520843505859,165.664581298828
66.4405566082705,-108.385643005371,-61.1995964050293,166.372100830078
66.4572237420598,-108.773780822754,-61.1818580627441,166.987670898438
66.4738908758491,-109.073226928711,-61.1147727966309,167.520538330078
66.4905580096383,-109.285774230957,-60.9959335327148,167.942352294922
66.5072251434285,-109.352279663086,-60.8634872436523,168.171279907227
66.5238922772178,-109.283050537109,-60.6966743469238,168.235305786133
66.5405594110071,-109.10466003418,-60.5314788818359,168.175857543945
66.5572265447963,-108.910064697266,-60.358211517334,168.076538085938
66.5738936785856,-108.759246826172,-60.1838302612305,167.992126464844
66.5905608123749,-108.679237365723,-60.0931243896484,167.938186645508
66.6072279461641,-108.678375244141,-60.0650444030762,167.910858154297
66.6238950799534,-108.733779907227,-60.0855522155762,167.853729248047
66.6405622137427,-108.864204406738,-60.1346473693848,167.815185546875
66.6572293475328,-109.088874816895,-60.2075576782227,167.856872558594
66.6738964813221,-109.441009521484,-60.2649459838867,168.062805175781
66.6905636151114,-109.817848205566,-60.1975593566895,168.34016418457
66.7072307489007,-110.188499450684,-59.9630508422852,168.642959594727
66.7238978826899,-110.268180847168,-59.5732383728027,168.65397644043
66.7405650164792,-110.391098022461,-59.6779174804688,168.617904663086
66.7572321502685,-110.391693115234,-59.5477828979492,168.444595336914
66.7738992840577,-110.497657775879,-59.5877647399902,168.301254272461
66.790566417847,-110.606346130371,-59.6526069641113,168.137817382812
66.8072335516372,-110.682945251465,-59.7161598205566,167.915023803711
66.8239006854265,-110.936149597168,-59.6983337402344,167.951522827148
66.8405678192157,-111.180130004883,-59.5125732421875,168.007614135742
66.857234953005,-111.591400146484,-59.436710357666,168.25830078125
66.8739020867943,-112.095336914062,-59.383228302002,168.635147094727
66.8905692205835,-112.561042785645,-59.241024017334,168.962524414062
66.9072363543728,-112.814529418945,-59.0669441223145,169.086227416992
66.9239034881621,-112.83243560791,-58.9398193359375,168.985717773438
66.9405706219513,-112.57795715332,-58.7971382141113,168.634506225586
66.9572377557415,-112.128593444824,-58.6636428833008,168.093276977539
66.9739048895308,-111.540184020996,-58.523853302002,167.396530151367
66.9905720233201,-110.888679504395,-58.4364013671875,166.632934570312
67.0072391571093,-110.237609863281,-58.3910293579102,165.852005004883
67.0239062908986,-109.68138885498,-58.4312782287598,165.154266357422
67.0405734246879,-109.246398925781,-58.5561141967773,164.564483642578
67.0572405584771,-108.90885925293,-58.6683692932129,164.043075561523
67.0739076922664,-108.652793884277,-58.7691459655762,163.59992980957
67.0905748260557,-108.47216796875,-58.859676361084,163.222839355469
67.1072419598459,-108.34619140625,-58.9219741821289,162.917785644531
67.1239090936351,-108.283462524414,-58.9540405273438,162.694686889648
67.1405762274244,-108.255973815918,-58.9647636413574,162.538650512695
67.1572433612137,-108.24681854248,-59.0038070678711,162.434677124023
67.1739104950029,-108.321823120117,-59.0496025085449,162.436004638672
67.1905776287922,-108.456161499023,-59.0960388183594,162.507049560547
67.2072447625815,-108.690086364746,-59.1749000549316,162.741546630859
67.2239118963707,-108.984062194824,-59.2433547973633,163.069732666016
67.24057903016,-109.313926696777,-59.3453407287598,163.436782836914
67.2572461639502,-109.570152282715,-59.4171333312988,163.736785888672
67.2739132977395,-109.70703125,-59.5816345214844,163.903839111328
67.2905804315287,-109.785491943359,-59.7597351074219,164.053466796875
67.307247565318,-109.815368652344,-59.8497734069824,164.156967163086
67.3239146991073,-109.767807006836,-59.640926361084,164.206420898438
67.3405818328965,-109.43505859375,-59.5848846435547,164.023941040039
67.3572489666858,-109.213874816895,-59.5471343994141,164.053558349609
67.3739161004751,-108.864311218262,-59.6021308898926,163.919250488281
67.3905832342643,-108.744316101074,-59.7839164733887,164.013900756836
67.4072503680545,-108.852272033691,-60.0828247070312,164.233596801758
67.4239175018438,-109.014495849609,-60.4654808044434,164.39924621582
67.4405846356331,-109.053672790527,-60.7877197265625,164.349960327148
67.4572517694223,-108.907135009766,-61.2018432617188,164.108337402344
67.4739189032116,-108.469497680664,-61.3790664672852,163.625289916992
67.4905860370009,-107.935760498047,-61.4612731933594,163.074508666992
67.5072531707901,-107.338676452637,-61.3827247619629,162.523635864258
67.5239203045794,-106.788925170898,-61.1801414489746,162.074630737305
67.5405874383687,-106.313812255859,-60.9391059875488,161.769622802734
67.5572545721589,-105.90714263916,-60.6364669799805,161.576751708984
67.5739217059481,-105.617828369141,-60.3346252441406,161.532821655273
67.5905888397374,-105.44970703125,-60.0639801025391,161.612518310547
67.6072559735267,-105.436027526855,-59.8377914428711,161.840270996094
67.6239231073159,-105.577285766602,-59.6476402282715,162.21533203125
67.6405902411052,-105.790641784668,-59.4918823242188,162.655319213867
67.6572573748945,-106.01912689209,-59.3711738586426,163.093566894531
67.6739245086837,-106.249443054199,-59.2595329284668,163.529510498047
67.690591642473,-106.444160461426,-59.1545753479004,163.895126342773
67.7072587762632,-106.620239257812,-59.0814323425293,164.207595825195
67.7239259100525,-106.808952331543,-59.0224113464355,164.479187011719
67.7405930438417,-107.000862121582,-58.9824409484863,164.687393188477
67.757260177631,-107.204849243164,-58.9773712158203,164.862594604492
67.7739273114203,-107.453018188477,-58.9753379821777,165.037750244141
67.7905944452095,-107.700981140137,-58.9510078430176,165.173522949219
67.8072615789988,-107.953666687012,-58.9563140869141,165.254730224609
67.8239287127881,-108.207275390625,-58.9906845092773,165.327117919922
67.8405958465773,-108.506309509277,-59.0630989074707,165.407791137695
67.8572629803675,-108.818328857422,-59.1469383239746,165.481353759766
67.8739301141568,-109.154350280762,-59.2148780822754,165.564468383789
67.8905972479461,-109.528709411621,-59.334156036377,165.683883666992
67.9072643817353,-109.975852966309,-59.409538269043,165.884780883789
67.9239315155246,-110.447982788086,-59.4328231811523,166.156921386719
67.9405986493139,-110.915969848633,-59.404483795166,166.459564208984
67.9572657831031,-111.316795349121,-59.2416458129883,166.691375732422
67.9739329168924,-111.582305908203,-59.3699378967285,166.718658447266
67.9906000506817,-112.081344604492,-59.6338233947754,166.964981079102
68.0072671844719,-112.583015441895,-59.9015731811523,167.161987304688
68.0239343182611,-113.348770141602,-60.403865814209,167.587142944336
68.0406014520504,-114.379203796387,-60.9810638427734,168.259704589844
68.0572685858397,-115.582130432129,-61.4290351867676,169.175094604492
68.0739357196289,-117.087257385254,-61.9270172119141,170.441314697266
68.0906028534182,-118.850624084473,-62.4210662841797,172.015518188477
68.1072699872075,-120.856033325195,-62.9642753601074,173.844268798828
68.1239371209967,-122.992408752441,-63.4877700805664,175.818176269531
68.140604254786,-125.109313964844,-63.9528999328613,177.740524291992
68.1572713885762,-127.237167358398,-64.4715118408203,179.643127441406
68.1739385223655,-129.210800170898,-64.9893264770508,-178.644638061523
68.1906056561547,-131.003982543945,-65.5398788452148,-177.17561340332
68.207272789944,-132.580337524414,-66.1024780273438,-176.001266479492
68.2239399237333,-134.066955566406,-66.7026977539062,-174.967788696289
68.2406070575225,-135.540893554688,-67.3415756225586,-173.96272277832
68.2572741913118,-137.036804199219,-67.9598617553711,-172.936218261719
68.273941325102,-138.471862792969,-68.5125427246094,-171.95637512207
68.2906084588903,-139.903579711914,-68.9887924194336,-170.963653564453
68.3072755926805,-141.330368041992,-69.3856964111328,-169.92561340332
68.3239427264698,-142.618927001953,-69.6730499267578,-168.987747192383
68.3406098602591,-143.746322631836,-69.8887481689453,-168.171875
68.3572769940483,-144.639205932617,-70.0550003051758,-167.545166015625
68.3739441278376,-145.296875,-70.1814727783203,-167.109466552734
68.3906112616269,-145.769088745117,-70.2831268310547,-166.817276000977
68.4072783954161,-146.040252685547,-70.3450775146484,-166.680969238281
68.4239455292063,-146.187850952148,-70.3452529907227,-166.626892089844
68.4406126629947,-146.320236206055,-70.3064727783203,-166.557525634766
68.4572797967849,-146.436920166016,-70.2358551025391,-166.465805053711
68.4739469305741,-146.496231079102,-70.0918045043945,-166.428634643555
68.4906140643634,-146.538665771484,-69.9799575805664,-166.401626586914
68.5072811981527,-146.613571166992,-69.9420623779297,-166.372741699219
68.5239483319419,-146.762451171875,-70.0037155151367,-166.341171264648
68.5406154657312,-147.067977905273,-70.1691589355469,-166.232360839844
68.5572825995205,-147.309982299805,-70.3410110473633,-166.192535400391
68.5739497333107,-147.142929077148,-70.4098892211914,-166.510101318359
68.590616867099,-146.052658081055,-70.2417144775391,-167.658004760742
68.6072840008892,-145.183410644531,-70.4239501953125,-168.490036010742
68.6239511346785,-144.162002563477,-70.405387878418,-169.347473144531
68.6406182684677,-141.981414794922,-70.2784652709961,-171.290161132812
68.657285402257,-140.078186035156,-70.2151947021484,-172.844284057617
68.6739525360463,-137.832229614258,-70.0024795532227,-174.633499145508
68.6906196698355,-135.561447143555,-69.7169570922852,-176.451904296875
68.7072868036248,-133.312072753906,-69.4334869384766,-178.262771606445
68.723953937415,-131.032455444336,-69.0842819213867,179.898284912109
68.7406210712033,-129.050369262695,-68.8323287963867,178.311447143555
68.7572882049935,-126.621162414551,-68.3356704711914,176.325759887695
68.7739553387828,-124.142524719238,-67.8453826904297,174.317047119141
68.7906224725721,-121.722991943359,-67.3353652954102,172.39387512207
68.8072896063613,-119.569290161133,-66.8157424926758,170.724060058594
68.8239567401506,-117.898574829102,-66.3438568115234,169.488159179688
68.8406238739399,-116.797546386719,-65.9511032104492,168.767654418945
68.8572910077291,-116.252731323242,-65.6176300048828,168.559722900391
68.8739581415193,-116.109107971191,-65.2972640991211,168.728973388672
68.8906252753077,-116.18440246582,-64.9767990112305,169.112060546875
68.9072924090979,-116.319068908691,-64.6627044677734,169.55680847168
68.9239595428871,-116.504112243652,-64.3980560302734,170.057006835938
68.9406266766764,-116.68627166748,-64.1453628540039,170.554641723633
68.9572938104657,-116.773399353027,-63.8795280456543,170.963195800781
68.9739609442549,-116.773574829102,-63.6081047058105,171.264404296875
68.9906280780442,-116.663795471191,-63.3292274475098,171.4287109375
69.0072952118335,-116.455505371094,-63.0510673522949,171.472686767578
69.0239623456237,-116.175621032715,-62.7908325195312,171.411117553711
69.040629479412,-115.93244934082,-62.499755859375,171.372787475586
69.0572966132022,-115.821281433105,-62.2523727416992,171.419921875
69.0739637469915,-115.904579162598,-62.0715179443359,171.59553527832
69.0906308807807,-116.251312255859,-61.989070892334,171.93196105957
69.10729801457,-116.765731811523,-61.9831199645996,172.346633911133
69.1239651483593,-117.377960205078,-62.0098762512207,172.799057006836
69.1406322821485,-118.0126953125,-62.0735855102539,173.224838256836
69.1572994159378,-118.668899536133,-62.1421012878418,173.639205932617
69.173966549728,-119.171669006348,-62.166130065918,173.933883666992
69.1906336835164,-119.435119628906,-61.9398040771484,174.021194458008
69.2073008173065,-119.349159240723,-61.7527503967285,173.764785766602
69.2239679510958,-119.69181060791,-62.0683555603027,173.89860534668
69.2406350848851,-119.825576782227,-62.0361442565918,173.87060546875
69.2573022186743,-120.048118591309,-62.1072998046875,173.845901489258
69.2739693524636,-120.530517578125,-62.5147285461426,173.967880249023
69.2906364862529,-120.941452026367,-62.7675476074219,174.005096435547
69.3073036200421,-121.488479614258,-63.0108375549316,174.165817260742
69.3239707538323,-121.86181640625,-63.0493469238281,174.250106811523
69.3406378876207,-122.267822265625,-63.0044937133789,174.400573730469
69.3573050214109,-122.573127746582,-62.8323402404785,174.533432006836
69.3739721552001,-122.579986572266,-62.5068664550781,174.441482543945
69.3906392889894,-122.40062713623,-62.238208770752,174.243560791016
69.4073064227787,-121.924736022949,-62.0683479309082,173.821838378906
69.4239735565679,-121.209251403809,-62.0205230712891,173.176193237305
69.4406406903572,-120.333839416504,-62.0922546386719,172.365844726562
69.4573078241465,-119.397346496582,-62.2460021972656,171.490936279297
69.4739749579367,-118.51439666748,-62.4904670715332,170.645782470703
69.490642091725,-117.71475982666,-62.7315673828125,169.865447998047
69.5073092255152,-117.102066040039,-63.0496482849121,169.278961181641
69.5239763593045,-116.632095336914,-63.3454284667969,168.784927368164
69.5406434930937,-116.187202453613,-63.584171295166,168.27294921875
69.557310626883,-115.76000213623,-63.8461761474609,167.776306152344
69.5739777606723,-115.357154846191,-64.0999069213867,167.298812866211
69.5906448944615,-114.999496459961,-64.2654113769531,166.85319519043
69.6073120282508,-114.672050476074,-64.3546142578125,166.431884765625
69.623979162041,-114.41796875,-64.4008331298828,166.085220336914
69.6406462958294,-114.324432373047,-64.4270095825195,165.884963989258
69.6573134296195,-114.39289855957,-64.4007263183594,165.807586669922
69.6739805634088,-114.617256164551,-64.3844299316406,165.864334106445
69.6906476971981,-114.978569030762,-64.3615798950195,166.061874389648
69.7073148309873,-115.453094482422,-64.3295364379883,166.376602172852
69.7239819647766,-115.889709472656,-64.2211990356445,166.674926757812
69.7406490985659,-116.193336486816,-64.1292114257812,166.884658813477
69.7573162323552,-116.331390380859,-64.0603179931641,166.980651855469
69.7739833661453,-116.329231262207,-63.9670028686523,166.97705078125
69.7906504999337,-116.134826660156,-63.7914199829102,166.857482910156
69.8073176337239,-115.654136657715,-63.3051795959473,166.581893920898
69.8239847675131,-114.622581481934,-62.6673698425293,165.872772216797
69.8406519013024,-114.356140136719,-62.9993896484375,165.989517211914
69.8573190350917,-113.838821411133,-62.8263816833496,165.922882080078
69.8739861688809,-113.825981140137,-62.9876976013184,166.204025268555
69.8906533026702,-113.955574035645,-63.343994140625,166.628494262695
69.9073204364595,-114.090538024902,-63.7956809997559,166.896865844727
69.9239875702497,-114.057090759277,-64.2868270874023,166.931076049805
69.940654704038,-113.655838012695,-64.5336761474609,166.533966064453
69.9573218378282,-113.016799926758,-64.7801284790039,165.877685546875
69.9739889716175,-111.990539550781,-64.6813354492188,164.899490356445
69.9906561054067,-110.878395080566,-64.3923263549805,163.834121704102
70.007323239196,-109.88835144043,-64.0466003417969,162.952941894531
70.0239903729853,-109.207237243652,-63.6484832763672,162.432800292969
70.0406575067746,-108.887351989746,-63.2539405822754,162.378219604492
70.0573246405638,-108.902641296387,-62.9293212890625,162.790573120117
70.073991774354,-109.245422363281,-62.7051467895508,163.655380249023
70.0906589081424,-109.846786499023,-62.5245513916016,164.875122070312
70.1073260419325,-110.655014038086,-62.3748168945312,166.375442504883
70.1239931757218,-111.587982177734,-62.2501411437988,168.093704223633
70.1406603095111,-112.520156860352,-62.1085510253906,169.859573364258
70.1573274433003,-113.368476867676,-61.9180908203125,171.525375366211
70.1739945770896,-113.964080810547,-61.6924667358398,172.918548583984
70.1906617108789,-114.317863464355,-61.4520530700684,174.031875610352
70.2073288446682,-114.478790283203,-61.158260345459,174.871734619141
70.2239959784583,-114.517044067383,-60.8464736938477,175.464126586914
70.2406631122467,-114.485916137695,-60.5350799560547,175.843322753906
70.2573302460369,-114.446189880371,-60.2604026794434,176.064376831055
70.2739973798261,-114.528213500977,-60.0736236572266,176.220336914062
70.2906645136154,-114.794609069824,-60.0247001647949,176.357131958008
70.3073316474047,-115.184432983398,-60.116943359375,176.434188842773
70.3239987811939,-115.677177429199,-60.2854690551758,176.490768432617
70.3406659149832,-116.213592529297,-60.5492324829102,176.544204711914
70.3573330487725,-116.759613037109,-60.8270988464355,176.544418334961
70.3740001825627,-117.228942871094,-61.0941925048828,176.484283447266
70.390667316351,-117.534446716309,-61.3445739746094,176.253860473633
70.4073344501412,-117.575927734375,-61.3678436279297,175.714569091797
70.4240015839305,-117.342681884766,-61.4047622680664,174.914321899414
70.4406687177197,-117.458610534668,-61.9636535644531,174.424957275391
70.457335851509,-117.773048400879,-62.2977104187012,174.128082275391
70.4740029852983,-118.290473937988,-62.4024124145508,173.965515136719
70.4906701190876,-119.213607788086,-62.7772941589355,174.177001953125
70.5073372528768,-120.172660827637,-63.0553779602051,174.478546142578
70.524004386667,-121.284965515137,-63.5240249633789,174.907180786133
70.5406715204554,-122.161605834961,-63.7546043395996,175.262634277344
70.5573386542455,-122.815010070801,-63.7125244140625,175.4462890625
70.5740057880348,-123.186576843262,-63.5861663818359,175.434219360352
70.5906729218241,-123.237022399902,-63.3541793823242,175.189697265625
70.6073400556133,-122.920433044434,-63.0815391540527,174.60676574707
70.6240071894026,-122.247985839844,-62.8508071899414,173.676895141602
70.6406743231919,-121.290908813477,-62.6858177185059,172.416122436523
70.6573414569812,-120.175651550293,-62.6312522888184,170.927017211914
70.6740085907713,-119.042045593262,-62.6802291870117,169.340148925781
70.6906757245597,-117.968269348145,-62.7773551940918,167.720352172852
70.7073428583499,-117.109931945801,-62.9323463439941,166.263305664062
70.7240099921391,-116.466682434082,-63.1413497924805,164.993896484375
70.7406771259284,-116.057807922363,-63.3142776489258,163.930068969727
70.7573442597177,-115.842140197754,-63.4516792297363,163.089019775391
70.774011393507,-115.725318908691,-63.5405044555664,162.397521972656
70.7906785272962,-115.632125854492,-63.58837890625,161.79541015625
70.8073456610855,-115.557090759277,-63.6048812866211,161.306076049805
70.8240127948757,-115.451812744141,-63.5292854309082,160.874664306641
70.840679928664,-115.363273620605,-63.430061340332,160.561660766602
70.8573470624542,-115.322128295898,-63.2495536804199,160.381652832031
70.8740141962435,-115.275863647461,-63.0604858398438,160.286773681641
70.8906813300327,-115.259773254395,-62.9641342163086,160.303497314453
70.907348463822,-115.301284790039,-62.9791679382324,160.424530029297
70.9240155976113,-115.367988586426,-63.0395927429199,160.612426757812
70.9406827314006,-115.417167663574,-63.1303482055664,160.800201416016
70.9573498651898,-115.390525817871,-63.3346290588379,160.925582885742
70.97401699898,-115.278038024902,-63.5612297058105,160.987869262695
70.9906841327684,-114.92928314209,-63.3210525512695,160.851684570312
71.0073512665585,-114.318870544434,-63.4418907165527,160.516296386719
71.0240184003478,-114.200469970703,-63.7754783630371,160.698028564453
71.0406855341371,-113.946723937988,-64.0425491333008,160.643920898438
71.0573526679264,-114.26636505127,-64.5392684936523,161.084991455078
71.0740198017156,-114.713752746582,-65.0445861816406,161.562393188477
71.0906869355049,-115.132453918457,-65.5243225097656,161.888046264648
71.1073540692942,-115.367797851562,-65.9747085571289,161.994964599609
71.1240212030843,-115.280876159668,-66.2957305908203,161.7998046875
71.1406883368727,-114.913795471191,-66.5182800292969,161.375549316406
71.1573554706629,-114.137145996094,-66.5818176269531,160.587707519531
71.1740226044521,-113.243064880371,-66.4526443481445,159.754837036133
71.1906897382414,-112.463607788086,-66.268196105957,159.109191894531
71.2073568720307,-111.879341125488,-66.0266876220703,158.739227294922
71.22402400582,-111.551460266113,-65.7483139038086,158.675048828125
71.2406911396092,-111.475845336914,-65.47998046875,158.897766113281
71.2573582733985,-111.676551818848,-65.2640914916992,159.416046142578
71.2740254071887,-112.138740539551,-65.1175765991211,160.200485229492
71.290692540977,-112.817932128906,-65.0342788696289,161.189422607422
71.3073596747672,-113.638694763184,-64.9962692260742,162.331802368164
71.3240268085565,-114.49373626709,-64.9393081665039,163.517044067383
71.3406939423458,-115.254333496094,-64.8673706054688,164.617630004883
71.357361076135,-115.822196960449,-64.7502136230469,165.536544799805
71.3740282099243,-116.220283508301,-64.5807647705078,166.275100708008
71.3906953437136,-116.430587768555,-64.3324508666992,166.811172485352
71.4073624775028,-116.474426269531,-64.0783233642578,167.146408081055
71.424029611293,-116.452995300293,-63.8241004943848,167.401702880859
71.4406967450814,-116.369651794434,-63.5242500305176,167.568969726562
71.4573638788715,-116.24853515625,-63.2136344909668,167.613265991211
71.4740310126608,-116.196327209473,-63.0014343261719,167.671493530273
71.4906981464501,-116.217079162598,-62.8118324279785,167.706192016602
71.5073652802394,-116.344886779785,-62.67333984375,167.803237915039
71.5240324140286,-116.520065307617,-62.5374946594238,167.964736938477
71.5406995478179,-116.794952392578,-62.371997833252,168.237655639648
71.5573666816072,-117.138404846191,-62.2766342163086,168.657501220703
71.5740338153973,-117.462249755859,-62.0973205566406,169.074508666992
71.5907009491857,-117.661979675293,-61.8161010742188,169.359512329102
71.6073680829759,-117.744239807129,-61.7240447998047,169.479156494141
71.6240352167652,-118.112754821777,-61.9570236206055,169.853088378906
71.6407023505544,-118.463966369629,-62.0121879577637,170.167175292969
71.6573694843437,-118.934440612793,-62.2433242797852,170.500900268555
71.674036618133,-119.528121948242,-62.4898986816406,170.954284667969
71.6907037519222,-120.155471801758,-62.6791229248047,171.40837097168
71.7073708857115,-120.639106750488,-62.6575736999512,171.750457763672
71.7240380195017,-121.149253845215,-62.7085189819336,172.097579956055
71.74070515329,-121.511650085449,-62.6512222290039,172.297897338867
71.7573722870802,-121.536743164062,-62.386547088623,172.097366333008
71.7740394208695,-121.242813110352,-62.2311248779297,171.49235534668
71.7907065546588,-120.657424926758,-62.1705055236816,170.514892578125
71.807373688448,-119.875694274902,-62.1521797180176,169.253952026367
71.8240408222373,-118.955596923828,-62.129451751709,167.808959960938
71.8407079560266,-118.003967285156,-62.1093711853027,166.310943603516
71.8573750898158,-117.084800720215,-62.1459465026855,164.825622558594
71.874042223606,-116.255966186523,-62.1815452575684,163.438339233398
71.8907093573944,-115.647819519043,-62.2507820129395,162.309906005859
71.9073764911846,-115.300903320312,-62.379150390625,161.468307495117
71.9240436249738,-115.142333984375,-62.4595069885254,160.829956054688
71.9407107587631,-115.132934570312,-62.5332450866699,160.393157958984
71.9573778925524,-115.175582885742,-62.582878112793,160.078475952148
71.9740450263416,-115.243827819824,-62.6008644104004,159.833282470703
71.9907121601309,-115.2744140625,-62.6129951477051,159.60530090332
72.0073792939202,-115.304794311523,-62.6238555908203,159.425735473633
72.0240464277103,-115.373695373535,-62.629753112793,159.344284057617
72.0407135614987,-115.51342010498,-62.6559219360352,159.3798828125
72.0573806952889,-115.674407958984,-62.6203422546387,159.523574829102
72.0740478290782,-115.854789733887,-62.5370025634766,159.755157470703
72.0907149628674,-115.961380004883,-62.4268836975098,159.968414306641
72.1073820966567,-115.869750976562,-62.333667755127,159.985961914062
72.124049230446,-115.593292236328,-62.3435821533203,159.792953491211
72.1407163642352,-115.213050842285,-62.4559135437012,159.480758666992
72.1573834980245,-114.82511138916,-62.5877952575684,159.140823364258
72.1740506318147,-114.477989196777,-62.5970458984375,158.845108032227
72.190717765603,-113.877105712891,-62.2782135009766,158.351989746094
72.2073848993932,-113.543800354004,-62.569206237793,158.199630737305
72.2240520331825,-113.185607910156,-62.4236869812012,158.086303710938
72.2407191669718,-113.170883178711,-62.6199188232422,158.218063354492
72.257386300761,-113.322624206543,-62.9296531677246,158.576446533203
72.2740534345503,-113.619972229004,-63.2071800231934,158.983215332031
72.2907205683396,-113.815711975098,-63.4183540344238,159.226409912109
72.3073877021288,-113.690589904785,-63.5822525024414,159.134384155273
72.324054835919,-113.49658203125,-63.6946983337402,159.058303833008
72.3407219697074,-112.897857666016,-63.529972076416,158.632690429688
72.3573891034976,-112.151092529297,-63.2613906860352,158.122863769531
72.3740562372868,-111.387145996094,-62.9589157104492,157.674072265625
72.3907233710761,-110.676895141602,-62.6292762756348,157.358688354492
72.4073905048654,-110.030250549316,-62.2791328430176,157.154113769531
72.4240576386546,-109.526412963867,-61.9665222167969,157.115615844727
72.4407247724439,-109.266471862793,-61.750171661377,157.338226318359
72.4573919062332,-109.305755615234,-61.6200218200684,157.837677001953
72.4740590400233,-109.599197387695,-61.5543212890625,158.559326171875
72.4907261738117,-110.027168273926,-61.5260925292969,159.390258789062
72.5073933076019,-110.489242553711,-61.547908782959,160.239852905273
72.5240604413912,-110.936279296875,-61.5840950012207,161.058532714844
72.5407275751804,-111.327735900879,-61.6116065979004,161.798721313477
72.5573947089697,-111.675445556641,-61.6247482299805,162.470687866211
72.574061842759,-111.967445373535,-61.6290245056152,163.057098388672
72.5907289765482,-112.241241455078,-61.6550407409668,163.609039306641
72.6073961103375,-112.503807067871,-61.7070236206055,164.124633789062
72.6240632441277,-112.798118591309,-61.7346305847168,164.652435302734
72.640730377916,-113.112312316895,-61.746467590332,165.161346435547
72.6573975117062,-113.545555114746,-61.8433609008789,165.750137329102
72.6740646454955,-114.172668457031,-62.0500297546387,166.450393676758
72.6907317792848,-115.01091003418,-62.3552703857422,167.273635864258
72.707398913074,-116.039916992188,-62.7322959899902,168.206283569336
72.7240660468633,-117.331092834473,-63.2627410888672,169.330429077148
72.7407331806526,-118.857795715332,-63.8128929138184,170.58366394043
72.7574003144418,-120.473762512207,-64.3352890014648,171.871795654297
72.774067448232,-121.83814239502,-64.6424789428711,172.859359741211
72.7907345820204,-123.081352233887,-65.228385925293,173.651123046875
72.8074017158106,-124.532562255859,-65.7776718139648,174.619537353516
72.8240688495998,-125.355651855469,-66.0658493041992,174.960144042969
72.8407359833891,-126.465965270996,-66.6670684814453,175.53141784668
72.8574031171784,-127.787803649902,-67.1985397338867,176.349670410156
72.8740702509676,-129.150817871094,-67.5054702758789,177.270172119141
72.8907373847569,-130.593826293945,-67.6226577758789,178.410797119141
72.9074045185462,-131.886001586914,-67.5922012329102,179.535217285156
72.9240716523364,-132.970138549805,-67.5441818237305,-179.473693847656
72.9407387861247,-133.620742797852,-67.4421691894531,-178.884201049805
72.9574059199149,-133.699249267578,-67.348518371582,-178.879821777344
72.9740730537042,-133.551834106445,-67.4219284057617,-179.093185424805
72.9907401874934,-133.046615600586,-67.5458297729492,-179.655670166016
73.0074073212827,-132.236022949219,-67.6948623657227,179.425765991211
73.024074455072,-131.223037719727,-67.8464279174805,178.275238037109
73.0407415888612,-130.136016845703,-67.9955749511719,177.04280090332
73.0574087226505,-129.171401977539,-68.140754699707,175.936080932617
73.0740758564407,-128.254943847656,-68.2401657104492,174.870422363281
73.090742990229,-127.450828552246,-68.3094635009766,173.946060180664
73.1074101240192,-126.716514587402,-68.4451751708984,173.104721069336
73.1240772578085,-125.806495666504,-68.4793014526367,172.032913208008
73.1407443915978,-124.759292602539,-68.4594650268555,170.816909790039
73.157411525387,-123.604568481445,-68.400749206543,169.515625
73.1740786591763,-122.292518615723,-68.2298202514648,168.049301147461
73.1907457929656,-120.947380065918,-67.9998245239258,166.550888061523
73.2074129267548,-119.632011413574,-67.753791809082,165.069412231445
73.224080060545,-118.393951416016,-67.5232315063477,163.634735107422
73.2407471943334,-117.433586120605,-67.283576965332,162.501663208008
73.2574143281236,-116.768180847168,-67.0229949951172,161.684631347656
73.2740814619128,-116.417121887207,-66.7572021484375,161.251846313477
73.2907485957021,-116.298751831055,-66.5251541137695,161.095672607422
73.3074157294914,-116.427268981934,-66.350700378418,161.205749511719
73.3240828632806,-116.560241699219,-66.2426605224609,161.340438842773
73.3407499970699,-116.72745513916,-66.2112121582031,161.576797485352
73.3574171308592,-116.888168334961,-66.1624069213867,161.896835327148
73.3740842646494,-116.984199523926,-65.9340744018555,162.230651855469
73.3907513984386,-116.59748840332,-65.4650573730469,162.174652099609
73.4074185322279,-116.733810424805,-65.699333190918,162.687484741211
73.4240856660172,-116.507621765137,-65.5198593139648,162.955383300781
73.4407527998064,-116.657707214355,-65.5089797973633,163.539779663086
73.4574199335957,-116.854331970215,-65.5637664794922,164.21369934082
73.474087067385,-117.072311401367,-65.5157623291016,164.892288208008
73.4907542011742,-117.309745788574,-65.4483337402344,165.467895507812
73.5074213349635,-117.141464233398,-65.3609313964844,165.556518554688
73.5240884687537,-117.066017150879,-65.3804321289062,165.732559204102
73.540755602543,-116.607765197754,-65.1921463012695,165.548873901367
73.5574227363322,-115.985328674316,-64.8872756958008,165.198638916016
73.5740898701215,-115.249389648438,-64.5104522705078,164.743072509766
73.5907570039108,-114.533821105957,-64.1389923095703,164.361740112305
73.6074241377,-113.948692321777,-63.7282562255859,164.114669799805
73.6240912714893,-113.607620239258,-63.3158531188965,164.100372314453
73.6407584052786,-113.546005249023,-62.9449615478516,164.361602783203
73.6574255390678,-113.813804626465,-62.629222869873,164.95491027832
73.674092672858,-114.403923034668,-62.3746070861816,165.875198364258
73.6907598066473,-115.177291870117,-62.1225318908691,167.008377075195
73.7074269404366,-116.064834594727,-61.8254661560059,168.335983276367
73.7240940742258,-117.010101318359,-61.4818649291992,169.880554199219
73.7407612080151,-117.794334411621,-61.1332130432129,171.335113525391
73.7574283418044,-118.380004882812,-60.8339691162109,172.597747802734
73.7740954755936,-118.802398681641,-60.5680961608887,173.677047729492
73.7907626093829,-119.04719543457,-60.2999496459961,174.55290222168
73.8074297431722,-119.121192932129,-60.0589408874512,175.259246826172
73.8240968769624,-119.085266113281,-59.8576278686523,175.808242797852
73.8407640107516,-118.987785339355,-59.6528930664062,176.243240356445
73.8574311445409,-118.890098571777,-59.5247573852539,176.64826965332
73.8740982783302,-118.833671569824,-59.4662857055664,176.998443603516
73.8907654121194,-118.911026000977,-59.4715576171875,177.370086669922
73.9074325459087,-119.086982727051,-59.4929351806641,177.735961914062
73.924099679698,-119.356460571289,-59.5528717041016,178.14518737793
73.9407668134872,-119.62232208252,-59.5686264038086,178.504104614258
73.9574339472765,-119.861213684082,-59.5736961364746,178.828964233398
73.9741010810667,-119.964897155762,-59.4576110839844,178.966156005859
73.990768214856,-119.894905090332,-59.1776275634766,178.889190673828
74.0074353486452,-119.730033874512,-59.1846771240234,178.620193481445
74.0241024824345,-120.091255187988,-59.5662117004395,178.761077880859
74.0407696162238,-120.297607421875,-59.6701927185059,178.70588684082
74.057436750013,-120.827499389648,-60.0287284851074,178.87336730957
74.0741038838023,-121.514541625977,-60.3570365905762,179.251617431641
74.0907710175916,-121.989395141602,-60.468505859375,179.40168762207
74.1074381513808,-122.683288574219,-60.6973152160645,179.814468383789
74.124105285171,-123.107208251953,-60.7440299987793,-179.964965820312
74.1407724189603,-123.317398071289,-60.6611976623535,-179.961730957031
74.1574395527496,-123.185218811035,-60.4889945983887,179.739730834961
74.1741066865388,-122.751777648926,-60.3166160583496,179.138412475586
74.1907738203281,-121.978996276855,-60.1813507080078,178.196441650391
74.2074409541174,-121.002937316895,-60.1300354003906,177.037414550781
74.2241080879066,-119.955337524414,-60.1489067077637,175.781448364258
74.2407752216959,-118.899467468262,-60.2105102539062,174.484619140625
74.2574423554852,-117.900032043457,-60.3011322021484,173.243225097656
74.2741094892754,-117.138771057129,-60.532470703125,172.278793334961
74.2907766230646,-116.60425567627,-60.8153076171875,171.51741027832
74.3074437568539,-116.258293151855,-61.055492401123,170.916275024414
74.3241108906432,-116.039016723633,-61.2799949645996,170.463653564453
74.3407780244324,-115.858474731445,-61.4703636169434,170.09065246582
74.3574451582217,-115.637535095215,-61.6200752258301,169.712585449219
74.374112292011,-115.319000244141,-61.6947174072266,169.294143676758
74.3907794258002,-114.925102233887,-61.763988494873,168.854827880859
74.4074465595895,-114.552696228027,-61.8113059997559,168.450149536133
74.4241136933797,-114.289848327637,-61.8122444152832,168.157089233398
74.440780827169,-114.150199890137,-61.7670402526855,168.03678894043
74.4574479609582,-114.123359680176,-61.6694831848145,168.078872680664
74.4741150947475,-114.148666381836,-61.517635345459,168.232345581055
74.4907822285368,-114.082939147949,-61.3205871582031,168.3251953125
74.507449362326,-113.868202209473,-61.1895942687988,168.268356323242
74.5241164961153,-113.509101867676,-61.1809349060059,168.022430419922
74.5407836299046,-113.101379394531,-61.2888374328613,167.722152709961
74.5574507636939,-112.668838500977,-61.3768539428711,167.395965576172
74.574117897484,-112.24730682373,-61.4568672180176,167.126480102539
74.5907850312733,-111.929878234863,-61.4905395507812,167.039535522461
74.6074521650626,-111.542556762695,-61.1214714050293,166.939926147461
74.6241192988518,-111.531120300293,-61.6575393676758,167.24674987793
74.6407864326411,-111.701683044434,-61.7438659667969,167.849761962891
74.6574535664304,-111.935638427734,-61.9312171936035,168.339401245117
74.6741207002196,-112.206611633301,-62.3532829284668,168.927993774414
74.6907878340089,-112.492576599121,-62.8293266296387,169.500091552734
74.7074549677982,-112.450485229492,-63.031063079834,169.599884033203
74.7241221015884,-112.166656494141,-63.4167900085449,169.354354858398
74.7407892353776,-111.389549255371,-63.6162605285645,168.636764526367
74.7574563691669,-110.368965148926,-63.6490707397461,167.661560058594
74.7741235029562,-109.109390258789,-63.4988555908203,166.487121582031
74.7907906367454,-107.851028442383,-63.1964950561523,165.365936279297
74.8074577705347,-106.862762451172,-62.8607711791992,164.569152832031
74.824124904324,-106.196815490723,-62.5307235717773,164.096328735352
74.8407920381132,-105.928787231445,-62.2046432495117,164.000793457031
74.8574591719025,-106.005966186523,-61.9311714172363,164.247161865234
74.8741263056927,-106.384124755859,-61.7168884277344,164.799026489258
74.890793439482,-106.949295043945,-61.5212211608887,165.551696777344
74.9074605732712,-107.574996948242,-61.3534164428711,166.369216918945
74.9241277070605,-108.152549743652,-61.2113075256348,167.137680053711
74.9407948408498,-108.583282470703,-61.0755882263184,167.768600463867
74.957461974639,-108.871490478516,-60.9627532958984,168.251159667969
74.9741291084283,-109.046752929688,-60.8619117736816,168.595947265625
74.9907962422176,-109.109710693359,-60.7500305175781,168.795593261719
75.0074633760069,-109.123184204102,-60.6405906677246,168.91389465332
75.024130509797,-109.134643554688,-60.5199966430664,168.991958618164
75.0407976435863,-109.152526855469,-60.3911552429199,169.03645324707
75.0574647773756,-109.20125579834,-60.2704772949219,169.082412719727
75.0741319111648,-109.316848754883,-60.1639137268066,169.148208618164
75.0907990449541,-109.595016479492,-60.1335258483887,169.350936889648
75.1074661787434,-110.053367614746,-60.1793212890625,169.727828979492
75.1241333125326,-110.672073364258,-60.3003540039062,170.228698730469
75.1408004463219,-111.462913513184,-60.4724311828613,170.865692138672
75.1574675801112,-112.335220336914,-60.6385307312012,171.589431762695
75.1741347139014,-113.217163085938,-60.7713432312012,172.310012817383
75.1908018476906,-114.013671875,-60.8855514526367,172.930145263672
75.2074689814799,-114.743492126465,-61.0201950073242,173.479553222656
75.2241361152692,-115.328002929688,-61.0097007751465,173.873565673828
75.2408032490584,-115.567253112793,-60.7687759399414,173.904083251953
75.2574703828477,-115.66039276123,-60.9306983947754,173.778030395508
75.274137516637,-115.793426513672,-60.8832130432129,173.743682861328
75.2908046504263,-116.011940002441,-61.0142974853516,173.742919921875
75.3074717842155,-116.52156829834,-61.3786087036133,174.012893676758
75.3241389180057,-117.259948730469,-61.6055870056152,174.522384643555
75.340806051795,-117.956848144531,-61.5582275390625,175.051483154297
75.3574731855842,-118.600646972656,-61.5131149291992,175.624084472656
75.3741403193735,-119.121711730957,-61.4301948547363,176.168563842773
75.3908074531628,-119.555793762207,-61.2710037231445,176.667938232422
75.407474586952,-119.865310668945,-61.0233840942383,177.064849853516
75.4241417207413,-119.952178955078,-60.7372245788574,177.254333496094
75.4408088545306,-119.888320922852,-60.5155639648438,177.313827514648
75.4574759883199,-119.616363525391,-60.346996307373,177.157531738281
75.47414312211,-119.23787689209,-60.295093536377,176.889205932617
75.4908102558993,-118.814735412598,-60.3089332580566,176.570999145508
75.5074773896886,-118.429290771484,-60.4061241149902,176.254440307617
75.5241445234778,-118.134910583496,-60.5885734558105,176.00569152832
75.5408116572671,-117.944175720215,-60.7942657470703,175.821823120117
75.5574787910564,-117.90763092041,-61.0925331115723,175.791473388672
75.5741459248457,-117.955444335938,-61.4154090881348,175.815567016602
75.5908130586349,-118.029266357422,-61.7327728271484,175.831832885742
75.6074801924242,-118.109832763672,-62.0212211608887,175.831634521484
75.6241473262144,-118.151863098145,-62.2819328308105,175.800689697266
75.6408144600036,-118.147346496582,-62.4700088500977,175.715103149414
75.6574815937929,-118.097579956055,-62.649097442627,175.567428588867
75.6741487275822,-118.059913635254,-62.8176803588867,175.448333740234
75.6908158613714,-118.092498779297,-62.979076385498,175.386535644531
75.7074829951607,-118.18824005127,-63.0810127258301,175.406234741211
75.72415012895,-118.35489654541,-63.1592864990234,175.534164428711
75.7408172627393,-118.616508483887,-63.2269248962402,175.834915161133
75.7574843965285,-118.900848388672,-63.2551422119141,176.227584838867
75.7741515303187,-119.15983581543,-63.2629699707031,176.640121459961
75.790818664108,-119.252044677734,-63.2807693481445,176.899490356445
75.8074857978972,-119.147445678711,-63.3660774230957,176.964538574219
75.8241529316865,-118.803764343262,-63.4673194885254,176.803009033203
75.8408200654758,-118.231643676758,-63.4444541931152,176.430160522461
75.8574871992651,-117.163902282715,-63.096378326416,175.575485229492
75.8741543330543,-116.314842224121,-63.3664855957031,174.939834594727
75.8908214668436,-115.473777770996,-63.3671913146973,174.427459716797
75.9074886006329,-114.927139282227,-63.3932456970215,174.15348815918
75.924155734423,-114.576889038086,-63.4361267089844,174.056671142578
75.9408228682123,-114.396049499512,-63.4438400268555,174.055221557617
75.9574900020016,-114.245513916016,-63.4803047180176,173.955902099609
75.9741571357908,-114.025543212891,-63.5176391601562,173.722427368164
75.9908242695801,-113.775733947754,-63.5516815185547,173.481048583984
76.0074914033694,-113.386131286621,-63.4416313171387,173.175765991211
76.0241585371587,-113.023742675781,-63.2400932312012,172.961715698242
76.0408256709479,-112.421157836914,-62.9135704040527,172.617111206055
76.0574928047372,-111.845542907715,-62.633602142334,172.384719848633
76.0741599385274,-111.233673095703,-62.3399963378906,172.161148071289
76.0908270723166,-110.6240234375,-61.9915885925293,171.948593139648
76.1074942061059,-110.140869140625,-61.7023315429688,171.859939575195
76.1241613398952,-109.858283996582,-61.5001029968262,171.974151611328
76.1408284736845,-109.794418334961,-61.3814849853516,172.300476074219
76.1574956074737,-109.943984985352,-61.2821578979492,172.817291259766
76.174162741263,-110.243621826172,-61.224437713623,173.494079589844
76.1908298750523,-110.626319885254,-61.1893653869629,174.260726928711
76.2074970088415,-111.047904968262,-61.1243934631348,175.089263916016
76.2241641426317,-111.436576843262,-61.0261344909668,175.913436889648
76.240831276421,-111.725341796875,-60.9127883911133,176.656692504883
76.2574984102102,-111.890975952148,-60.7513847351074,177.278335571289
76.2741655439995,-111.939956665039,-60.5765266418457,177.75910949707
76.2908326777888,-111.932968139648,-60.3887100219727,178.174606323242
76.3074998115781,-111.880012512207,-60.1822052001953,178.510513305664
76.3241669453673,-111.821090698242,-59.9723281860352,178.778381347656
76.3408340791575,-111.829933166504,-59.8552093505859,179.073577880859
76.3575012129459,-111.980003356934,-59.8107109069824,179.402938842773
76.374168346736,-112.288856506348,-59.8822898864746,179.786026000977
76.3908354805253,-112.71760559082,-60.0137710571289,-179.829879760742
76.4075026143146,-113.220649719238,-60.2218475341797,-179.472793579102
76.4241697481038,-113.85863494873,-60.4571723937988,-179.07958984375
76.4408368818931,-114.510803222656,-60.4900016784668,-178.765853881836
76.4575040156824,-114.901214599609,-60.4622421264648,-178.776947021484
76.4741711494717,-115.277267456055,-60.5726585388184,-178.877090454102
76.4908382832618,-115.209487915039,-60.4256744384766,-179.420852661133
76.5075054170502,-115.121803283691,-60.393627166748,-179.991439819336
76.5241725508404,-115.106704711914,-60.2941856384277,179.540069580078
76.5408396846296,-115.006401062012,-59.9369888305664,179.080535888672
76.5575068184189,-115.020866394043,-59.4434051513672,178.865417480469
76.5741739522082,-115.186454772949,-59.1274528503418,178.897552490234
76.5908410859975,-115.480903625488,-58.9333190917969,179.098999023438
76.6075082197867,-115.83464050293,-58.8592872619629,179.369247436523
76.624175353576,-116.075294494629,-58.7625427246094,179.546035766602
76.6408424873662,-116.110458374023,-58.7208938598633,179.491058349609
76.6575096211545,-115.882194519043,-58.6756210327148,179.18278503418
76.6741767549447,-115.358291625977,-58.585319519043,178.553939819336
76.690843888734,-114.586906433105,-58.4714622497559,177.663482666016
76.7075110225232,-113.643218994141,-58.3859329223633,176.566299438477
76.7241781563125,-112.700416564941,-58.3655662536621,175.43244934082
76.7408452901018,-111.887031555176,-58.431526184082,174.395645141602
76.7575124238911,-111.234962463379,-58.5704917907715,173.47917175293
76.7741795576803,-110.788391113281,-58.7284927368164,172.739440917969
76.7908466914705,-110.470977783203,-58.9602699279785,172.122177124023
76.8075138252589,-110.233581542969,-59.1606826782227,171.56330871582
76.824180959049,-110.044311523438,-59.3109855651855,171.058517456055
76.8408480928383,-109.871162414551,-59.4214019775391,170.601135253906
76.8575152266276,-109.667854309082,-59.4577331542969,170.164627075195
76.8741823604169,-109.448143005371,-59.4675941467285,169.754089355469
76.8908494942061,-109.234748840332,-59.5102920532227,169.38444519043
76.9075166279954,-109.110343933105,-59.5774803161621,169.132568359375
76.9241837617847,-109.094367980957,-59.6398887634277,169.011428833008
76.9408508955748,-109.156188964844,-59.7002372741699,169.014358520508
76.9575180293632,-109.276031494141,-59.7047462463379,169.162124633789
76.9741851631534,-109.317504882812,-59.6404800415039,169.279922485352
76.9908522969426,-109.204772949219,-59.5916862487793,169.248886108398
77.0075194307319,-109.006240844727,-59.6873168945312,169.078262329102
77.0241865645212,-108.84716796875,-59.9214019775391,168.877990722656
77.0408536983105,-108.732078552246,-60.204273223877,168.670120239258
77.0575208320997,-108.647422790527,-60.2030715942383,168.492584228516
77.074187965889,-108.306266784668,-60.278133392334,168.091705322266
77.0908550996792,-108.313705444336,-60.4760055541992,168.079071044922
77.1075222334675,-107.944778442383,-60.5794677734375,167.633346557617
77.1241893672577,-107.905067443848,-60.7830085754395,167.533187866211
77.140856501047,-107.938163757324,-61.0254592895508,167.478881835938
77.1575236348363,-108.152488708496,-61.2806434631348,167.561126708984
77.1741907686255,-108.270484924316,-61.4198951721191,167.50341796875
77.1908579024148,-108.227569580078,-61.656078338623,167.302810668945
77.2075250362041,-107.978164672852,-61.7405662536621,167.011459350586
77.2241921699933,-107.717727661133,-61.7551498413086,166.763442993164
77.2408593037835,-107.485908508301,-61.631721496582,166.637756347656
77.2575264375719,-107.291030883789,-61.4595794677734,166.61262512207
77.274193571362,-107.078102111816,-61.2681159973145,166.642654418945
77.2908607051513,-106.893142700195,-61.0711059570312,166.732330322266
77.3075278389406,-106.836959838867,-60.8481483459473,166.981552124023
77.3241949727299,-106.994911193848,-60.6187782287598,167.433242797852
77.3408621065191,-107.363143920898,-60.4598808288574,168.083068847656
77.3575292403084,-107.881607055664,-60.3728332519531,168.877487182617
77.3741963740977,-108.438369750977,-60.2973136901855,169.680587768555
77.3908635078878,-108.968765258789,-60.2201385498047,170.432113647461
77.4075306416762,-109.381652832031,-60.1107749938965,171.06950378418
77.4241977754664,-109.708206176758,-59.967472076416,171.615219116211
77.4408649092557,-109.982925415039,-59.7911567687988,172.089874267578
77.4575320430449,-110.160087585449,-59.5899658203125,172.438339233398
77.4741991768342,-110.261672973633,-59.3453369140625,172.670532226562
77.4908663106235,-110.317680358887,-59.1006011962891,172.830078125
77.5075334444127,-110.358642578125,-58.8403511047363,172.92903137207
77.524200578202,-110.474075317383,-58.6031723022461,173.057662963867
77.5408677119922,-110.711563110352,-58.4178581237793,173.275405883789
77.5575348457805,-111.106903076172,-58.3137435913086,173.594512939453
77.5742019795707,-111.661064147949,-58.2693023681641,174.028366088867
77.59086911336,-112.337562561035,-58.275016784668,174.544631958008
77.6075362471493,-113.075294494629,-58.3106575012207,175.099700927734
77.6242033809385,-113.872802734375,-58.3657569885254,175.696380615234
77.6408705147278,-114.567733764648,-58.3015518188477,176.222091674805
77.6575376485171,-115.070892333984,-58.0562210083008,176.571212768555
77.6742047823063,-115.152862548828,-57.6150093078613,176.483535766602
77.6908719160965,-115.236656188965,-57.6515655517578,176.336456298828
77.7075390498849,-115.268463134766,-57.5488662719727,176.148284912109
77.7242061836751,-115.336990356445,-57.5293502807617,175.897491455078
77.7408733174643,-115.60961151123,-57.7776641845703,175.77490234375
77.7575404512536,-116.031158447266,-57.9245071411133,175.829330444336
77.7742075850429,-116.563995361328,-57.9811477661133,176.01448059082
77.7908747188321,-117.003684997559,-57.9007911682129,176.198471069336
77.8075418526214,-117.464599609375,-57.8496398925781,176.45866394043
77.8242089864107,-117.893928527832,-57.7884979248047,176.739974975586
77.8408761202008,-118.150444030762,-57.6330223083496,176.860641479492
77.8575432539892,-118.238006591797,-57.575511932373,176.819229125977
77.8742103877794,-118.098136901855,-57.5330276489258,176.557586669922
77.8908775215687,-117.753517150879,-57.5336952209473,176.063064575195
77.9075446553579,-117.271873474121,-57.5869178771973,175.413650512695
77.9242117891472,-116.714790344238,-57.6758117675781,174.661987304688
77.9408789229365,-116.208251953125,-57.8129539489746,173.934387207031
77.9575460567257,-115.76448059082,-57.9798240661621,173.244781494141
77.974213190515,-115.467559814453,-58.2073631286621,172.672668457031
77.9908803243052,-115.314521789551,-58.5207405090332,172.226684570312
78.0075474580935,-115.246742248535,-58.7981758117676,171.85009765625
78.0242145918837,-115.266571044922,-59.0459403991699,171.564498901367
78.040881725673,-115.380638122559,-59.2822799682617,171.39794921875
78.0575488594623,-115.55339050293,-59.4845352172852,171.30290222168
78.0742159932515,-115.76586151123,-59.6660537719727,171.260131835938
78.0908831270408,-115.986473083496,-59.8538627624512,171.250854492188
78.1075502608301,-116.24462890625,-60.0741157531738,171.312286376953
78.1242173946193,-116.602203369141,-60.2932281494141,171.508651733398
78.1408845284095,-117.112518310547,-60.5158920288086,171.911529541016
78.1575516621979,-117.88143157959,-60.8102264404297,172.633605957031
78.1742187959881,-118.847396850586,-61.1959838867188,173.562301635742
78.1908859297773,-119.966644287109,-61.6795196533203,174.62126159668
78.2075530635666,-121.200325012207,-62.2969627380371,175.746383666992
78.2242201973559,-122.491287231445,-62.9745216369629,176.913208007812
78.2408873311451,-123.784378051758,-63.6067123413086,178.082504272461
78.2575544649344,-124.983665466309,-64.0674209594727,179.165145874023
78.2742215987237,-125.706611633301,-64.1320877075195,179.813919067383
78.2908887325138,-126.547752380371,-64.64501953125,-179.345367431641
78.3075558663022,-127.346229553223,-64.8087921142578,-178.40803527832
78.3242230000924,-127.737922668457,-64.9255981445312,-177.900970458984
78.3408901338817,-128.380935668945,-65.1242218017578,-177.063018798828
78.3575572676709,-129.132034301758,-65.3988571166992,-176.167663574219
78.3742244014602,-129.638000488281,-65.5756759643555,-175.608917236328
78.3908915352495,-130.012420654297,-65.8886108398438,-175.237380981445
78.4075586690387,-129.97883605957,-66.1128997802734,-175.212692260742
78.424225802828,-129.552276611328,-66.2020263671875,-175.52490234375
78.4408929366182,-128.770935058594,-66.145133972168,-176.109588623047
78.4575600704065,-127.897888183594,-65.9457321166992,-176.715591430664
78.4742272041967,-127.361907958984,-65.6900329589844,-176.945541381836
78.490894337986,-127.277351379395,-65.4242935180664,-176.745910644531
78.5075614717753,-127.702217102051,-65.1993942260742,-176.091934204102
78.5242286055645,-128.558502197266,-65.0380325317383,-175.071273803711
78.5408957393538,-129.793151855469,-64.9020309448242,-173.710754394531
78.5575628731431,-131.245666503906,-64.7148132324219,-172.186264038086
78.5742300069323,-132.737014770508,-64.4221267700195,-170.670501708984
78.5908971407225,-134.389343261719,-64.2495574951172,-168.955322265625
78.6075642745109,-136.093597412109,-64.0951690673828,-167.227569580078
78.6242314083011,-137.737716674805,-63.9503593444824,-165.549102783203
78.6408985420903,-139.299743652344,-63.8203125,-163.965789794922
78.6575656758796,-140.733520507812,-63.6838035583496,-162.510955810547
78.6742328096689,-141.998275756836,-63.4980239868164,-161.193145751953
78.6908999434581,-143.181137084961,-63.3495216369629,-159.968994140625
78.7075670772474,-144.399200439453,-63.2871131896973,-158.781509399414
78.7242342110367,-145.488357543945,-63.2478332519531,-157.725509643555
78.7409013448269,-146.392639160156,-63.1949272155762,-156.868591308594
78.7575684786152,-147.213775634766,-63.179557800293,-156.15739440918
78.7742356124054,-147.93424987793,-63.1970443725586,-155.605834960938
78.7909027461947,-148.555541992188,-63.2639312744141,-155.168014526367
78.8075698799839,-149.109512329102,-63.3874702453613,-154.80143737793
78.8242370137732,-149.628204345703,-63.551685333252,-154.532806396484
78.8409041475625,-150.03044128418,-63.7285614013672,-154.38525390625
78.8575712813517,-150.068252563477,-63.8448104858398,-154.557083129883
78.874238415141,-149.551574707031,-63.8056602478027,-155.236602783203
78.8909055489312,-149.263122558594,-64.2128372192383,-155.766830444336
78.9075726827195,-149.338562011719,-64.6943893432617,-156.078659057617
78.9242398165097,-148.075347900391,-64.8681411743164,-157.580596923828
78.940906950299,-146.781021118164,-65.3007431030273,-159.206619262695
78.9575740840883,-145.65576171875,-65.8686599731445,-160.716552734375
78.9742412178775,-143.922866821289,-66.2338638305664,-162.799758911133
78.9909083516668,-142.15266418457,-66.3614120483398,-164.925491333008
79.0075754854561,-140.545623779297,-66.3893966674805,-166.805877685547
79.0242426192453,-139.150955200195,-66.3042678833008,-168.39192199707
79.0409097530355,-137.622100830078,-65.9990158081055,-170.115997314453
79.0575768868239,-136.001693725586,-65.7021713256836,-171.959564208984
79.0742440206141,-134.37239074707,-65.5520324707031,-173.813140869141
79.0909111544033,-132.528198242188,-65.3927459716797,-175.921142578125
79.1075782881926,-130.624740600586,-65.2359466552734,-178.1337890625
79.1242454219819,-128.893218994141,-65.0902328491211,179.783462524414
79.1409125557711,-127.468612670898,-64.9940795898438,177.966094970703
79.1575796895604,-126.449768066406,-64.9285125732422,176.493408203125
79.1742468233497,-125.826606750488,-64.8974533081055,175.382659912109
79.1909139571399,-125.509757995605,-64.8738784790039,174.529754638672
79.2075810909282,-125.658294677734,-64.9103851318359,174.128814697266
79.2242482247184,-126.208755493164,-65.022834777832,174.027725219727
79.2409153585077,-127.042930603027,-65.0744323730469,174.070098876953
79.2575824922969,-128.284240722656,-65.0746078491211,174.364151000977
79.2742496260862,-129.986129760742,-65.0023345947266,174.909072875977
79.2909167598755,-132.109893798828,-64.8980407714844,175.621322631836
79.3075838936647,-134.662216186523,-64.7716598510742,176.586730957031
79.324251027454,-137.416290283203,-64.5866546630859,177.648101806641
79.3409181612442,-140.087951660156,-64.3221740722656,178.612991333008
79.3575852950325,-142.53450012207,-64.0308990478516,179.396087646484
79.3742524288227,-144.613723754883,-63.6272010803223,179.903610229492
79.390919562612,-146.323699951172,-63.2067565917969,-179.757308959961
79.4075866964013,-147.569519042969,-62.7948188781738,-179.664474487305
79.4242538301905,-148.580780029297,-62.544246673584,-179.643859863281
79.4409209639798,-149.470764160156,-62.4618759155273,-179.661315917969
79.4575880977691,-150.144287109375,-62.3628234863281,-179.726181030273
79.4742552315583,-150.264556884766,-62.2462387084961,179.942855834961
79.4909223653485,-150.693954467773,-62.3310966491699,179.924850463867
79.5075894991369,-151.189468383789,-62.328296661377,179.98713684082
79.5242566329271,-151.527252197266,-62.3650779724121,179.920486450195
79.5409237667163,-151.957015991211,-62.5228271484375,179.904800415039
79.5575909005056,-152.40837097168,-62.7069969177246,179.705032348633
79.5742580342949,-152.494155883789,-62.817066192627,179.01091003418
79.5909251680841,-152.83251953125,-63.0565528869629,178.237442016602
79.6075923018734,-152.845748901367,-63.1421279907227,177.218200683594
79.6242594356627,-152.214721679688,-63.0857391357422,175.714385986328
79.6409265694529,-151.65901184082,-62.9920425415039,174.17936706543
79.6575937032412,-151.37841796875,-62.8798637390137,172.817916870117
79.6742608370314,-151.161407470703,-62.7491683959961,171.556823730469
79.6909279708207,-151.081497192383,-62.5896835327148,170.497116088867
79.7075951046099,-151.182067871094,-62.401969909668,169.684661865234
79.7242622383992,-151.345092773438,-62.235782623291,169.017639160156
79.7409293721885,-151.554595947266,-62.1245803833008,168.442977905273
79.7575965059777,-151.887634277344,-62.1115226745605,168.022888183594
79.774263639767,-152.381774902344,-62.1537857055664,167.727325439453
79.7909307735572,-153.007781982422,-62.2107772827148,167.532760620117
79.8075979073456,-153.707427978516,-62.2492179870605,167.398254394531
79.8242650411357,-154.378295898438,-62.2375793457031,167.271636962891
79.840932174925,-154.962295532227,-62.178840637207,167.143692016602
79.8575993087143,-155.537857055664,-62.1239852905273,167.06217956543
79.8742664425035,-156.077056884766,-62.0923271179199,167.022888183594
79.8909335762928,-156.593154907227,-62.0774040222168,167.063125610352
79.9076007100821,-157.101516723633,-62.0830192565918,167.195098876953
79.9242678438713,-157.625595092773,-62.1384658813477,167.416519165039
79.9409349776615,-158.200134277344,-62.2810325622559,167.694854736328
79.9576021114499,-158.793884277344,-62.5298233032227,167.928771972656
79.9742692452401,-159.289825439453,-62.8313217163086,168.040878295898
79.9909363790293,-159.598495483398,-63.1481666564941,167.993499755859
80.0076035128186,-159.764007568359,-63.4644317626953,167.84928894043
80.0242706466079,-159.816482543945,-63.7572059631348,167.687286376953
80.0409377803971,-159.683776855469,-64.003532409668,167.477294921875
80.0576049141864,-159.123291015625,-64.2101287841797,167.037933349609
80.0742720479757,-158.188140869141,-64.6297760009766,166.298278808594
80.0909391817659,-156.958389282227,-65.0269165039062,165.350662231445
80.1076063155542,-154.588394165039,-65.4339828491211,163.732864379883
80.1242734493444,-151.962219238281,-66.2462615966797,161.736373901367
80.1409405831337,-149.612899780273,-67.0198440551758,159.761352539062
80.1576077169229,-146.298858642578,-67.4386444091797,157.332916259766
80.1742748507122,-143.40022277832,-67.9189071655273,155.245330810547
80.1909419845015,-142.285293579102,-68.4022674560547,154.534454345703
80.2076091182907,-141.619766235352,-68.8576278686523,154.175704956055
80.22427625208,-140.900817871094,-69.0084381103516,153.834457397461
80.2409433858702,-140.429641723633,-69.0940704345703,153.660995483398
80.2576105196586,-140.089447021484,-69.1486282348633,153.465698242188
80.2742776534487,-139.419189453125,-69.1767120361328,152.925247192383
80.290944787238,-138.414260864258,-69.1095581054688,152.037719726562
80.3076119210273,-137.145568847656,-69.0202407836914,150.833633422852
80.3242790548165,-135.754730224609,-68.9451904296875,149.48876953125
80.3409461886058,-134.301574707031,-68.8683395385742,148.061111450195
80.3576133223951,-132.832214355469,-68.7700958251953,146.605056762695
80.3742804561844,-131.279113769531,-68.6713104248047,145.02653503418
80.3909475899745,-129.703536987305,-68.5971908569336,143.360061645508
80.4076147237629,-128.135437011719,-68.5218276977539,141.620620727539
80.4242818575531,-126.591041564941,-68.4606018066406,139.926651000977
80.4409489913423,-125.015548706055,-68.2515716552734,138.144287109375
80.4576161251316,-123.409965515137,-67.9905853271484,136.322692871094
80.4742832589209,-121.696662902832,-67.6647415161133,134.406326293945
80.4909503927101,-120.033897399902,-67.2534255981445,132.546966552734
80.5076175264994,-118.607070922852,-66.8345642089844,130.90837097168
80.5242846602887,-117.53825378418,-66.4248352050781,129.634780883789
80.5409517940789,-116.777603149414,-66.0618591308594,128.701782226562
80.5576189278672,-116.253890991211,-65.7538146972656,128.031448364258
80.5742860616574,-115.908515930176,-65.4809417724609,127.565994262695
80.5909531954467,-115.686408996582,-65.2919311523438,127.23331451416
80.6076203292359,-115.641647338867,-65.2326583862305,127.067611694336
80.6242874630252,-115.740425109863,-65.2774124145508,127.031684875488
80.6409545968145,-115.922065734863,-65.1013031005859,127.138343811035
80.6576217306038,-115.508255004883,-64.9201049804688,126.662620544434
80.674288864393,-115.480400085449,-65.0057678222656,126.589897155762
80.6909559981832,-114.668724060059,-64.6754837036133,125.77156829834
80.7076231319716,-114.186500549316,-64.6453170776367,125.232009887695
80.7242902657617,-113.562744140625,-64.6747283935547,124.569267272949
80.740957399551,-113.213668823242,-64.6088180541992,124.210830688477
80.7576245333403,-112.966835021973,-64.3688659667969,123.959190368652
80.7742916671295,-112.768974304199,-64.3442764282227,123.728958129883
80.7909588009188,-112.382690429688,-64.2637100219727,123.377136230469
80.8076259347081,-111.877838134766,-64.1364822387695,122.932571411133
80.8242930684974,-111.39884185791,-63.9662933349609,122.587448120117
80.8409602022875,-110.966514587402,-63.8014869689941,122.324165344238
80.8576273360759,-110.65478515625,-63.6954574584961,122.245330810547
80.8742944698661,-110.491676330566,-63.5806007385254,122.381484985352
80.8909616036553,-110.483665466309,-63.4480514526367,122.713912963867
80.9076287374446,-110.62385559082,-63.3564796447754,123.19172668457
80.9242958712339,-110.959297180176,-63.3341674804688,123.842971801758
80.9409630050231,-111.489349365234,-63.3674087524414,124.670829772949
80.9576301388124,-112.164291381836,-63.4434700012207,125.611633300781
80.9742972726017,-112.914131164551,-63.5441131591797,126.603485107422
80.9909644063919,-113.614097595215,-63.6408538818359,127.527709960938
81.0076315401802,-114.193885803223,-63.7149620056152,128.295852661133
81.0242986739704,-114.607772827148,-63.76611328125,128.856826782227
81.0409658077597,-114.877418518066,-63.7819328308105,129.230056762695
81.0576329415489,-115.021667480469,-63.7570304870605,129.437362670898
81.0743000753382,-115.081092834473,-63.7071151733398,129.525360107422
81.0909672091275,-115.121337890625,-63.6713256835938,129.574844360352
81.1076343429168,-115.155326843262,-63.6248931884766,129.583709716797
81.124301476706,-115.178520202637,-63.580638885498,129.555572509766
81.1409686104962,-115.268623352051,-63.5696296691895,129.570068359375
81.1576357442846,-115.351280212402,-63.5848121643066,129.55322265625
81.1743028780747,-115.493270874023,-63.5983848571777,129.546813964844
81.190970011864,-115.613052368164,-63.6059722900391,129.504516601562
81.2076371456533,-115.857414245605,-63.6535453796387,129.560577392578
81.2243042794425,-116.098899841309,-63.6659774780273,129.628295898438
81.2409714132318,-116.342544555664,-63.5705108642578,129.734268188477
81.2576385470211,-116.476661682129,-63.4301986694336,129.713180541992
81.2743056808104,-116.487228393555,-63.1488151550293,129.509567260742
81.2909728146005,-116.45841217041,-63.419750213623,129.073364257812
81.3076399483898,-116.670181274414,-63.4147071838379,128.839309692383
81.3243070821791,-116.709861755371,-63.7523231506348,128.190521240234
81.3409742159683,-117.038696289062,-64.479248046875,127.697120666504
81.3576413497576,-117.543334960938,-64.7421798706055,127.513717651367
81.3743084835469,-117.842895507812,-64.6228485107422,127.19450378418
81.3909756173362,-118.400825500488,-64.485954284668,127.158599853516
81.4076427511254,-118.737976074219,-64.1735382080078,127.068229675293
81.4243098849147,-118.790733337402,-63.6711463928223,126.717239379883
81.4409770187049,-118.555313110352,-63.1982879638672,126.061729431152
81.4576441524941,-118.086540222168,-62.857349395752,125.137588500977
81.4743112862834,-117.388771057129,-62.6170043945312,123.918296813965
81.4909784200727,-116.526718139648,-62.4451026916504,122.482986450195
81.5076455538619,-115.570190429688,-62.309009552002,120.917709350586
81.5243126876512,-114.573379516602,-62.1303596496582,119.331298828125
81.5409798214405,-113.614761352539,-61.9117584228516,117.791206359863
81.5576469552298,-112.751899719238,-61.6353530883789,116.382301330566
81.574314089019,-112.011100769043,-61.3402786254883,115.091369628906
81.5909812228092,-111.43187713623,-61.0801887512207,113.957092285156
81.6076483565985,-110.992042541504,-60.9145050048828,112.961921691895
81.6243154903877,-110.673042297363,-60.8005218505859,112.096771240234
81.640982624177,-110.426261901855,-60.7285461425781,111.336524963379
81.6576497579663,-110.286903381348,-60.7346496582031,110.733543395996
81.6743168917556,-110.268028259277,-60.8122749328613,110.292083740234
81.6909840255448,-110.393928527832,-60.8501510620117,110.049263000488
81.7076511593341,-110.576225280762,-60.863353729248,109.933204650879
81.7243182931234,-110.754302978516,-60.8234176635742,109.930786132812
81.7409854269135,-110.982177734375,-60.7911415100098,110.07926940918
81.7576525607028,-111.176544189453,-60.7146110534668,110.273765563965
81.7743196944921,-111.300758361816,-60.6397094726562,110.444999694824
81.7909868282813,-111.283142089844,-60.719051361084,110.437797546387
81.8076539620706,-111.205429077148,-61.0552177429199,110.283988952637
81.8243210958599,-111.215980529785,-61.5208053588867,110.158470153809
81.8409882296492,-111.380401611328,-62.0250511169434,110.203109741211
81.8576553634384,-111.739402770996,-62.38818359375,110.504608154297
81.8743224972277,-111.908821105957,-62.4170341491699,110.646331787109
81.8909896310179,-112.30184173584,-63.0624198913574,111.039436340332
81.9076567648071,-112.908378601074,-63.1801528930664,111.779930114746
81.9243238985964,-113.376838684082,-63.364688873291,112.211952209473
81.9409910323857,-114.348068237305,-63.8612022399902,113.124534606934
81.957658166175,-114.978233337402,-64.2525024414062,113.649642944336
81.9743252999642,-115.433670043945,-64.6591033935547,113.850234985352
81.9909924337535,-115.203887939453,-64.9481430053711,113.329460144043
82.0076595675428,-114.642059326172,-65.2095031738281,112.435577392578
82.024326701332,-113.555526733398,-65.202522277832,111.032943725586
82.0409938351222,-112.237915039062,-65.1420745849609,109.376319885254
82.0576609689115,-110.837562561035,-65.0284423828125,107.651084899902
82.0743281027007,-109.728866577148,-64.8648834228516,106.206665039062
82.09099523649,-109.084922790527,-64.6541900634766,105.205352783203
82.1076623702793,-108.914588928223,-64.4095916748047,104.675331115723
82.1243295040686,-109.061851501465,-64.1280059814453,104.502647399902
82.1409966378578,-109.407623291016,-63.8406524658203,104.578010559082
82.1576637716471,-109.862480163574,-63.567211151123,104.801536560059
82.1743309054364,-110.333908081055,-63.3499031066895,105.055999755859
82.1909980392265,-110.75511932373,-63.2079772949219,105.251892089844
82.2076651730158,-111.129936218262,-63.0797080993652,105.397148132324
82.2243323068051,-111.426933288574,-62.9927940368652,105.466636657715
82.2409994405944,-111.666427612305,-62.8991088867188,105.418663024902
82.2576665743836,-111.808746337891,-62.8290252685547,105.257789611816
82.2743337081729,-112.000480651855,-62.7863235473633,105.110885620117
82.2910008419622,-112.281929016113,-62.7813110351562,105.02498626709
82.3076679757514,-112.814880371094,-62.8720817565918,105.166297912598
82.3243351095407,-113.596473693848,-63.0013122558594,105.506973266602
82.3410022433309,-114.689765930176,-63.2144737243652,106.065528869629
82.3576693771201,-116.112121582031,-63.5272750854492,106.833335876465
82.3743365109094,-117.853469848633,-63.9498443603516,107.786682128906
82.3910036446987,-119.984252929688,-64.6036376953125,109.069061279297
82.407670778488,-122.642372131348,-65.3533630371094,110.83292388916
82.4243379122772,-125.614677429199,-66.0813598632812,112.875144958496
82.4410050460665,-128.782150268555,-66.7539215087891,115.136512756348
82.4576721798558,-131.823211669922,-67.2493591308594,117.277206420898
82.474339313645,-134.156097412109,-67.5855255126953,118.735542297363
82.4910064474352,-137.387771606445,-68.455322265625,120.990013122559
82.5076735812245,-140.148941040039,-68.8298187255859,122.883270263672
82.5243407150138,-142.259979248047,-69.1452713012695,124.059730529785
82.541007848803,-145.233734130859,-69.5853500366211,126.139358520508
82.5576749825923,-147.715728759766,-69.7295532226562,127.885513305664
82.5743421163816,-149.737548828125,-69.5122528076172,129.314697265625
82.5910092501708,-151.241744995117,-69.2317428588867,130.322799682617
82.6076763839601,-152.728393554688,-69.0200653076172,131.40544128418
82.6243435177494,-153.775772094727,-68.7852096557617,132.098129272461
82.6410106515395,-154.331192016602,-68.5118026733398,132.280685424805
82.6576777853288,-154.834823608398,-68.3986968994141,132.42024230957
82.6743449191181,-155.220153808594,-68.4138717651367,132.423812866211
82.6910120529074,-155.317108154297,-68.4980697631836,132.094848632812
82.7076791866966,-155.238845825195,-68.6902084350586,131.570022583008
82.7243463204859,-155.052627563477,-68.8790969848633,130.959274291992
82.7410134542752,-154.793701171875,-69.0621719360352,130.271789550781
82.7576805880644,-154.571075439453,-69.2401657104492,129.637573242188
82.7743477218537,-154.34228515625,-69.4078903198242,129.016998291016
82.7910148556439,-153.992233276367,-69.605354309082,128.2880859375
82.8076819894331,-153.478668212891,-69.763427734375,127.430557250977
82.8243491232224,-152.921310424805,-69.9846038818359,126.594116210938
82.8410162570117,-151.841033935547,-70.1425628662109,125.183204650879
82.857683390801,-150.278686523438,-70.2242736816406,123.300392150879
82.8743505245902,-148.344451904297,-70.307746887207,121.053550720215
82.8910176583795,-145.963653564453,-70.326904296875,118.352668762207
82.9076847921688,-143.251800537109,-70.2533111572266,115.320297241211
82.924351925958,-140.400680541992,-70.0781021118164,112.157371520996
82.9410190597482,-137.568130493164,-69.748779296875,109.04508972168
82.9576861935375,-134.966400146484,-69.3891372680664,106.195472717285
82.9743533273268,-132.621109008789,-69.0907211303711,103.635734558105
82.991020461116,-130.598785400391,-68.835075378418,101.422508239746
83.0076875949053,-128.988143920898,-68.6824264526367,99.6247863769531
83.0243547286946,-127.733268737793,-68.5995635986328,98.2407989501953
83.0410218624838,-126.613746643066,-68.4684906005859,97.0544509887695
83.0576889962731,-125.439567565918,-68.1970748901367,95.9246597290039
83.0743561300624,-124.271507263184,-67.7094879150391,94.9723434448242
83.0910232638525,-123.324012756348,-67.5108947753906,94.3537292480469
83.1076903976418,-123.20206451416,-67.2918930053711,94.5937728881836
83.1243575314311,-123.192230224609,-67.1472625732422,94.9137802124023
83.1410246652204,-123.710876464844,-67.103141784668,95.7946395874023
83.1576917990096,-124.122802734375,-67.0488739013672,96.5103149414062
83.1743589327989,-124.02197265625,-67.1886672973633,96.5939025878906
83.1910260665882,-123.174049377441,-67.3253707885742,95.9112014770508
83.2076932003774,-121.584678649902,-67.4988403320312,94.4597625732422
83.2243603341667,-119.264038085938,-67.492805480957,92.2287368774414
83.2410274679569,-116.693977355957,-67.4243240356445,89.6693878173828
83.2576946017462,-114.410247802734,-67.2668151855469,87.4368209838867
83.2743617355354,-112.69157409668,-67.0751190185547,85.7529525756836
83.2910288693247,-111.652717590332,-66.8812484741211,84.6904602050781
83.307696003114,-111.188919067383,-66.7089920043945,84.1717071533203
83.3243631369032,-111.164527893066,-66.5314712524414,84.0783615112305
83.3410302706925,-111.493835449219,-66.3465805053711,84.3570785522461
83.3576974044818,-111.918357849121,-66.1251678466797,84.7566528320312
83.374364538271,-112.457458496094,-65.9148864746094,85.2935485839844
83.3910316720612,-113.086524963379,-65.7105484008789,85.9258804321289
83.4076988058505,-113.682159423828,-65.4833145141602,86.5467071533203
83.4243659396398,-114.305938720703,-65.2718276977539,87.1844787597656
83.441033073429,-114.871109008789,-65.0442047119141,87.7596664428711
83.4577002072183,-115.300216674805,-64.7946548461914,88.214599609375
83.4743673410076,-115.60124206543,-64.4805297851562,88.5746841430664
83.4910344747968,-115.824684143066,-64.1101608276367,88.8644943237305
83.5077016085861,-116.031143188477,-63.8013114929199,89.1522369384766
83.5243687423754,-116.249359130859,-63.5099220275879,89.3992538452148
83.5410358761656,-116.685340881348,-63.4131164550781,89.7932357788086
83.5577030099548,-117.27320098877,-63.3435173034668,90.2244338989258
83.5743701437441,-118.043975830078,-63.4439277648926,90.7351455688477
83.5910372775334,-118.973014831543,-63.6817207336426,91.3660354614258
83.6077044113226,-120.007751464844,-63.9522018432617,92.0811309814453
83.6243715451119,-121.155616760254,-64.338264465332,92.9138336181641
83.6410386789012,-122.248680114746,-64.5438003540039,93.6506042480469
83.6577058126904,-123.324638366699,-65.3256912231445,94.3102264404297
83.6743729464797,-125.498390197754,-66.5394821166992,96.0787048339844
83.6910400802699,-127.700675964355,-67.5711517333984,97.9043121337891
83.7077072140592,-130.515075683594,-68.4993133544922,100.279411315918
83.7243743478484,-133.801254272461,-69.2157974243164,103.141006469727
83.7410414816377,-136.584274291992,-69.5413284301758,105.592269897461
83.757708615427,-139.395263671875,-69.9057388305664,108.096069335938
83.7743757492162,-141.44660949707,-70.1536407470703,109.93643951416
83.7910428830055,-142.835235595703,-70.2922592163086,111.140762329102
83.8077100167948,-143.688140869141,-70.3899230957031,111.865440368652
83.824377150584,-144.328201293945,-70.5090789794922,112.420471191406
83.8410442843742,-144.566009521484,-70.61279296875,112.624305725098
83.8577114181635,-144.482757568359,-70.7651596069336,112.517295837402
83.8743785519528,-144.236724853516,-70.9590911865234,112.280555725098
83.891045685742,-143.945816040039,-71.1630325317383,112.000831604004
83.9077128195313,-143.85627746582,-71.3827743530273,111.920639038086
83.9243799533206,-144.067687988281,-71.568489074707,112.134590148926
83.9410470871098,-144.290969848633,-71.6947174072266,112.299209594727
83.9577142208991,-144.88395690918,-71.8047485351562,112.881217956543
83.9743813546884,-145.795257568359,-72.0120010375977,113.720428466797
83.9910484884786,-146.305465698242,-72.1208953857422,114.05493927002
84.0077156222678,-146.934173583984,-72.2360076904297,114.50910949707
84.0243827560571,-147.614944458008,-72.3497619628906,115.009735107422
84.0410498898464,-148.240997314453,-72.4500198364258,115.454895019531
84.0577170236356,-148.820999145508,-72.5347213745117,115.86548614502
84.0743841574249,-149.362915039062,-72.6261978149414,116.227256774902
84.0910512912142,-149.950241088867,-72.6873092651367,116.630615234375
84.1077184250034,-150.494812011719,-72.7986450195312,116.980758666992
84.1243855587927,-151.245162963867,-72.8709945678711,117.551849365234
84.1410526925829,-152.164688110352,-72.8959503173828,118.351440429688
84.1577198263722,-153.057678222656,-72.9004974365234,119.13646697998
84.1743869601614,-153.925155639648,-72.9696807861328,119.892555236816
84.1910540939507,-154.682189941406,-73.1336441040039,120.553672790527
84.20772122774,-155.103073120117,-73.2983093261719,120.905372619629
84.2243883615292,-154.335296630859,-73.2548980712891,120.10457611084
84.2410554953185,-153.661834716797,-73.4532928466797,119.523666381836
84.2577226291087,-154.111419677734,-73.5296478271484,120.083717346191
84.274389762897,-153.705978393555,-73.5455093383789,119.805931091309
84.2910568966872,-154.073654174805,-73.4435729980469,120.317291259766
84.3077240304765,-154.065093994141,-73.2374954223633,120.454063415527
84.3243911642658,-153.688400268555,-72.9717864990234,120.188911437988
84.341058298055,-152.501800537109,-72.835823059082,119.139999389648
84.3577254318443,-150.923904418945,-72.7240829467773,117.721603393555
84.3743925656336,-147.817260742188,-72.5537643432617,114.812232971191
84.3910596994228,-143.75651550293,-72.2727890014648,111.006820678711
84.407726833213,-139.089767456055,-71.8709259033203,106.645225524902
84.4243939670014,-134.791198730469,-71.2999954223633,102.716156005859
84.4410611007916,-131.066299438477,-70.5962371826172,99.3917617797852
84.4577282345808,-128.161376953125,-69.8771209716797,96.9076232910156
84.4743953683701,-126.064582824707,-69.1808013916016,95.2221755981445
84.4910625021594,-124.796043395996,-68.5672073364258,94.3318481445312
84.5077296359486,-124.241249084473,-68.07080078125,94.1135711669922
84.5243967697379,-124.21752166748,-67.7051849365234,94.4117965698242
84.5410639035272,-124.522026062012,-67.4148712158203,95.0459136962891
84.5577310373174,-124.956657409668,-67.1190338134766,95.8064651489258
84.5743981711057,-125.435646057129,-66.8324127197266,96.6421051025391
84.5910653048959,-125.860870361328,-66.5318908691406,97.4484405517578
84.6077324386852,-126.159729003906,-66.2114028930664,98.1419982910156
84.6243995724744,-126.306510925293,-65.9074783325195,98.6718139648438
84.6410667062637,-126.288848876953,-65.6289215087891,99.0152587890625
84.657733840053,-126.185615539551,-65.3547668457031,99.2491760253906
84.6744009738422,-126.036376953125,-65.0924453735352,99.3969650268555
84.6910681076315,-125.923896789551,-64.8516616821289,99.5231323242188
84.7077352414217,-125.843955993652,-64.631103515625,99.5934753417969
84.72440237521,-125.785758972168,-64.4341049194336,99.5832290649414
84.7410695090002,-125.738510131836,-64.2678070068359,99.5145263671875
84.7577366427895,-125.860252380371,-64.1432571411133,99.6112747192383
84.7744037765788,-126.231239318848,-64.0137329101562,99.9350128173828
84.791070910368,-126.821891784668,-63.9438896179199,100.422920227051
84.8077380441573,-127.522583007812,-63.9407768249512,100.961853027344
84.8244051779466,-127.957382202148,-63.6879425048828,101.210456848145
84.8410723117358,-128.514526367188,-63.9461517333984,101.470039367676
84.857739445526,-129.208694458008,-64.0121002197266,101.85311126709
84.8744065793144,-129.506484985352,-64.0098648071289,101.743171691895
84.8910737131046,-129.996734619141,-64.1351089477539,101.75577545166
84.9077408468938,-130.271942138672,-64.0239028930664,101.604209899902
84.9244079806831,-130.708587646484,-63.8973770141602,101.635437011719
84.9410751144724,-130.855545043945,-63.5703010559082,101.491081237793
84.9577422482616,-130.836273193359,-63.2097969055176,101.233093261719
84.9744093820509,-130.701309204102,-62.817497253418,100.919212341309
84.9910765158402,-130.397033691406,-62.4490966796875,100.441505432129
85.0077436496304,-130.092834472656,-62.2237968444824,99.9414215087891
85.0244107834187,-129.679183959961,-62.1332130432129,99.2997741699219
85.0410779172089,-129.140060424805,-62.1288986206055,98.5142517089844
85.0577450509982,-128.468688964844,-62.2042770385742,97.5884170532227
85.0744121847874,-127.720642089844,-62.3282356262207,96.5689468383789
85.0910793185767,-127.012870788574,-62.4805068969727,95.5986785888672
85.107746452366,-126.362503051758,-62.6079788208008,94.6838150024414
85.1244135861552,-125.77823638916,-62.7035903930664,93.8333892822266
85.1410807199445,-125.332389831543,-62.7677040100098,93.1513290405273
85.1577478537347,-124.982734680176,-62.8464431762695,92.6091766357422
85.1744149875231,-124.654808044434,-62.8375434875488,92.1584777832031
85.1910821213132,-124.386077880859,-62.7741737365723,91.8112030029297
85.2077492551025,-124.156967163086,-62.7317962646484,91.5766906738281
85.2244163888918,-123.876068115234,-62.7068901062012,91.3405227661133
85.241083522681,-123.515174865723,-62.6979331970215,91.0664520263672
85.2577506564703,-123.147659301758,-62.6982688903809,90.8253784179688
85.2744177902596,-122.791831970215,-62.6156158447266,90.6558685302734
85.2910849240488,-122.423545837402,-62.4783020019531,90.5607833862305
85.307752057839,-122.141242980957,-62.3446617126465,90.5979766845703
85.3244191916274,-121.896324157715,-62.2645034790039,90.6880874633789
85.3410863254176,-121.663482666016,-62.2630157470703,90.7709808349609
85.3577534592068,-121.474960327148,-62.3929786682129,90.879020690918
85.3744205929961,-121.304557800293,-62.5751152038574,90.9804763793945
85.3910877267854,-121.191940307617,-62.710277557373,91.132453918457
85.4077548605746,-120.757469177246,-62.1641616821289,90.989875793457
85.4244219943639,-120.195869445801,-62.3358917236328,90.7404632568359
85.4410891281532,-120.277252197266,-62.420238494873,91.2672653198242
85.4577562619434,-120.185829162598,-62.4496841430664,91.4987182617188
85.4744233957317,-120.578018188477,-62.5961112976074,92.1696166992188
85.4910905295219,-121.050857543945,-62.931568145752,92.8178176879883
85.5077576633112,-121.327178955078,-63.2170486450195,93.1553192138672
85.5244247971004,-121.10619354248,-63.5988426208496,92.9819946289062
85.5410919308897,-120.692520141602,-63.8294982910156,92.6835021972656
85.557759064679,-119.772766113281,-63.8500289916992,91.9093246459961
85.5744261984682,-118.506912231445,-63.6960906982422,90.8445587158203
85.5910933322575,-117.194259643555,-63.5366554260254,89.7561798095703
85.6077604660477,-115.967132568359,-63.316593170166,88.7711639404297
85.6244275998361,-115.04866027832,-63.0985870361328,88.0990982055664
85.6410947336262,-114.456657409668,-62.8827056884766,87.7607879638672
85.6577618674155,-114.209915161133,-62.7024345397949,87.7730712890625
85.6744290012048,-114.236145019531,-62.5317420959473,88.0668029785156
85.691096134994,-114.466979980469,-62.3613204956055,88.5735244750977
85.7077632687833,-114.803489685059,-62.183422088623,89.1997222900391
85.7244304025726,-115.17073059082,-62.023078918457,89.8737716674805
85.7410975363618,-115.479194641113,-61.8661880493164,90.4841766357422
85.757764670152,-115.725044250488,-61.7247695922852,91.0061874389648
85.7744318039404,-115.934242248535,-61.5793685913086,91.4488525390625
85.7910989377306,-116.085678100586,-61.3895072937012,91.7764282226562
85.8077660715198,-116.149238586426,-61.1791038513184,91.9733657836914
85.8244332053091,-116.14900970459,-60.959903717041,92.0611038208008
85.8411003390984,-116.184349060059,-60.7306632995605,92.1534042358398
85.8577674728876,-116.275505065918,-60.496768951416,92.2389373779297
85.8744346066769,-116.467079162598,-60.3520011901855,92.365364074707
85.8911017404662,-116.80884552002,-60.2870559692383,92.5626831054688
85.9077688742564,-117.318428039551,-60.2898406982422,92.8435516357422
85.9244360080447,-117.928985595703,-60.3256874084473,93.1681289672852
85.9411031418349,-118.594886779785,-60.3860397338867,93.5174102783203
85.9577702756242,-119.334426879883,-60.4694137573242,93.9167175292969
85.9744374094134,-120.052253723145,-60.5262222290039,94.2975006103516
85.9911045432027,-120.658737182617,-60.4201202392578,94.6046676635742
86.007771676992,-120.790008544922,-60.0064277648926,94.4399871826172
86.0244388107812,-120.984672546387,-60.1432189941406,94.3526077270508
86.0411059445705,-121.265472412109,-60.1514625549316,94.4082946777344
86.0577730783607,-121.586166381836,-60.1526374816895,94.4059906005859
86.0744402121491,-122.302787780762,-60.3747596740723,94.7207489013672
86.0911073459392,-123.052154541016,-60.5523948669434,95.046272277832
86.1077744797285,-123.833488464355,-60.6554069519043,95.4509658813477
86.1244416135178,-124.298225402832,-60.5308227539062,95.6878051757812
86.141108747307,-124.453491210938,-60.2741813659668,95.7112655639648
86.1577758810963,-124.391403198242,-59.9552917480469,95.5665893554688
86.1744430148856,-123.992179870605,-59.5105438232422,95.0954742431641
86.1911101486749,-123.345596313477,-59.1823272705078,94.359375
86.207777282465,-122.509757995605,-58.9755783081055,93.4094467163086
86.2244444162534,-121.622505187988,-58.8817977905273,92.3417205810547
86.2411115500436,-120.7841796875,-58.9203948974609,91.2676391601562
86.2577786838328,-120.057540893555,-59.0438995361328,90.2412185668945
86.2744458176221,-119.487907409668,-59.2106971740723,89.3535385131836
86.2911129514114,-119.085960388184,-59.4061088562012,88.6222305297852
86.3077800852006,-118.808288574219,-59.5615997314453,88.0291595458984
86.3244472189899,-118.650032043457,-59.7887802124023,87.59912109375
86.3411143527792,-118.499656677246,-59.9633598327637,87.1880722045898
86.3577814865694,-118.305709838867,-60.0743827819824,86.755859375
86.3744486203577,-118.092590332031,-60.1366386413574,86.3605880737305
86.3911157541479,-117.818290710449,-60.1614418029785,85.9403762817383
86.4077828879372,-117.506958007812,-60.1659889221191,85.5182418823242
86.4244500217264,-117.154441833496,-60.1742134094238,85.0996475219727
86.4411171555157,-116.875442504883,-60.2392845153809,84.7925491333008
86.457784289305,-116.656257629395,-60.2654991149902,84.6181716918945
86.4744514230943,-116.503875732422,-60.2596435546875,84.5742874145508
86.4911185568835,-116.417541503906,-60.2620544433594,84.6513748168945
86.5077856906737,-116.40941619873,-60.2719192504883,84.8231887817383
86.5244528244621,-116.396301269531,-60.295654296875,84.9610900878906
86.5411199582522,-116.385704040527,-60.4723510742188,85.0562973022461
86.5577870920415,-116.402847290039,-60.7512397766113,85.1480560302734
86.5744542258308,-116.510185241699,-61.0287246704102,85.2936019897461
86.59112135962,-116.664237976074,-61.2059745788574,85.4970932006836
86.6077884934093,-116.568176269531,-60.9514198303223,85.504524230957
86.6244556271986,-116.417709350586,-61.2097396850586,85.5109786987305
86.6411227609879,-116.442665100098,-61.1716270446777,85.7982864379883
86.657789894778,-116.524459838867,-61.2828750610352,86.0944442749023
86.6744570285664,-116.744163513184,-61.4302368164062,86.6071853637695
86.6911241623566,-117.094032287598,-61.7030143737793,87.2252502441406
86.7077912961458,-117.356628417969,-61.9916648864746,87.7364959716797
86.7244584299351,-117.323608398438,-62.1528625488281,87.9202041625977
86.7411255637244,-117.168907165527,-62.4450721740723,87.9629211425781
86.7577926975137,-116.770690917969,-62.5973167419434,87.8168411254883
86.7744598313029,-116.274803161621,-62.6835708618164,87.5765686035156
86.7911269650922,-115.697463989258,-62.6530647277832,87.2993240356445
86.8077940988824,-115.17066192627,-62.6079788208008,87.1111526489258
86.8244612326707,-114.750717163086,-62.5281295776367,87.0989227294922
86.8411283664609,-114.519050598145,-62.4360427856445,87.3195877075195
86.8577955002502,-114.426490783691,-62.3645401000977,87.6896133422852
86.8744626340394,-114.516189575195,-62.3428802490234,88.2499160766602
86.8911297678287,-114.744895935059,-62.3354759216309,88.9597702026367
86.907796901618,-115.001167297363,-62.385856628418,89.6626358032227
86.9244640354073,-115.269828796387,-62.4629402160645,90.3347854614258
86.9411311691965,-115.528305053711,-62.5129432678223,90.9664535522461
86.9577983029867,-115.734771728516,-62.4991607666016,91.5332412719727
86.9744654367751,-115.856651306152,-62.4199371337891,91.9932403564453
86.9911325705652,-115.897956848145,-62.2831993103027,92.3446273803711
87.0077997043545,-115.879135131836,-62.1081008911133,92.6031036376953
87.0244668381438,-115.850982666016,-61.905330657959,92.8053512573242
87.041133971933,-115.846046447754,-61.7022438049316,92.9907455444336
87.0578011057223,-115.900825500488,-61.5215225219727,93.1812591552734
87.0744682395116,-116.036636352539,-61.3353462219238,93.3931427001953
87.0911353733009,-116.281196594238,-61.2104835510254,93.6696548461914
87.107802507091,-116.590690612793,-61.0921478271484,93.9427337646484
87.1244696408794,-116.965744018555,-61.0497398376465,94.2283325195312
87.1411367746696,-117.396408081055,-60.9947242736816,94.5276641845703
87.1578039084588,-117.855964660645,-60.9382247924805,94.8486633300781
87.1744710422481,-118.311706542969,-60.8707962036133,95.1631927490234
87.1911381760374,-118.764503479004,-60.7873649597168,95.4608001708984
87.2078053098267,-119.121276855469,-60.6408500671387,95.6773986816406
87.2244724436159,-119.213851928711,-60.3136177062988,95.6460647583008
87.2411395774052,-119.235145568848,-60.3108596801758,95.5285491943359
87.2578067111954,-119.644317626953,-60.5321884155273,95.7795944213867
87.2744738449837,-119.956840515137,-60.571662902832,95.8698272705078
87.2911409787739,-120.463653564453,-60.7815818786621,96.0807571411133
87.3078081125632,-121.046157836914,-60.9166831970215,96.3909378051758
87.3244752463524,-121.508560180664,-61.0733680725098,96.5493316650391
87.3411423801417,-121.971130371094,-61.1037673950195,96.8251266479492
87.357809513931,-122.32886505127,-60.9907417297363,97.0632629394531
87.3744766477203,-122.577842712402,-60.7969551086426,97.2528839111328
87.3911437815095,-122.582183837891,-60.470344543457,97.2540512084961
87.4078109152997,-122.287391662598,-60.134838104248,96.9765853881836
87.4244780490881,-121.713249206543,-59.8603515625,96.4544906616211
87.4411451828782,-120.971885681152,-59.6863594055176,95.7644653320312
87.4578123166675,-120.150871276855,-59.6144027709961,94.9799194335938
87.4744794504568,-119.343681335449,-59.6235847473145,94.1775360107422
87.4911465842461,-118.589424133301,-59.7104835510254,93.4024658203125
87.5078137180353,-117.923614501953,-59.8404693603516,92.6849975585938
87.5244808518246,-117.353675842285,-59.97216796875,92.0234985351562
87.5411479856139,-116.96630859375,-60.1743850708008,91.5379180908203
87.557815119404,-116.711517333984,-60.3491287231445,91.1564331054688
87.5744822531924,-116.486572265625,-60.4639091491699,90.800178527832
87.5911493869826,-116.238479614258,-60.5717926025391,90.4079360961914
87.6078165207718,-115.958213806152,-60.6504287719727,89.9953155517578
87.6244836545611,-115.673690795898,-60.7238578796387,89.5834884643555
87.6411507883504,-115.400527954102,-60.7656059265137,89.2033233642578
87.6578179221397,-115.168411254883,-60.7415618896484,88.8679504394531
87.6744850559289,-114.960441589355,-60.6804656982422,88.5831832885742
87.6911521897182,-114.846382141113,-60.6222648620605,88.4372253417969
87.7078193235084,-114.804267883301,-60.5517158508301,88.4095764160156
87.7244864572967,-114.838188171387,-60.4477157592773,88.4722061157227
87.7411535910869,-114.83814239502,-60.3133316040039,88.5084762573242
87.7578207248762,-114.810493469238,-60.2470283508301,88.5223007202148
87.7744878586655,-114.729362487793,-60.2298240661621,88.4876556396484
87.7911549924547,-114.651870727539,-60.2357788085938,88.4576797485352
87.807822126244,-114.549179077148,-60.1564598083496,88.4224853515625
87.8244892600333,-114.200859069824,-59.7049598693848,88.18115234375
87.8411563938225,-113.63468170166,-59.5436172485352,87.8212814331055
87.8578235276127,-113.54305267334,-59.5081672668457,87.9991226196289
87.8744906614011,-113.305320739746,-59.4042930603027,87.9785308837891
87.8911577951912,-113.546722412109,-59.6641807556152,88.5180358886719
87.9078249289805,-113.880020141602,-59.9772720336914,89.1495819091797
87.9244920627698,-114.07421875,-60.2164649963379,89.5393753051758
87.9411591965591,-113.980407714844,-60.3626098632812,89.6063995361328
87.9578263303483,-113.670700073242,-60.6173439025879,89.4606552124023
87.9744934641376,-112.83048248291,-60.5468482971191,88.9072189331055
87.9911605979269,-111.726356506348,-60.3511543273926,88.1385650634766
88.007827731717,-110.502159118652,-60.0049896240234,87.3242874145508
88.0244948655054,-109.385040283203,-59.6058731079102,86.6432342529297
88.0411619992956,-108.43660736084,-59.2161750793457,86.1587295532227
88.0578291330849,-107.763153076172,-58.8493194580078,85.9456939697266
88.0744962668741,-107.342155456543,-58.5708389282227,85.9689636230469
88.0911634006634,-107.173950195312,-58.4304504394531,86.2111358642578
88.1078305344527,-107.249092102051,-58.3952980041504,86.6398696899414
88.1244976682419,-107.530212402344,-58.4335327148438,87.2317276000977
88.1411648020312,-107.937934875488,-58.4931335449219,87.9134292602539
88.1578319358214,-108.360580444336,-58.547664642334,88.5738525390625
88.1744990696097,-108.728446960449,-58.5856399536133,89.1357650756836
88.1911662033999,-109.013427734375,-58.5880241394043,89.5756607055664
88.2078333371892,-109.246200561523,-58.5380477905273,89.9154510498047
88.2245004709785,-109.434387207031,-58.4784355163574,90.155632019043
88.2411676047677,-109.607856750488,-58.4017028808594,90.332763671875
88.257834738557,-109.769287109375,-58.3389739990234,90.4355545043945
88.2745018723463,-109.938903808594,-58.2828178405762,90.4952545166016
88.2911690061355,-110.137191772461,-58.2400741577148,90.5426177978516
88.3078361399257,-110.452194213867,-58.2439956665039,90.6743469238281
88.3245032737141,-110.912757873535,-58.2686920166016,90.9120407104492
88.3411704075043,-111.509010314941,-58.3172416687012,91.2307205200195
88.3578375412935,-112.180740356445,-58.3795280456543,91.6063995361328
88.3745046750828,-112.892845153809,-58.5221481323242,92.0681686401367
88.3911718088721,-113.668510437012,-58.667049407959,92.6163940429688
88.4078389426613,-114.443031311035,-58.7253036499023,93.1736526489258
88.4245060764506,-115.107688903809,-58.7404670715332,93.6514282226562
88.4411732102399,-115.585777282715,-58.5624580383301,93.9164276123047
88.45784034403,-115.628631591797,-58.4336204528809,93.7367630004883
88.4745074778184,-115.865989685059,-58.6912422180176,93.7467880249023
88.4911746116086,-115.93098449707,-58.7242317199707,93.5495758056641
88.5078417453979,-116.250450134277,-58.9997978210449,93.4739151000977
88.5245088791871,-116.731636047363,-59.4465599060059,93.4966049194336
88.5411760129764,-117.485733032227,-59.8849754333496,93.7551345825195
88.5578431467657,-118.087249755859,-59.9374237060547,93.9117279052734
88.5745102805549,-118.607383728027,-59.8996391296387,94.0392074584961
88.5911774143442,-118.916275024414,-59.8201217651367,94.0269241333008
88.6078445481344,-119.053848266602,-59.6098403930664,93.8353805541992
88.6245116819227,-119.021812438965,-59.3136711120605,93.4522323608398
88.6411788157129,-118.863021850586,-59.1019821166992,92.9413528442383
88.6578459495022,-118.495506286621,-58.9135246276855,92.231819152832
88.6745130832915,-117.976547241211,-58.7984085083008,91.3503494262695
88.6911802170807,-117.328338623047,-58.7175445556641,90.3318099975586
88.70784735087,-116.606285095215,-58.660457611084,89.2172393798828
88.7245144846593,-115.895172119141,-58.6780471801758,88.0928421020508
88.7411816184485,-115.275535583496,-58.7584571838379,87.0661163330078
88.7578487522387,-114.783309936523,-58.8316764831543,86.1577835083008
88.7745158860271,-114.477478027344,-58.9547386169434,85.4641265869141
88.7911830198173,-114.294227600098,-59.1207733154297,84.9092788696289
88.8078501536065,-114.177665710449,-59.2536201477051,84.4289245605469
88.8245172873958,-114.096343994141,-59.4029808044434,83.999626159668
88.8411844211851,-114.040954589844,-59.5471115112305,83.6368713378906
88.8578515549743,-113.979286193848,-59.6665649414062,83.3072738647461
88.8745186887636,-113.954048156738,-59.8119125366211,83.0704650878906
88.8911858225529,-114.023239135742,-59.9577217102051,82.9699172973633
88.907852956343,-114.244178771973,-60.0884323120117,83.1086654663086
88.9245200901314,-114.553703308105,-60.2131576538086,83.4488830566406
88.9411872239216,-114.99430847168,-60.4239196777344,84.0510025024414
88.9578543577109,-115.624694824219,-60.7202110290527,84.9070358276367
88.9745214915001,-116.42960357666,-61.2080917358398,85.9554061889648
88.9911886252894,-117.42798614502,-62.0200500488281,87.2056198120117
89.0078557590787,-118.636344909668,-62.9949569702148,88.6784362792969
89.0245228928679,-120.06266784668,-64.0272521972656,90.340705871582
89.0411900266572,-121.55632019043,-64.8217849731445,92.0561599731445
89.0578571604474,-122.633232116699,-65.563850402832,93.3809585571289
89.0745242942357,-124.593673706055,-66.6469345092773,95.5836868286133
89.0911914280259,-125.774467468262,-67.3523330688477,97.0199737548828
89.1078585618152,-127.551490783691,-68.1961059570312,98.9598236083984
89.1245256956045,-129.569641113281,-69.0367965698242,101.044807434082
89.1411928293937,-131.438095092773,-69.7866516113281,102.807708740234
89.157859963183,-133.033065795898,-70.5917358398438,104.13395690918
89.1745270969723,-134.310974121094,-71.3335494995117,105.105796813965
89.1911942307615,-134.784164428711,-71.8742828369141,105.333892822266
89.2078613645517,-134.624420166016,-72.2450256347656,105.024559020996
89.224528498341,-134.085952758789,-72.468391418457,104.423446655273
89.2411956321303,-133.539581298828,-72.6003341674805,103.870468139648
89.2578627659195,-133.271881103516,-72.6098861694336,103.660331726074
89.2745298997088,-133.478485107422,-72.4691467285156,103.979164123535
89.2911970334981,-134.169006347656,-72.229133605957,104.834197998047
89.3078641672873,-135.226699829102,-71.91357421875,106.096611022949
89.3245313010766,-136.460418701172,-71.5234069824219,107.571327209473
89.3411984348659,-137.73454284668,-71.0922698974609,109.149230957031
89.3578655686561,-138.874923706055,-70.6600646972656,110.657875061035
89.3745327024453,-139.879165649414,-70.3034210205078,112.058181762695
89.3911998362346,-140.746810913086,-70.0376205444336,113.335792541504
89.4078669700239,-141.460311889648,-69.8289031982422,114.441062927246
89.4245341038131,-142.078857421875,-69.6766662597656,115.383193969727
89.4412012376024,-142.520324707031,-69.5651779174805,116.070922851562
89.4578683713917,-142.840301513672,-69.4303207397461,116.583557128906
89.4745355051809,-142.853515625,-69.2726058959961,116.736785888672
89.4912026389702,-142.52604675293,-69.1127243041992,116.493316650391
89.5078697727604,-141.799468994141,-68.8695220947266,115.830078125
89.5245369065497,-140.816452026367,-68.558349609375,114.887420654297
89.5412040403389,-139.577484130859,-68.218620300293,113.632797241211
89.5578711741282,-138.083114624023,-67.8274307250977,112.037353515625
89.5745383079175,-136.355834960938,-67.4156494140625,110.15071105957
89.5912054417067,-134.386932373047,-67.0277862548828,107.998817443848
89.607872575496,-132.181396484375,-66.6625823974609,105.561325073242
89.6245397092853,-129.927032470703,-66.2370223999023,103.013771057129
89.6412068430745,-127.633522033691,-65.483154296875,100.441734313965
89.6578739768647,-125.436782836914,-64.7658157348633,97.8696136474609
89.674541110654,-124.150245666504,-64.5185775756836,96.1551284790039
89.6912082444433,-122.98445892334,-64.0792388916016,94.475212097168
89.7078753782325,-122.321365356445,-64.0856857299805,93.1836395263672
89.7245425120218,-122.177207946777,-64.1889801025391,92.3989715576172
89.7412096458111,-122.100273132324,-64.0570297241211,91.7429656982422
89.7578767796003,-122.235786437988,-63.8813514709473,91.3875122070312
89.7745439133896,-122.45166015625,-63.725399017334,91.2155303955078
89.7912110471789,-122.680786132812,-63.4987106323242,91.1178283691406
89.8078781809691,-122.852676391602,-63.1720771789551,91.0110168457031
89.8245453147583,-122.829940795898,-62.8126068115234,90.7714691162109
89.8412124485476,-122.543563842773,-62.5020904541016,90.3391876220703
89.8578795823369,-121.916572570801,-62.2174797058105,89.6032180786133
89.8745467161261,-121.008918762207,-61.9749031066895,88.6146011352539
89.8912138499154,-119.908576965332,-61.7938079833984,87.4241027832031
89.9078809837047,-118.75700378418,-61.671875,86.1536178588867
89.9245481174939,-117.661758422852,-61.6087493896484,84.905632019043
89.9412152512832,-116.689109802246,-61.5975151062012,83.7326049804688
89.9578823850734,-115.915115356445,-61.6814994812012,82.7220306396484
89.9745495188627,-115.27970123291,-61.8062515258789,81.7987670898438
89.9912166526519,-114.694984436035,-61.8930435180664,80.8978118896484
90.0078837864412,-114.140266418457,-61.9230346679688,80.0299377441406
90.0245509202305,-113.583221435547,-61.9006309509277,79.192741394043
90.0412180540197,-113.098251342773,-61.820499420166,78.4723587036133
90.057885187809,-112.690483093262,-61.749942779541,77.8748092651367
90.0745523215983,-112.39289855957,-61.7070999145508,77.4275588989258
90.0912194553875,-112.205841064453,-61.6512565612793,77.1159133911133
90.1078865891777,-112.105712890625,-61.5788345336914,76.9351425170898
90.124553722967,-112.039367675781,-61.5436096191406,76.865104675293
90.1412208567563,-112.03978729248,-61.498218536377,76.9169082641602
90.1578879905455,-112.073097229004,-61.5024604797363,77.0251312255859
90.1745551243348,-112.097297668457,-61.5367126464844,77.1392440795898
90.1912222581241,-112.073417663574,-61.6689109802246,77.1837387084961
90.2078893919133,-111.989059448242,-61.8778343200684,77.1821365356445
90.2245565257026,-111.867088317871,-62.0388946533203,77.1604232788086
90.2412236594919,-111.677238464355,-61.9302139282227,77.0968780517578
90.2578907932821,-111.037086486816,-61.7182884216309,76.6080703735352
90.2745579270713,-110.697570800781,-61.8708190917969,76.5361557006836
90.2912250608606,-110.059356689453,-61.6429290771484,76.2223815917969
90.3078921946499,-109.738616943359,-61.7078704833984,76.129020690918
90.3245593284391,-109.533630371094,-61.8447265625,76.119987487793
90.3412264622284,-109.462860107422,-62.097957611084,76.1033782958984
90.3578935960177,-109.268783569336,-62.3496551513672,75.8603973388672
90.3745607298069,-108.854957580566,-62.408390045166,75.3537521362305
90.3912278635962,-108.423812866211,-62.5549507141113,74.8676452636719
90.4078949973864,-107.803970336914,-62.3687858581543,74.2994995117188
90.4245621311757,-107.234359741211,-62.1145248413086,73.8350296020508
90.4412292649649,-106.809936523438,-61.8901748657227,73.5683517456055
90.4578963987542,-106.537246704102,-61.656192779541,73.4883804321289
90.4745635325435,-106.446510314941,-61.4363098144531,73.6449432373047
90.4912306663327,-106.496604919434,-61.2480163574219,73.9876861572266
90.507897800122,-106.68482208252,-61.1227760314941,74.5011978149414
90.5245649339113,-106.98078918457,-61.0379104614258,75.1430816650391
90.5412320677005,-107.351608276367,-60.9609146118164,75.872932434082
90.5578992014907,-107.701347351074,-60.87744140625,76.579231262207
90.57456633528,-107.97582244873,-60.8010673522949,77.2249298095703
90.5912334690693,-108.179016113281,-60.7157363891602,77.779426574707
90.6079006028585,-108.319953918457,-60.632640838623,78.2463989257812
90.6245677366478,-108.476684570312,-60.5367050170898,78.7032089233398
90.6412348704371,-108.610763549805,-60.4182090759277,79.0943832397461
90.6579020042263,-108.683036804199,-60.2898826599121,79.3901214599609
90.6745691380156,-108.700744628906,-60.1459007263184,79.6016311645508
90.6912362718049,-108.694442749023,-60.0135269165039,79.7392959594727
90.7079034055951,-108.779113769531,-59.9151039123535,79.9273452758789
90.7245705393843,-109.014015197754,-59.8823165893555,80.2285614013672
90.7412376731736,-109.460823059082,-59.9356002807617,80.6697158813477
90.7579048069629,-110.065544128418,-60.048210144043,81.1960296630859
90.7745719407521,-110.705741882324,-60.1774559020996,81.7169647216797
90.7912390745414,-111.294212341309,-60.2670135498047,82.1774139404297
90.8079062083307,-111.855690002441,-60.3598251342773,82.6274108886719
90.8245733421199,-112.313354492188,-60.3522758483887,82.9899368286133
90.8412404759092,-112.647705078125,-60.1707229614258,83.2239074707031
90.8579076096994,-112.602333068848,-59.8147888183594,83.0694961547852
90.8745747434887,-112.68531036377,-59.9877166748047,83.0158767700195
90.8912418772779,-112.698837280273,-59.8332099914551,82.9509582519531
90.9079090110672,-112.777885437012,-59.8272933959961,82.7398071289062
90.9245761448565,-113.339179992676,-60.2784614562988,82.9053802490234
90.9412432786457,-113.936767578125,-60.4708671569824,83.1444854736328
90.957910412435,-114.594291687012,-60.5369911193848,83.4705505371094
90.9745775462243,-115.154312133789,-60.5638122558594,83.7576141357422
90.9912446800136,-115.539764404297,-60.5218696594238,83.8609237670898
91.0079118138037,-115.698394775391,-60.3641624450684,83.7443008422852
91.024578947593,-115.55054473877,-60.1704216003418,83.2952117919922
91.0412460813823,-115.115684509277,-60.0005493164062,82.5207748413086
91.0579132151715,-114.415740966797,-59.8667106628418,81.4275054931641
91.0745803489608,-113.554100036621,-59.7478675842285,80.1024703979492
91.0912474827501,-112.630676269531,-59.6789093017578,78.6305389404297
91.1079146165393,-111.743072509766,-59.6283721923828,77.1528854370117
91.1245817503286,-111.02116394043,-59.5947608947754,75.8114700317383
91.1412488841179,-110.484062194824,-59.5825004577637,74.631591796875
91.1579160179081,-110.169075012207,-59.670597076416,73.6740875244141
91.1745831516973,-109.98136138916,-59.7649078369141,72.8246765136719
91.1912502854866,-109.824554443359,-59.7922630310059,72.0337677001953
91.2079174192759,-109.635917663574,-59.7658843994141,71.2607498168945
91.2245845530651,-109.397674560547,-59.6921997070312,70.4904937744141
91.2412516868544,-109.163879394531,-59.6019325256348,69.7846603393555
91.2579188206437,-108.938972473145,-59.5089988708496,69.1412582397461
91.274585954433,-108.798980712891,-59.4446182250977,68.6267623901367
91.2912530882222,-108.717819213867,-59.3602600097656,68.2358627319336
91.3079202220124,-108.672119140625,-59.2327117919922,67.9873809814453
91.3245873558017,-108.665031433105,-59.0436401367188,67.8917465209961
91.3412544895909,-108.63883972168,-58.8633842468262,67.8594970703125
91.3579216233802,-108.580963134766,-58.7697906494141,67.8351211547852
91.3745887571695,-108.515907287598,-58.821403503418,67.8102569580078
91.3912558909587,-108.484992980957,-58.9912185668945,67.8036270141602
91.407923024748,-108.51261138916,-59.2062377929688,67.8633804321289
91.4245901585373,-108.513664245605,-58.9934234619141,67.9466781616211
91.4412572923266,-108.262329101562,-59.2488746643066,67.8284454345703
91.4579244261167,-108.441619873047,-59.4977493286133,68.3003311157227
91.474591559906,-108.61888885498,-59.6954116821289,68.6755676269531
91.4912586936953,-109.08422088623,-59.9967651367188,69.2911224365234
91.5079258274845,-109.527862548828,-60.3560180664062,69.7531585693359
91.5245929612738,-109.767082214355,-60.6421089172363,69.930534362793
91.5412600950631,-109.570007324219,-61.0623016357422,69.6030197143555
91.5579272288523,-109.134269714355,-61.268367767334,69.0768051147461
91.5745943626416,-108.428855895996,-61.215892791748,68.3108825683594
91.5912614964309,-107.520835876465,-61.0441131591797,67.4025955200195
91.6079286302211,-106.564529418945,-60.758617401123,66.5191116333008
91.6245957640103,-105.660820007324,-60.426643371582,65.7355270385742
91.6412628977996,-104.964752197266,-60.0814247131348,65.2067489624023
91.6579300315889,-104.558883666992,-59.7771797180176,64.9843826293945
91.6745971653781,-104.437225341797,-59.5603713989258,65.0567932128906
91.6912642991674,-104.589561462402,-59.4336891174316,65.4108963012695
91.7079314329567,-104.958572387695,-59.3804512023926,65.9995422363281
91.724598566746,-105.460289001465,-59.3574180603027,66.733757019043
91.7412657005352,-106.010047912598,-59.3599052429199,67.5329132080078
91.7579328343254,-106.560073852539,-59.3557243347168,68.3320693969727
91.7745999681147,-107.073089599609,-59.3313217163086,69.081169128418
91.7912671019039,-107.516128540039,-59.2976608276367,69.7305679321289
91.8079342356932,-107.898300170898,-59.2385520935059,70.2790374755859
91.8246013694825,-108.269882202148,-59.1775741577148,70.788818359375
91.8412685032717,-108.654945373535,-59.1141319274902,71.2812576293945
91.857935637061,-109.07007598877,-59.0263442993164,71.7953033447266
91.8746027708503,-109.47274017334,-58.9269332885742,72.2742767333984
91.8912699046396,-109.907836914062,-58.8978233337402,72.7987289428711
91.9079370384297,-110.35245513916,-58.8715667724609,73.3211288452148
91.924604172219,-110.81290435791,-58.8462142944336,73.7904586791992
91.9412713060083,-111.239356994629,-58.8608894348145,74.2136001586914
91.9579384397975,-111.710998535156,-58.9632415771484,74.6432418823242
91.9746055735868,-112.214920043945,-59.0206642150879,75.078483581543
91.9912727073761,-112.65071105957,-59.0616493225098,75.4654083251953
92.0079398411654,-113.013748168945,-58.9887847900391,75.7629852294922
92.0246069749546,-113.189628601074,-58.6821708679199,75.8578033447266
92.0412741087439,-113.373634338379,-58.9040718078613,75.9132614135742
92.0579412425341,-113.795799255371,-59.0450172424316,76.2377853393555
92.0746083763233,-114.247245788574,-59.1060256958008,76.4750823974609
92.0912755101126,-114.959037780762,-59.3420028686523,76.8534164428711
92.1079426439019,-115.775466918945,-59.9131088256836,77.267578125
92.1246097776911,-116.532196044922,-60.0730781555176,77.7560119628906
92.1412769114804,-117.222152709961,-60.0636253356934,78.2715530395508
92.1579440452697,-117.886863708496,-60.0537071228027,78.8804473876953
92.1746111790599,-118.311103820801,-59.9028015136719,79.264045715332
92.1912783128482,-118.324371337891,-59.5891532897949,79.2378768920898
92.2079454466384,-117.945869445801,-59.3624992370605,78.8239288330078
92.2246125804277,-117.167182922363,-59.2095718383789,77.9819564819336
92.2412797142169,-116.141395568848,-59.1172943115234,76.8480758666992
92.2579468480062,-115.080848693848,-59.114070892334,75.62109375
92.2746139817955,-114.085601806641,-59.1935806274414,74.3967437744141
92.2912811155848,-113.213729858398,-59.3480072021484,73.2438583374023
92.307948249374,-112.509803771973,-59.5161666870117,72.2310638427734
92.3246153831642,-112.067832946777,-59.7701034545898,71.4858322143555
92.3412825169526,-111.801147460938,-60.0295715332031,70.8983535766602
92.3579496507427,-111.636001586914,-60.2335929870605,70.409553527832
92.374616784532,-111.498481750488,-60.3713684082031,69.9883041381836
92.3912839183213,-111.302665710449,-60.455924987793,69.5575103759766
92.4079510521105,-111.083992004395,-60.5057373046875,69.1517181396484
92.4246181858998,-110.852401733398,-60.5607948303223,68.7843475341797
92.4412853196891,-110.654541015625,-60.6224784851074,68.4854507446289
92.4579524534784,-110.554389953613,-60.7390899658203,68.2936172485352
92.4746195872685,-110.602203369141,-60.8582572937012,68.2689743041992
92.4912867210569,-110.694641113281,-60.9102058410645,68.3372573852539
92.5079538548471,-110.813690185547,-60.9792518615723,68.4925384521484
92.5246209886363,-110.851715087891,-60.9236640930176,68.6200942993164
92.5412881224256,-110.81615447998,-60.9507637023926,68.6867218017578
92.5579552562149,-110.739570617676,-61.0523300170898,68.7326431274414
92.5746223900042,-110.670318603516,-61.2375564575195,68.7188491821289
92.5912895237934,-110.609405517578,-61.1929016113281,68.7129058837891
92.6079566575827,-110.177200317383,-60.988208770752,68.3431549072266
92.6246237913729,-109.89054107666,-61.0011177062988,68.2261352539062
92.6412909251612,-109.147476196289,-60.8790550231934,67.7061386108398
92.6579580589514,-108.866577148438,-60.9476928710938,67.6471405029297
92.6746251927407,-108.850868225098,-61.0707244873047,67.7920150756836
92.6912923265299,-109.049682617188,-61.2338333129883,68.0516662597656
92.7079594603192,-109.35530090332,-61.3062362670898,68.3593215942383
92.7246265941085,-109.45125579834,-61.4812164306641,68.4668502807617
92.7412937278978,-109.428009033203,-61.5093154907227,68.5750579833984
92.757960861687,-109.263465881348,-61.3924865722656,68.6093978881836
92.7746279954772,-109.039093017578,-61.2000885009766,68.6585083007812
92.7912951292656,-108.819969177246,-60.8925361633301,68.7881927490234
92.8079622630557,-108.596893310547,-60.6196975708008,68.9998626708984
92.824629396845,-108.321807861328,-60.3525581359863,69.2017593383789
92.8412965306343,-108.10107421875,-60.1010131835938,69.5064163208008
92.8579636644236,-107.956634521484,-59.9326286315918,69.9407196044922
92.8746307982128,-107.95532989502,-59.8422508239746,70.525146484375
92.8912979320021,-108.109359741211,-59.8090171813965,71.2603302001953
92.9079650657914,-108.41389465332,-59.8269996643066,72.1220626831055
92.9246321995815,-108.833290100098,-59.8992919921875,73.110481262207
92.9412993333699,-109.299156188965,-59.9508934020996,74.1405639648438
92.9579664671601,-109.75756072998,-59.9623184204102,75.1476287841797
92.9746336009493,-110.182464599609,-59.9538726806641,76.1075744628906
92.9913007347386,-110.554161071777,-59.9143981933594,76.9852905273438
93.0079678685279,-110.886161804199,-59.8697357177734,77.773551940918
93.0246350023172,-111.160926818848,-59.794734954834,78.4562911987305
93.0413021361064,-111.415466308594,-59.7204360961914,79.0673217773438
93.0579692698957,-111.659004211426,-59.6164665222168,79.619270324707
93.0746364036859,-111.890556335449,-59.5125732421875,80.103874206543
93.0913035374742,-112.110885620117,-59.4443130493164,80.5188980102539
93.1079706712644,-112.362571716309,-59.4347648620605,80.9157409667969
93.1246378050537,-112.661918640137,-59.4319686889648,81.2879638671875
93.1413049388429,-112.98420715332,-59.4339714050293,81.647102355957
93.1579720726322,-113.356399536133,-59.5034675598145,82.0148010253906
93.1746392064215,-113.829559326172,-59.601749420166,82.4277954101562
93.1913063402108,-114.27335357666,-59.6643333435059,82.7863845825195
93.207973474,-114.695610046387,-59.6235580444336,83.0855255126953
93.2246406077902,-114.875381469727,-59.5613136291504,83.100944519043
93.2413077415786,-115.340507507324,-59.9372177124023,83.3484420776367
93.2579748753687,-115.637847900391,-59.9905700683594,83.4326248168945
93.274642009158,-116.081565856934,-60.2962493896484,83.5099487304688
93.2913091429473,-116.87451171875,-60.7608909606934,83.8949966430664
93.3079762767366,-117.703979492188,-60.955867767334,84.3556137084961
93.3246434105258,-118.645812988281,-60.9622039794922,85.0451431274414
93.3413105443151,-119.532821655273,-60.9058494567871,85.7707672119141
93.3579776781044,-120.304046630859,-60.8216400146484,86.4738845825195
93.3746448118945,-120.812385559082,-60.5602951049805,86.9566497802734
93.3913119456829,-120.919937133789,-60.313175201416,87.0144500732422
93.4079790794731,-120.726234436035,-60.2344093322754,86.7317886352539
93.4246462132623,-120.223213195801,-60.2239570617676,86.0701599121094
93.4413133470516,-119.532325744629,-60.2713394165039,85.1689224243164
93.4579804808409,-118.718772888184,-60.4217338562012,84.0954208374023
93.4746476146302,-117.921821594238,-60.6590270996094,82.9908294677734
93.4913147484194,-117.220230102539,-60.9242210388184,81.9570083618164
93.5079818822087,-116.696556091309,-61.1689758300781,81.0896453857422
93.5246490159989,-116.406982421875,-61.4820976257324,80.5001678466797
93.5413161497872,-116.187232971191,-61.7940216064453,79.9891586303711
93.5579832835774,-116.028007507324,-62.0537528991699,79.5534973144531
93.5746504173667,-115.898704528809,-62.302001953125,79.1978759765625
93.591317551156,-115.813278198242,-62.5281372070312,78.9403228759766
93.6079846849452,-115.712013244629,-62.7035331726074,78.7076263427734
93.6246518187345,-115.585174560547,-62.9061508178711,78.5129318237305
93.6413189525238,-115.552551269531,-63.1573677062988,78.4740219116211
93.657986086313,-115.706207275391,-63.4382934570312,78.646842956543
93.6746532201032,-116.158897399902,-63.7643661499023,79.1698226928711
93.6913203538916,-117.008979797363,-64.1774520874023,80.1802062988281
93.7079874876817,-118.21125793457,-64.6590042114258,81.6149215698242
93.724654621471,-119.652938842773,-65.2030868530273,83.3354415893555
93.7413217552603,-121.168571472168,-65.8461685180664,85.1538467407227
93.7579888890496,-122.765914916992,-66.6231689453125,87.0441436767578
93.7746560228388,-124.440773010254,-67.4537200927734,88.9814910888672
93.7913231566281,-126.227661132812,-68.2521896362305,90.9998321533203
93.8079902904174,-127.766326904297,-68.6803817749023,92.7753601074219
93.8246574242075,-128.94677734375,-69.1817626953125,94.2323379516602
93.8413245579959,-130.73713684082,-69.694206237793,96.3575134277344
93.8579916917861,-131.891830444336,-70.0984573364258,97.8225936889648
93.8746588255754,-133.264511108398,-70.4526977539062,99.4815292358398
93.8913259593646,-134.7900390625,-70.8369750976562,101.213600158691
93.9079930931539,-135.907562255859,-71.0396194458008,102.445938110352
93.9246602269432,-137.000274658203,-71.4320755004883,103.508506774902
93.9413273607324,-138.116149902344,-71.8615417480469,104.594398498535
93.9579944945217,-138.814559936523,-72.1932678222656,105.273529052734
93.9746616283119,-139.149307250977,-72.4203720092773,105.642715454102
93.9913287621002,-139.246124267578,-72.4892044067383,105.871788024902
94.0079958958904,-139.058135986328,-72.4767913818359,105.875122070312
94.0246630296797,-139.15251159668,-72.4185485839844,106.265701293945
94.041330163469,-139.19709777832,-72.2489242553711,106.70777130127
94.0579972972582,-139.390350341797,-72.0388946533203,107.370536804199
94.0746644310475,-139.82258605957,-71.8286056518555,108.301498413086
94.0913315648368,-140.455184936523,-71.6218719482422,109.439872741699
94.107998698626,-141.179489135742,-71.4341049194336,110.67374420166
94.1246658324162,-141.964691162109,-71.2641067504883,111.945777893066
94.1413329662046,-142.833740234375,-71.1031112670898,113.268692016602
94.1580000999948,-143.654174804688,-70.9184799194336,114.515068054199
94.174667233784,-144.336395263672,-70.6942977905273,115.586212158203
94.1913343675733,-144.897827148438,-70.4443817138672,116.49186706543
94.2080015013626,-145.284042358398,-70.192497253418,117.158279418945
94.2246686351518,-145.4560546875,-69.9371719360352,117.55394744873
94.2413357689411,-145.342254638672,-69.6642532348633,117.650421142578
94.2580029027304,-144.988723754883,-69.406005859375,117.49446105957
94.2746700365205,-144.384292602539,-69.111198425293,117.092041015625
94.2913371703089,-143.627990722656,-68.8136520385742,116.515144348145
94.3080043040991,-142.866622924805,-68.5257873535156,115.911224365234
94.3246714378884,-142.014419555664,-68.2337646484375,115.153739929199
94.3413385716776,-141.061569213867,-67.9818725585938,114.245712280273
94.3580057054669,-139.910293579102,-67.7242279052734,113.108688354492
94.3746728392562,-138.643630981445,-67.4788131713867,111.829978942871
94.3913399730454,-137.216156005859,-67.1636047363281,110.373802185059
94.4080071068347,-135.451400756836,-66.7188339233398,108.578544616699
94.4246742406249,-133.208724975586,-66.0826797485352,106.333335876465
94.4413413744132,-130.738265991211,-65.5280380249023,103.82772064209
94.4580085082034,-128.742553710938,-65.2162551879883,101.726585388184
94.4746756419927,-126.885681152344,-64.8255233764648,99.6560668945312
94.491342775782,-125.399940490723,-64.5261840820312,97.8686294555664
94.5080099095712,-124.419548034668,-64.4870681762695,96.5276031494141
94.5246770433605,-123.78783416748,-64.3111801147461,95.5040512084961
94.5413441771498,-123.597496032715,-64.2359390258789,94.8680419921875
94.558011310939,-123.586906433105,-64.1689300537109,94.4444808959961
94.5746784447292,-123.690971374512,-64.0934982299805,94.1528244018555
94.5913455785176,-123.690330505371,-63.9387397766113,93.7754669189453
94.6080127123078,-123.460083007812,-63.7421684265137,93.171012878418
94.624679846097,-123.143203735352,-63.6198806762695,92.4854278564453
94.6413469798863,-122.651252746582,-63.5151596069336,91.6428146362305
94.6580141136756,-122.050880432129,-63.4208068847656,90.7126159667969
94.6746812474648,-121.340644836426,-63.3586807250977,89.6806716918945
94.6913483812541,-120.564399719238,-63.3409767150879,88.5747909545898
94.7080155150434,-119.799591064453,-63.3893890380859,87.4657211303711
94.7246826488336,-119.215995788574,-63.5011901855469,86.5600433349609
94.7413497826219,-118.869117736816,-63.6719398498535,85.9247817993164
94.7580169164121,-118.638832092285,-63.8177146911621,85.4394683837891
94.7746840502014,-118.435752868652,-63.9206047058105,84.9877471923828
94.7913511839906,-118.19034576416,-64.0618133544922,84.5281524658203
94.8080183177799,-117.899147033691,-64.1833953857422,84.0564956665039
94.8246854515692,-117.51594543457,-64.2213363647461,83.5298919677734
94.8413525853584,-117.015182495117,-64.222900390625,82.9241714477539
94.8580197191477,-116.421371459961,-64.2110366821289,82.2611618041992
94.8746868529379,-115.847686767578,-64.1749725341797,81.6386108398438
94.8913539867262,-115.384780883789,-64.1023025512695,81.150505065918
94.9080211205164,-115.153274536133,-64.0678405761719,80.9334716796875
94.9246882543057,-115.155815124512,-64.0743942260742,80.988883972168
94.941355388095,-115.327774047852,-64.096305847168,81.2240524291992
94.9580225218842,-115.518127441406,-64.1952362060547,81.4869689941406
94.9746896556735,-115.699882507324,-64.3713531494141,81.7464218139648
94.9913567894628,-115.822494506836,-64.5802993774414,81.9491577148438
95.008023923252,-115.820869445801,-64.732307434082,82.0594100952148
95.0246910570422,-115.599273681641,-64.735969543457,82.0048980712891
95.0413581908306,-114.815727233887,-64.1710433959961,81.4891738891602
95.0580253246208,-113.707023620605,-64.283447265625,80.7169189453125
95.07469245841,-113.204345703125,-64.3292846679688,80.6190719604492
95.0913595921993,-112.690292358398,-64.3059463500977,80.4728012084961
95.1080267259886,-112.689506530762,-64.5143280029297,80.8044815063477
95.1246938597778,-112.832817077637,-64.7763137817383,81.2383651733398
95.1413609935671,-112.933654785156,-64.9892425537109,81.5592041015625
95.1580281273564,-112.621726989746,-65.0081329345703,81.4364776611328
95.1746952611466,-112.10620880127,-65.1509475708008,81.09375
95.1913623949349,-111.182899475098,-65.0834808349609,80.3802337646484
95.2080295287251,-110.155776977539,-64.8933868408203,79.5807495117188
95.2246966625144,-109.127563476562,-64.5949020385742,78.835823059082
95.2413637963036,-108.286315917969,-64.2529830932617,78.2913055419922
95.2580309300929,-107.630813598633,-63.8881416320801,77.944580078125
95.2746980638822,-107.243202209473,-63.5529365539551,77.8648910522461
95.2913651976714,-107.117408752441,-63.281681060791,78.0318069458008
95.3080323314607,-107.267242431641,-63.0835189819336,78.4560699462891
95.3246994652509,-107.685035705566,-62.901050567627,79.1084899902344
95.3413665990392,-108.328895568848,-62.7471733093262,79.9508743286133
95.3580337328294,-109.080215454102,-62.6129608154297,80.9026794433594
95.3747008666187,-109.82396697998,-62.4886512756348,81.8271789550781
95.391368000408,-110.483863830566,-62.3833274841309,82.6785125732422
95.4080351341972,-111.054496765137,-62.2322120666504,83.4474792480469
95.4247022679865,-111.460227966309,-62.0754699707031,84.0384674072266
95.4413694017758,-111.673583984375,-61.9062042236328,84.4001922607422
95.458036535565,-111.814949035645,-61.6842842102051,84.677131652832
95.4747036693552,-111.924201965332,-61.4542999267578,84.9065856933594
95.4913708031436,-112.021476745605,-61.1864204406738,85.1056365966797
95.5080379369338,-112.125213623047,-60.8696098327637,85.295768737793
95.524705070723,-112.286407470703,-60.6278877258301,85.5252151489258
95.5413722045123,-112.581314086914,-60.4580955505371,85.847526550293
95.5580393383016,-113.024139404297,-60.3294639587402,86.2465057373047
95.5747064720908,-113.562240600586,-60.249568939209,86.7167434692383
95.5913736058801,-114.086814880371,-60.2170715332031,87.1849212646484
95.6080407396694,-114.659782409668,-60.2079544067383,87.7455673217773
95.6247078734596,-115.125450134277,-60.1090888977051,88.259407043457
95.6413750072479,-115.497520446777,-59.9834327697754,88.7017364501953
95.6580421410381,-115.751602172852,-59.8811912536621,89.0486526489258
95.6747092748274,-115.994468688965,-59.7821464538574,89.3615646362305
95.6913764086166,-116.228240966797,-59.693115234375,89.6172485351562
95.7080435424059,-116.664535522461,-60.1115188598633,89.9717407226562
95.7247106761952,-117.382659912109,-60.4171409606934,90.5760269165039
95.7413778099844,-117.852554321289,-60.6772842407227,90.7972564697266
95.7580449437737,-118.648422241211,-61.2572746276855,91.3169403076172
95.7747120775639,-119.312149047852,-61.6818466186523,91.6875076293945
95.7913792113523,-119.872283935547,-61.7245826721191,92.0009078979492
95.8080463451424,-120.421287536621,-61.6768074035645,92.365837097168
95.8247134789317,-120.816757202148,-61.5203552246094,92.6135787963867
95.841380612721,-120.919509887695,-61.2366752624512,92.5698089599609
95.8580477465102,-120.657287597656,-60.9068069458008,92.1379241943359
95.8747148802995,-120.216285705566,-60.7357788085938,91.4666748046875
95.8913820140888,-119.593032836914,-60.7026977539062,90.534294128418
95.908049147878,-118.911979675293,-60.7873382568359,89.4887847900391
95.9247162816682,-118.207748413086,-60.9737701416016,88.3734588623047
95.9413834154566,-117.547462463379,-61.2232208251953,87.2707672119141
95.9580505492468,-116.935165405273,-61.47900390625,86.1939315795898
95.974717683036,-116.440315246582,-61.7189025878906,85.2442932128906
95.9913848168253,-116.07470703125,-61.9977493286133,84.4636764526367
96.0080519506146,-115.786544799805,-62.243091583252,83.7781524658203
96.0247190844038,-115.531288146973,-62.3857688903809,83.1811447143555
96.0413862181931,-115.29630279541,-62.4837532043457,82.6588668823242
96.0580533519824,-115.061790466309,-62.5549430847168,82.1927185058594
96.0747204857726,-114.793678283691,-62.5717582702637,81.7490997314453
96.0913876195609,-114.414993286133,-62.5738105773926,81.2649612426758
96.1080547533511,-113.994041442871,-62.591869354248,80.7795486450195
96.1247218871404,-113.613357543945,-62.5884170532227,80.357780456543
96.1413890209296,-113.345191955566,-62.5771751403809,80.0944290161133
96.1580561547189,-113.226211547852,-62.5502319335938,80.0524444580078
96.1747232885082,-113.179191589355,-62.5020637512207,80.1533203125
96.1913904222974,-113.214714050293,-62.5033073425293,80.3787841796875
96.2080575560867,-113.162673950195,-62.5084838867188,80.5391616821289
96.2247246898769,-113.133033752441,-62.6833801269531,80.7239837646484
96.2413918236653,-112.971168518066,-62.8582038879395,80.7698287963867
96.2580589574554,-112.772941589355,-62.9570083618164,80.7719192504883
96.2747260912447,-112.228973388672,-62.8011054992676,80.4557800292969
96.291393225034,-111.591018676758,-62.8681221008301,80.0624465942383
96.3080603588232,-110.498893737793,-62.8010215759277,79.2965316772461
96.3247274926125,-109.672431945801,-62.8094215393066,78.7786483764648
96.3413946264018,-108.877235412598,-62.8792533874512,78.2262496948242
96.358061760191,-108.320816040039,-62.9126358032227,77.8233489990234
96.3747288939812,-107.869812011719,-62.9769821166992,77.4289321899414
96.3913960277696,-107.466918945312,-63.0016174316406,77.0562362670898
96.4080631615598,-107.282577514648,-63.1649551391602,76.9037094116211
96.424730295349,-107.005859375,-63.1237411499023,76.6905517578125
96.4413974291383,-106.789566040039,-63.0789031982422,76.5856018066406
96.4580645629276,-106.610717773438,-62.8916053771973,76.6338272094727
96.4747316967168,-106.422874450684,-62.6590843200684,76.7469100952148
96.4913988305061,-106.244277954102,-62.391284942627,76.9432601928711
96.5080659642954,-106.04239654541,-62.0482139587402,77.1569900512695
96.5247330980856,-105.854278564453,-61.7345161437988,77.429931640625
96.5414002318739,-105.756195068359,-61.4921607971191,77.8094940185547
96.5580673656641,-105.836380004883,-61.3084487915039,78.3570556640625
96.5747344994534,-106.108474731445,-61.1715240478516,79.0834503173828
96.5914016332426,-106.498931884766,-61.0771789550781,79.9255523681641
96.6080687670319,-106.902931213379,-60.9954528808594,80.7814483642578
96.6247359008212,-107.264457702637,-60.9211540222168,81.5918197631836
96.6414030346104,-107.600425720215,-60.8271331787109,82.360710144043
96.6580701683997,-107.912078857422,-60.7203063964844,83.0647659301758
96.6747373021899,-108.180633544922,-60.6003570556641,83.6782760620117
96.6914044359783,-108.395072937012,-60.4469757080078,84.2061080932617
96.7080715697684,-108.558532714844,-60.2802314758301,84.6457748413086
96.7247387035577,-108.719429016113,-60.1091232299805,85.0611343383789
96.741405837347,-108.92618560791,-59.8876190185547,85.4976654052734
96.7580729711362,-109.184608459473,-59.7198829650879,85.9254684448242
96.7747401049255,-109.526718139648,-59.6805534362793,86.3998184204102
96.7914072387148,-109.977355957031,-59.700813293457,86.9116363525391
96.8080743725041,-110.579772949219,-59.7952003479004,87.5328750610352
96.8247415062942,-111.332901000977,-59.947135925293,88.2664489746094
96.8414086400826,-112.276123046875,-60.1674995422363,89.146484375
96.8580757738728,-113.289932250977,-60.3501586914062,90.1035766601562
96.874742907662,-114.185585021973,-60.4712562561035,90.9836196899414
96.8914100414513,-114.896484375,-60.4534187316895,91.7196502685547
96.9080771752406,-115.166564941406,-60.1846961975098,92.0327606201172
96.9247443090298,-115.289588928223,-60.3764953613281,92.1197357177734
96.9414114428191,-115.416206359863,-60.4329872131348,92.2165069580078
96.9580785766084,-115.360610961914,-60.4096565246582,92.0315551757812
96.9747457103986,-115.434158325195,-60.6898918151855,91.8831024169922
96.9914128441869,-115.629997253418,-60.9278717041016,91.8346710205078
97.0080799779771,-115.965278625488,-61.0706825256348,91.8866271972656
97.0247471117664,-116.39102935791,-61.0791854858398,92.1044082641602
97.0414142455556,-116.873718261719,-61.0348777770996,92.4094314575195
97.0580813793449,-117.27010345459,-60.9498023986816,92.6503753662109
97.0747485131342,-117.509407043457,-60.7545738220215,92.7561111450195
97.0914156469235,-117.55477142334,-60.5739974975586,92.6548233032227
97.1080827807127,-117.389945983887,-60.437255859375,92.340576171875
97.1247499145029,-117.02409362793,-60.3706436157227,91.7939529418945
97.1414170482913,-116.488792419434,-60.3834953308105,91.0449752807617
97.1580841820814,-115.849533081055,-60.4474411010742,90.1641464233398
97.1747513158707,-115.18187713623,-60.5825080871582,89.2294311523438
97.19141844966,-114.554359436035,-60.7597923278809,88.3177947998047
97.2080855834492,-114.087112426758,-60.9868965148926,87.5639190673828
97.2247527172385,-113.770431518555,-61.3001441955566,86.9354476928711
97.2414198510278,-113.529762268066,-61.610969543457,86.3521118164062
97.2580869848171,-113.348205566406,-61.8464889526367,85.8226623535156
97.2747541186072,-113.164039611816,-62.0347709655762,85.3358154296875
97.2914212523965,-112.957359313965,-62.1310615539551,84.8855590820312
97.3080883861858,-112.726654052734,-62.157543182373,84.4494400024414
97.324755519975,-112.447715759277,-62.1574668884277,84.0186614990234
97.3414226537643,-112.146324157715,-62.1273384094238,83.6132125854492
97.3580897875536,-111.950065612793,-62.049877166748,83.3810501098633
97.3747569213429,-111.808097839355,-61.873176574707,83.2782363891602
97.3914240551321,-111.690383911133,-61.6937599182129,83.2723388671875
97.4080911889214,-111.617111206055,-61.5614051818848,83.3840560913086
97.4247583227116,-111.52091217041,-61.4267730712891,83.4998931884766
97.4414254565008,-111.318565368652,-61.4068908691406,83.5046310424805
97.4580925902901,-111.099884033203,-61.4666213989258,83.5226211547852
97.4747597240794,-110.951126098633,-61.4985885620117,83.6454772949219
97.4914268578686,-110.842292785645,-61.4768333435059,83.8716583251953
97.5080939916579,-110.72102355957,-61.1413955688477,84.1643829345703
97.5247611254472,-110.113159179688,-60.622200012207,84.0503005981445
97.5414282592365,-109.924392700195,-60.7623596191406,84.3970031738281
97.5580953930257,-109.660255432129,-60.5857925415039,84.6890411376953
97.5747625268159,-109.907020568848,-60.6663017272949,85.4323959350586
97.5914296606052,-110.384834289551,-60.8817253112793,86.4258346557617
97.6080967943944,-110.907371520996,-61.2086372375488,87.3939590454102
97.6247639281837,-111.284873962402,-61.3938446044922,88.1851501464844
97.641431061973,-111.32592010498,-61.6295890808105,88.6070251464844
97.6580981957622,-111.141731262207,-61.7523155212402,88.8875274658203
97.6747653295515,-110.564407348633,-61.6335258483887,88.8236465454102
97.6914324633408,-109.628219604492,-61.3356513977051,88.4789199829102
97.7080995971301,-108.456771850586,-60.9100723266602,87.9464721679688
97.7247667309202,-107.27025604248,-60.4506797790527,87.4961700439453
97.7414338647095,-106.329849243164,-60.0731315612793,87.313606262207
97.7581009984988,-105.722900390625,-59.7989158630371,87.4330215454102
97.774768132288,-105.486282348633,-59.6797676086426,87.8719787597656
97.7914352660773,-105.642478942871,-59.7163391113281,88.6545867919922
97.8081023998666,-106.116714477539,-59.8545532226562,89.7008666992188
97.8247695336559,-106.808174133301,-60.0354499816895,90.929069519043
97.8414366674451,-107.577423095703,-60.2030792236328,92.2077484130859
97.8581038012344,-108.324714660645,-60.3468856811523,93.4494552612305
97.8747709350246,-108.959213256836,-60.4257545471191,94.5644454956055
97.8914380688138,-109.43839263916,-60.4418678283691,95.502571105957
97.9081052026031,-109.77278137207,-60.3746910095215,96.2433319091797
97.9247723363924,-110.016418457031,-60.282657623291,96.8390960693359
97.9414394701816,-110.234298706055,-60.1712760925293,97.3466567993164
97.9581066039709,-110.474296569824,-60.0454292297363,97.8417205810547
97.9747737377602,-110.763534545898,-59.840389251709,98.3564682006836
97.9914408715495,-111.025573730469,-59.6144866943359,98.8178253173828
98.0081080053387,-111.276329040527,-59.4241027832031,99.212890625
98.0247751391289,-111.542068481445,-59.3356857299805,99.5388717651367
98.0414422729182,-111.91284942627,-59.3328895568848,99.8590774536133
98.0581094067074,-112.351570129395,-59.3975944519043,100.192031860352
98.0747765404967,-112.860832214355,-59.4688987731934,100.517669677734
98.091443674286,-113.301895141602,-59.5226058959961,100.746109008789
98.1081108080753,-113.600944519043,-59.4262046813965,100.79029083252
98.1247779418645,-113.574966430664,-59.208137512207,100.488784790039
98.1414450756538,-113.568977355957,-59.2280616760254,100.210655212402
98.1581122094431,-113.5654296875,-59.0557823181152,99.9398574829102
98.1747793432332,-113.706253051758,-59.0405311584473,99.7707977294922
98.1914464770225,-114.127960205078,-59.2358741760254,99.8433685302734
98.2081136108118,-114.695091247559,-59.2631492614746,100.072944641113
98.224780744601,-115.379432678223,-59.1280136108398,100.513145446777
98.2414478783903,-116.052780151367,-58.943489074707,101.107444763184
98.2581150121796,-116.718223571777,-58.7473335266113,101.808113098145
98.2747821459689,-117.234367370605,-58.5258026123047,102.421951293945
98.2914492797581,-117.523529052734,-58.284725189209,102.81046295166
98.3081164135474,-117.464065551758,-58.1159362792969,102.800796508789
98.3247835473376,-117.143226623535,-58.0814971923828,102.502235412598
98.3414506811268,-116.56421661377,-58.080997467041,101.908569335938
98.3581178149161,-115.841812133789,-58.1446075439453,101.135894775391
98.3747849487054,-115.024337768555,-58.2599105834961,100.212089538574
98.3914520824947,-114.194473266602,-58.4123649597168,99.224250793457
98.4081192162839,-113.424858093262,-58.5981750488281,98.2701568603516
98.4247863500732,-112.79907989502,-58.7475509643555,97.4469299316406
98.4414534838625,-112.379547119141,-58.9682083129883,96.8569183349609
98.4581206176517,-112.093116760254,-59.1895599365234,96.3846893310547
98.4747877514419,-111.899131774902,-59.3866310119629,95.9920272827148
98.4914548852312,-111.730133056641,-59.5558280944824,95.648567199707
98.5081220190204,-111.556381225586,-59.7111129760742,95.3238525390625
98.5247891528097,-111.392753601074,-59.8092079162598,95.040153503418
98.541456286599,-111.209327697754,-59.8997573852539,94.7630004882812
98.5581234203883,-111.048179626465,-59.9850158691406,94.542236328125
98.5747905541775,-110.924949645996,-60.1075248718262,94.3834915161133
98.5914576879668,-110.896423339844,-60.1851348876953,94.3669357299805
98.6081248217561,-110.953720092773,-60.2443656921387,94.5037612915039
98.6247919555462,-111.058792114258,-60.2601013183594,94.767219543457
98.6414590893355,-111.137054443359,-60.2559013366699,95.0342178344727
98.6581262231248,-111.096717834473,-60.2875938415527,95.1865768432617
98.6747933569141,-110.910995483398,-60.4701461791992,95.1756820678711
98.6914604907033,-110.707389831543,-60.7551765441895,95.0913467407227
98.7081276244926,-110.586975097656,-61.0904426574707,95.0501403808594
98.7247947582819,-110.537322998047,-61.2784576416016,95.0618591308594
98.7414618920711,-110.258544921875,-61.1527824401855,94.859504699707
98.7581290258604,-110.016983032227,-61.5265617370605,94.7509460449219
98.7747961596506,-109.796661376953,-61.5131340026855,94.7611618041992
98.7914632934398,-109.786331176758,-61.562141418457,94.9247436523438
98.8081304272291,-109.894271850586,-61.7415657043457,95.2237014770508
98.8247975610184,-110.136917114258,-61.9641609191895,95.5603179931641
98.8414646948077,-110.161964416504,-62.0520973205566,95.5820388793945
98.8581318285969,-110.103004455566,-62.2896461486816,95.4767684936523
98.8747989623862,-109.658111572266,-62.3542747497559,95.0500335693359
98.8914660961755,-109.06681060791,-62.2809448242188,94.5273361206055
98.9081332299647,-108.394233703613,-61.9924774169922,93.9992370605469
98.9248003637549,-107.700942993164,-61.6347961425781,93.5180130004883
98.9414674975442,-107.153091430664,-61.2992897033691,93.2332382202148
98.9581346313335,-106.741203308105,-60.9665489196777,93.1067657470703
98.9748017651227,-106.514602661133,-60.6704254150391,93.1888122558594
98.991468898912,-106.465644836426,-60.4565391540527,93.4559936523438
99.0081360327013,-106.604797363281,-60.3062553405762,93.8991012573242
99.0248031664905,-106.924621582031,-60.2129592895508,94.5153732299805
99.0414703002798,-107.387145996094,-60.1582870483398,95.2669906616211
99.0581374340691,-107.909568786621,-60.1379661560059,96.0941696166992
99.0748045678592,-108.39599609375,-60.1025695800781,96.9052047729492
99.0914717016485,-108.831748962402,-60.0249404907227,97.6558074951172
99.1081388354378,-109.163787841797,-59.9247131347656,98.2799377441406
99.1248059692271,-109.387710571289,-59.7978363037109,98.7790145874023
99.1414731030163,-109.512916564941,-59.6357612609863,99.1460952758789
99.1581402368056,-109.57691192627,-59.47998046875,99.4248123168945
99.1748073705949,-109.619087219238,-59.333137512207,99.6403579711914
99.1914745043841,-109.708122253418,-59.1992225646973,99.8623962402344
99.2081416381734,-109.832107543945,-59.046070098877,100.07275390625
99.2248087719636,-109.998794555664,-58.9448661804199,100.293266296387
99.2414759057528,-110.21703338623,-58.8884429931641,100.556114196777
99.2581430395421,-110.553337097168,-58.8841209411621,100.90161895752
99.2748101733314,-110.974563598633,-58.9148406982422,101.29377746582
99.2914773071207,-111.494804382324,-58.9588088989258,101.75626373291
99.3081444409099,-112.111686706543,-58.9956855773926,102.313125610352
99.3248115746992,-112.720024108887,-58.9955062866211,102.890762329102
99.3414787084885,-113.30509185791,-59.0016059875488,103.480598449707
99.3581458422777,-113.84888458252,-58.9792709350586,104.027145385742
99.3748129760679,-114.331443786621,-58.7873039245605,104.516456604004
99.3914801098572,-114.647689819336,-58.9782180786133,104.76668548584
99.4081472436465,-115.123634338379,-59.3538818359375,105.129127502441
99.4248143774357,-115.535614013672,-59.6094512939453,105.306816101074
99.441481511225,-116.122589111328,-60.1106185913086,105.556571960449
99.4581486450143,-116.859527587891,-60.5919609069824,105.92756652832
99.4748157788035,-117.641883850098,-61.0570373535156,106.283828735352
99.4914829125928,-118.487899780273,-61.3203811645508,106.824577331543
99.5081500463821,-119.334045410156,-61.4012298583984,107.419204711914
99.5248171801722,-120.096954345703,-61.4334526062012,107.969902038574
99.5414843139615,-120.66854095459,-61.3540000915527,108.360168457031
99.5581514477508,-120.912956237793,-61.2023963928223,108.418571472168
99.5748185815401,-120.826728820801,-61.1280555725098,108.129905700684
99.5914857153293,-120.401931762695,-61.1306838989258,107.451446533203
99.6081528491186,-119.792778015137,-61.1990623474121,106.538017272949
99.6248199829079,-119.123168945312,-61.3278579711914,105.513107299805
99.6414871166971,-118.472061157227,-61.5502090454102,104.473121643066
99.6581542504864,-117.929092407227,-61.8271255493164,103.516784667969
99.6748213842766,-117.546875,-62.1486778259277,102.721908569336
99.6914885180659,-117.356895446777,-62.518253326416,102.135719299316
99.7081556518551,-117.253982543945,-62.8823280334473,101.650459289551
99.7248227856444,-117.161529541016,-63.1785011291504,101.206123352051
99.7414899194337,-117.028038024902,-63.3940658569336,100.778594970703
99.7581570532229,-116.822982788086,-63.5369262695312,100.347511291504
99.7748241870122,-116.575035095215,-63.5947303771973,99.9395065307617
99.7914913208015,-116.216705322266,-63.604606628418,99.4739990234375
99.8081584545907,-115.828071594238,-63.6089859008789,99.0383911132812
99.8248255883809,-115.445236206055,-63.5674705505371,98.6458587646484
99.8414927221702,-115.169479370117,-63.538948059082,98.3826446533203
99.8581598559595,-114.971466064453,-63.4701881408691,98.2446060180664
99.8748269897487,-114.851226806641,-63.3889656066895,98.2392578125
99.891494123538,-114.728324890137,-63.3075981140137,98.2845077514648
99.9081612573273,-114.53929901123,-63.245174407959,98.2905120849609
99.9248283911165,-114.288368225098,-63.2746696472168,98.2451019287109
99.9414955249058,-114.042129516602,-63.4028701782227,98.2121505737305
99.9581626586951,-113.799011230469,-63.4778747558594,98.1809692382812
99.9748297924853,-113.368789672852,-63.1625900268555,97.9938812255859
99.9914969262745,-112.411003112793,-63.0425224304199,97.3405456542969
100.008164060064,-111.796577453613,-63.0375862121582,97.1571655273438
100.024831193853,-110.861030578613,-62.9679985046387,96.6267623901367
100.041498327642,-110.367256164551,-63.0986404418945,96.5344619750977
100.058165461432,-110.146781921387,-63.2946739196777,96.6637496948242
100.074832595221,-110.08625793457,-63.518138885498,96.9269790649414
100.09149972901,-109.987518310547,-63.6132698059082,97.1755065917969
100.108166862799,-109.824371337891,-63.8630905151367,97.3740844726562
100.12483399659,-109.411521911621,-63.9135360717773,97.3929214477539
100.141501130379,-108.942176818848,-63.8809852600098,97.4093475341797
100.158168264168,-108.438491821289,-63.6751708984375,97.483642578125
100.174835397957,-107.797988891602,-63.3624496459961,97.5085830688477
100.191502531747,-107.10807800293,-62.9825286865234,97.5320892333984
100.208169665536,-106.418151855469,-62.5182800292969,97.5675811767578
100.224836799325,-105.859848022461,-62.0564079284668,97.7286682128906
100.241503933115,-105.558578491211,-61.6286811828613,98.1263046264648
100.258171066904,-105.602813720703,-61.2485618591309,98.8261184692383
100.274838200694,-105.954071044922,-60.9453964233398,99.7876205444336
100.291505334483,-106.509422302246,-60.6973037719727,100.904739379883
100.308172468272,-107.179740905762,-60.495246887207,102.110412597656
100.324839602062,-107.864486694336,-60.3089714050293,103.315773010254
100.341506735851,-108.469078063965,-60.1123809814453,104.435203552246
100.35817386964,-108.949295043945,-59.9029579162598,105.400512695312
100.37484100343,-109.326103210449,-59.6672554016113,106.213531494141
100.39150813722,-109.605590820312,-59.3924446105957,106.888786315918
100.408175271008,-109.806632995605,-59.1049194335938,107.429351806641
100.424842404798,-109.930717468262,-58.8248825073242,107.839195251465
100.441509538588,-110.068519592285,-58.5435676574707,108.204093933105
100.458176672377,-110.293441772461,-58.2685546875,108.627464294434
100.474843806166,-110.673965454102,-58.0682334899902,109.17790222168
100.491510939955,-111.154884338379,-57.9658546447754,109.799392700195
100.508178073745,-111.754920959473,-57.9363212585449,110.47688293457
100.524845207534,-112.42024230957,-57.9486312866211,111.192512512207
100.541512341324,-113.125694274902,-57.9703979492188,111.924530029297
100.558179475112,-113.875595092773,-58.004467010498,112.684829711914
100.574846608903,-114.56551361084,-57.976448059082,113.370819091797
100.591513742692,-115.154365539551,-57.9452629089355,113.942367553711
100.608180876481,-115.596473693848,-57.761962890625,114.324401855469
100.62484801027,-115.856704711914,-57.7148056030273,114.477180480957
100.64151514406,-116.353561401367,-57.9316902160645,114.787803649902
100.658182277849,-116.723442077637,-57.8889122009277,114.898307800293
100.674849411638,-117.189697265625,-58.1403198242188,114.970993041992
100.691516545428,-117.805450439453,-58.4898147583008,115.157440185547
100.708183679217,-118.340339660645,-58.5561065673828,115.313262939453
100.724850813007,-118.889961242676,-58.385913848877,115.585327148438
100.741517946796,-119.295852661133,-58.1593818664551,115.797744750977
100.758185080585,-119.469261169434,-57.896728515625,115.828521728516
100.774852214375,-119.300117492676,-57.5512237548828,115.508842468262
100.791519348164,-118.86083984375,-57.2763519287109,114.89680480957
100.808186481953,-118.271598815918,-57.1050224304199,114.124755859375
100.824853615743,-117.551460266113,-57.0320053100586,113.180892944336
100.841520749533,-116.784484863281,-57.0935935974121,112.152153015137
100.858187883321,-116.039848327637,-57.2680549621582,111.096130371094
100.874855017111,-115.378532409668,-57.5226669311523,110.092300415039
100.891522150901,-114.828475952148,-57.8281059265137,109.191307067871
100.90818928469,-114.475830078125,-58.1674346923828,108.498390197754
100.924856418479,-114.319892883301,-58.575813293457,108.04411315918
100.941523552268,-114.258567810059,-58.9275665283203,107.695747375488
100.958190686058,-114.25390625,-59.2047309875488,107.436019897461
100.974857819847,-114.263473510742,-59.4438552856445,107.232116699219
100.991524953637,-114.267501831055,-59.6523056030273,107.06120300293
101.008192087425,-114.24365234375,-59.8194465637207,106.905181884766
101.024859221216,-114.195671081543,-59.9925651550293,106.772598266602
101.041526355005,-114.145210266113,-60.1954765319824,106.65209197998
101.058193488794,-114.173934936523,-60.3926277160645,106.643928527832
101.074860622583,-114.262222290039,-60.5604858398438,106.751220703125
101.091527756373,-114.445426940918,-60.6667709350586,107.052947998047
101.108194890162,-114.658363342285,-60.6800422668457,107.444007873535
101.124862023951,-114.814651489258,-60.6910591125488,107.803512573242
101.141529157741,-114.842216491699,-60.8112373352051,107.98690032959
101.15819629153,-114.864929199219,-61.0430679321289,108.117919921875
101.17486342532,-114.955749511719,-61.2706832885742,108.284240722656
101.191530559109,-115.020851135254,-61.4230728149414,108.437698364258
101.208197692898,-114.87686920166,-61.1390533447266,108.433746337891
101.224864826688,-114.224792480469,-60.78662109375,108.051414489746
101.241531960477,-113.915283203125,-60.789005279541,108.128936767578
101.258199094266,-113.211288452148,-60.5580024719238,107.82568359375
101.274866228056,-113.110122680664,-60.6685829162598,108.077499389648
101.291533361846,-113.246917724609,-60.9647750854492,108.517059326172
101.308200495634,-113.559379577637,-61.4175758361816,109.014488220215
101.324867629424,-113.648559570312,-61.7756004333496,109.236389160156
101.341534763214,-113.66716003418,-62.2747917175293,109.360626220703
101.358201897003,-113.275543212891,-62.5422325134277,109.153778076172
101.374869030792,-112.70051574707,-62.655101776123,108.827362060547
101.391536164581,-111.918975830078,-62.554027557373,108.394355773926
101.408203298371,-111.068473815918,-62.3677825927734,107.971466064453
101.42487043216,-110.251976013184,-62.0929145812988,107.667572021484
101.44153756595,-109.638092041016,-61.8215026855469,107.619941711426
101.458204699738,-109.25511932373,-61.5893821716309,107.833999633789
101.474871833529,-109.154289245605,-61.4584999084473,108.323997497559
101.491538967318,-109.331108093262,-61.4244918823242,109.054428100586
101.508206101107,-109.767974853516,-61.4667320251465,110.010612487793
101.524873234896,-110.373641967773,-61.5565605163574,111.114990234375
101.541540368686,-111.082672119141,-61.6531600952148,112.313095092773
101.558207502475,-111.764739990234,-61.7113952636719,113.495071411133
101.574874636264,-112.363716125488,-61.7326011657715,114.586395263672
101.591541770054,-112.842468261719,-61.6977005004883,115.540725708008
101.608208903843,-113.189888000488,-61.6095428466797,116.335662841797
101.624876037633,-113.424385070801,-61.4659309387207,116.998641967773
101.641543171422,-113.580215454102,-61.2794952392578,117.545288085938
101.658210305211,-113.649757385254,-61.0734977722168,117.953941345215
101.674877439001,-113.686561584473,-60.8536529541016,118.278961181641
101.69154457279,-113.68824005127,-60.6310997009277,118.505821228027
101.708211706579,-113.715507507324,-60.4383773803711,118.661071777344
101.724878840369,-113.811149597168,-60.2984390258789,118.754890441895
101.741545974159,-114.015838623047,-60.199089050293,118.835227966309
101.758213107947,-114.290229797363,-60.1798629760742,118.970207214355
101.774880241737,-114.606071472168,-60.2004470825195,119.061492919922
101.791547375527,-114.914367675781,-60.178955078125,119.048980712891
101.808214509316,-115.048988342285,-59.8992080688477,118.834335327148
101.824881643105,-115.043647766113,-59.8776473999023,118.444213867188
101.841548776894,-115.262191772461,-59.8355102539062,118.227310180664
101.858215910684,-115.483390808105,-59.7922477722168,117.957641601562
101.874883044473,-115.933265686035,-59.8651542663574,117.874214172363
101.891550178263,-116.642761230469,-59.8772621154785,118.070281982422
101.908217312051,-117.348579406738,-59.7251014709473,118.350898742676
101.924884445842,-118.125854492188,-59.4182815551758,118.877670288086
101.941551579631,-118.712432861328,-59.093822479248,119.326400756836
101.95821871342,-119.139472961426,-58.8577575683594,119.697547912598
101.974885847209,-119.346000671387,-58.6136093139648,119.85652923584
101.991552980999,-119.277053833008,-58.4253921508789,119.71159362793
102.008220114788,-118.962417602539,-58.395637512207,119.302520751953
102.024887248577,-118.344284057617,-58.3858375549316,118.559326171875
102.041554382367,-117.503349304199,-58.4162254333496,117.55403137207
102.058221516156,-116.516502380371,-58.4715576171875,116.36784362793
102.074888649946,-115.470512390137,-58.5228118896484,115.098609924316
102.091555783735,-114.417510986328,-58.5743522644043,113.813011169434
102.108222917524,-113.389686584473,-58.616268157959,112.542129516602
102.124890051314,-112.510757446289,-58.678150177002,111.448577880859
102.141557185103,-111.780006408691,-58.8299713134766,110.498756408691
102.158224318892,-111.195014953613,-58.9382820129395,109.666160583496
102.174891452682,-110.790298461914,-59.0454978942871,109.016510009766
102.191558586472,-110.447807312012,-59.1698341369629,108.446678161621
102.20822572026,-110.139526367188,-59.3006057739258,107.932968139648
102.22489285405,-109.821311950684,-59.4256362915039,107.432403564453
102.24155998784,-109.508728027344,-59.5574951171875,106.971618652344
102.258227121629,-109.234359741211,-59.7188377380371,106.578796386719
102.274894255418,-109.090362548828,-59.8194808959961,106.361991882324
102.291561389207,-109.058029174805,-59.9023170471191,106.306686401367
102.308228522997,-109.154098510742,-59.9603042602539,106.452392578125
102.324895656786,-109.253219604492,-59.9496040344238,106.644546508789
102.341562790576,-109.254692077637,-59.9454498291016,106.758415222168
102.358229924364,-109.096214294434,-60.0627174377441,106.679290771484
102.374897058155,-108.881034851074,-60.2802734375,106.495834350586
102.391564191944,-108.715606689453,-60.5052642822266,106.334671020508
102.408231325733,-108.638488769531,-60.6048583984375,106.253562927246
102.424898459522,-108.440803527832,-60.297477722168,106.096435546875
102.441565593312,-108.31226348877,-60.5911293029785,106.088470458984
102.458232727101,-108.377922058105,-60.528678894043,106.369697570801
102.47489986089,-108.625671386719,-60.7241516113281,106.739158630371
102.49156699468,-109.016632080078,-60.9514961242676,107.299667358398
102.508234128469,-109.518287658691,-61.3125267028809,107.876823425293
102.524901262259,-110.011344909668,-61.7210578918457,108.384895324707
102.541568396048,-110.177383422852,-61.996639251709,108.511726379395
102.558235529837,-110.270904541016,-62.3046989440918,108.593254089355
102.574902663627,-109.938552856445,-62.3548889160156,108.29956817627
102.591569797416,-109.379341125488,-62.2227096557617,107.876197814941
102.608236931205,-108.520416259766,-61.9453277587891,107.275550842285
102.624904064995,-107.583587646484,-61.5928382873535,106.658599853516
102.641571198785,-106.686508178711,-61.1808471679688,106.138816833496
102.658238332573,-105.99845123291,-60.7508239746094,105.854873657227
102.674905466363,-105.560264587402,-60.3933792114258,105.839553833008
102.691572600153,-105.402984619141,-60.1372909545898,106.101676940918
102.708239733942,-105.546859741211,-59.9851608276367,106.632949829102
102.724906867731,-105.944801330566,-59.9171943664551,107.382278442383
102.74157400152,-106.4833984375,-59.9366722106934,108.24934387207
102.75824113531,-107.065254211426,-59.9729461669922,109.157981872559
102.774908269099,-107.615074157715,-60.0055503845215,110.021881103516
102.791575402889,-108.114151000977,-60.0271987915039,110.812850952148
102.808242536677,-108.545310974121,-60.0163955688477,111.501068115234
102.824909670468,-108.89217376709,-59.9801483154297,112.048408508301
102.841576804257,-109.174278259277,-59.9274787902832,112.489151000977
102.858243938046,-109.404678344727,-59.8598861694336,112.857398986816
102.874911071835,-109.707229614258,-59.7478446960449,113.309181213379
102.891578205625,-110.036735534668,-59.6527404785156,113.760307312012
102.908245339414,-110.360824584961,-59.605339050293,114.191184997559
102.924912473203,-110.708015441895,-59.6115951538086,114.57829284668
102.941579606993,-111.1435546875,-59.6820030212402,114.981109619141
102.958246740782,-111.710868835449,-59.8076019287109,115.484771728516
102.974913874572,-112.434242248535,-59.9717102050781,116.125595092773
102.991581008361,-113.351661682129,-60.118465423584,116.942604064941
103.00824814215,-114.320762634277,-60.2049407958984,117.796775817871
103.02491527594,-115.211219787598,-60.1495094299316,118.561317443848
103.041582409729,-115.719703674316,-59.9116897583008,118.938056945801
103.058249543518,-116.088287353516,-60.0803031921387,119.136276245117
103.074916677308,-116.267265319824,-60.0473899841309,119.140167236328
103.091583811098,-116.423240661621,-60.0862350463867,119.043434143066
103.108250944886,-116.784362792969,-60.3896560668945,119.077766418457
103.124918078676,-117.268394470215,-60.7408065795898,119.187049865723
103.141585212466,-117.934722900391,-60.9451293945312,119.500701904297
103.158252346255,-118.571784973145,-60.961856842041,119.858001708984
103.174919480044,-119.265747070312,-61.0235900878906,120.297981262207
103.191586613833,-119.889122009277,-61.0708274841309,120.678733825684
103.208253747623,-120.308975219727,-60.9827995300293,120.841606140137
103.224920881412,-120.462364196777,-60.8666801452637,120.711502075195
103.241588015202,-120.428245544434,-60.8472671508789,120.379737854004
103.25825514899,-120.145416259766,-60.8236694335938,119.763610839844
103.274922282781,-119.693832397461,-60.8537063598633,118.932266235352
103.29158941657,-119.117202758789,-60.8971328735352,117.961975097656
103.308256550359,-118.437377929688,-60.9770355224609,116.882286071777
103.324923684148,-117.790054321289,-61.1170806884766,115.821197509766
103.341590817938,-117.196990966797,-61.2911415100098,114.79167175293
103.358257951727,-116.683212280273,-61.4720916748047,113.826026916504
103.374925085516,-116.186836242676,-61.7237930297852,112.870506286621
103.391592219306,-115.610626220703,-61.9161567687988,111.766044616699
103.408259353095,-115.075736999512,-62.0310325622559,110.623329162598
103.424926486885,-114.647499084473,-62.0496253967285,109.509384155273
103.441593620674,-114.305030822754,-61.9342651367188,108.430084228516
103.458260754463,-113.97900390625,-61.7099075317383,107.374458312988
103.474927888253,-113.678894042969,-61.427490234375,106.41138458252
103.491595022042,-113.420433044434,-61.171947479248,105.634391784668
103.508262155831,-113.161018371582,-60.9448852539062,105.093894958496
103.524929289621,-112.924102783203,-60.8313941955566,104.85279083252
103.541596423411,-112.678115844727,-60.7693481445312,104.874702453613
103.558263557199,-112.348320007324,-60.7817726135254,105.039939880371
103.574930690989,-111.927673339844,-60.8770179748535,105.24715423584
103.591597824779,-111.477386474609,-61.0978126525879,105.44815826416
103.608264958568,-111.095527648926,-61.3960914611816,105.664779663086
103.624932092357,-110.814643859863,-61.5441360473633,105.885093688965
103.641599226146,-110.381202697754,-61.2946357727051,105.871597290039
103.658266359936,-110.022827148438,-61.5998458862305,105.793296813965
103.674933493725,-109.737030029297,-61.6178550720215,105.713043212891
103.691600627515,-109.682678222656,-61.8342781066895,105.653900146484
103.708267761303,-109.806541442871,-62.21826171875,105.704696655273
103.724934895094,-109.981376647949,-62.5909996032715,105.718269348145
103.741602028883,-109.9873046875,-62.946964263916,105.49739074707
103.758269162672,-109.616256713867,-63.162052154541,104.970581054688
103.774936296461,-108.96915435791,-63.5243606567383,104.289070129395
103.791603430251,-107.996963500977,-63.6266288757324,103.477096557617
103.80827056404,-106.950294494629,-63.5545349121094,102.719711303711
103.824937697829,-105.918357849121,-63.391471862793,102.116104125977
103.841604831619,-105.084465026855,-63.189624786377,101.80606842041
103.858271965408,-104.496147155762,-62.9960021972656,101.831169128418
103.874939099198,-104.144737243652,-62.810173034668,102.134628295898
103.891606232987,-104.025596618652,-62.6448974609375,102.645126342773
103.908273366776,-104.150291442871,-62.5413246154785,103.397216796875
103.924940500566,-104.588218688965,-62.4900283813477,104.420394897461
103.941607634355,-105.300811767578,-62.4819145202637,105.645835876465
103.958274768144,-106.18717956543,-62.4869842529297,106.971740722656
103.974941901934,-107.140281677246,-62.5357971191406,108.323623657227
103.991609035724,-108.021133422852,-62.4937858581543,109.520401000977
104.008276169512,-108.723564147949,-62.4703102111816,110.500244140625
104.024943303302,-109.287353515625,-62.4033889770508,111.267684936523
104.041610437092,-109.752258300781,-62.2758979797363,111.869453430176
104.058277570881,-110.169769287109,-62.1156883239746,112.352195739746
104.07494470467,-110.529762268066,-61.9434585571289,112.696823120117
104.091611838459,-110.773345947266,-61.7182655334473,112.824401855469
104.108278972249,-110.950187683105,-61.5212020874023,112.816528320312
104.124946106038,-111.116943359375,-61.3539695739746,112.729354858398
104.141613239828,-111.305549621582,-61.2170600891113,112.586463928223
104.158280373616,-111.564331054688,-61.1109809875488,112.48104095459
104.174947507407,-111.873603820801,-61.0685043334961,112.408340454102
104.191614641196,-112.310195922852,-61.1383438110352,112.450698852539
104.208281774985,-112.821502685547,-61.160472869873,112.559837341309
104.224948908774,-113.28995513916,-61.1197776794434,112.628936767578
104.241616042564,-113.563346862793,-60.8698883056641,112.486053466797
104.258283176353,-113.736106872559,-60.994327545166,112.176292419434
104.274950310142,-114.173316955566,-61.1062622070312,112.1162109375
104.291617443932,-114.438652038574,-61.0672454833984,111.79296875
104.308284577721,-115.007354736328,-61.447380065918,111.66796875
104.324951711511,-115.602676391602,-61.7136840820312,111.572143554688
104.3416188453,-116.337982177734,-61.8678817749023,111.607940673828
104.358285979089,-117.029708862305,-61.733757019043,111.732864379883
104.374953112879,-117.675033569336,-61.5274238586426,111.88436126709
104.391620246668,-118.249565124512,-61.2570381164551,112.040679931641
104.408287380457,-118.590141296387,-60.8344459533691,112.001319885254
104.424954514247,-118.573913574219,-60.3484840393066,111.609764099121
104.441621648037,-118.241638183594,-60.0219879150391,110.907821655273
104.458288781825,-117.589210510254,-59.7583312988281,109.880981445312
104.474955915615,-116.746864318848,-59.5496940612793,108.651863098145
104.491623049405,-115.802337646484,-59.4093208312988,107.311614990234
104.508290183194,-114.854881286621,-59.3260726928711,105.959014892578
104.524957316983,-113.975708007812,-59.3260345458984,104.647682189941
104.541624450772,-113.223930358887,-59.4181938171387,103.449165344238
104.558291584562,-112.627975463867,-59.5559997558594,102.414176940918
104.574958718351,-112.202606201172,-59.7605438232422,101.59009552002
104.591625852141,-111.853393554688,-59.9761047363281,100.877716064453
104.608292985929,-111.531829833984,-60.1104469299316,100.253494262695
104.62496011972,-111.242294311523,-60.1803207397461,99.7281494140625
104.641627253509,-110.93627166748,-60.1962127685547,99.2575607299805
104.658294387298,-110.587432861328,-60.1935577392578,98.7900848388672
104.674961521087,-110.241134643555,-60.2390670776367,98.3999786376953
104.691628654877,-109.928756713867,-60.2918968200684,98.0840682983398
104.708295788666,-109.672660827637,-60.3631286621094,97.8596343994141
104.724962922455,-109.463829040527,-60.4918022155762,97.7005996704102
104.741630056245,-109.419807434082,-60.6726531982422,97.7525177001953
104.758297190034,-109.463577270508,-60.8257293701172,97.9227523803711
104.774964323824,-109.495193481445,-60.9355201721191,98.1178512573242
104.791631457613,-109.387145996094,-61.1157760620117,98.1982498168945
104.808298591402,-109.116065979004,-61.381462097168,98.1209106445312
104.824965725192,-108.751243591309,-61.7121315002441,97.9422760009766
104.841632858981,-108.383651733398,-61.7833862304688,97.7815475463867
104.85829999277,-107.624732971191,-61.6437492370605,97.2773666381836
104.87496712656,-107.015434265137,-62.0528717041016,97.0090866088867
104.89163426035,-106.020263671875,-62.0528831481934,96.4337921142578
104.908301394138,-105.40966796875,-62.2547721862793,96.2088241577148
104.924968527928,-104.913452148438,-62.5727310180664,96.0736465454102
104.941635661718,-104.552032470703,-62.9937210083008,95.9530410766602
104.958302795507,-104.263710021973,-63.3223342895508,95.8035049438477
104.974969929296,-103.742546081543,-63.6802787780762,95.3003692626953
104.991637063085,-103.103675842285,-63.9416160583496,94.7175979614258
105.008304196875,-102.268981933594,-63.9715919494629,93.9881591796875
105.024971330664,-101.380165100098,-63.8194847106934,93.2809982299805
105.041638464454,-100.554382324219,-63.4712600708008,92.6816101074219
105.058305598242,-99.8937301635742,-63.0821380615234,92.2694473266602
105.074972732033,-99.4102783203125,-62.6295928955078,92.0541687011719
105.091639865822,-99.1409301757812,-62.1630210876465,92.0744857788086
105.108306999611,-99.0480270385742,-61.7514953613281,92.2854995727539
105.1249741334,-99.1932525634766,-61.4089736938477,92.7308502197266
105.14164126719,-99.5739288330078,-61.1560249328613,93.3710632324219
105.158308400979,-100.150405883789,-61.0037727355957,94.1546478271484
105.174975534768,-100.807746887207,-60.9472274780273,94.9652481079102
105.191642668558,-101.472358703613,-60.9396934509277,95.7421569824219
105.208309802348,-102.077659606934,-60.9363403320312,96.419677734375
105.224976936137,-102.584609985352,-60.9056358337402,96.9603424072266
105.241644069926,-103.001045227051,-60.8354568481445,97.3774719238281
105.258311203715,-103.315368652344,-60.7274856567383,97.6603164672852
105.274978337505,-103.628692626953,-60.6048889160156,97.9301681518555
105.291645471294,-103.978385925293,-60.4773216247559,98.2295150756836
105.308312605083,-104.367416381836,-60.3686828613281,98.5553665161133
105.324979738873,-104.770866394043,-60.2675628662109,98.8779830932617
105.341646872663,-105.180053710938,-60.2107086181641,99.1887359619141
105.358314006452,-105.659103393555,-60.2082901000977,99.5466995239258
105.374981140241,-106.183143615723,-60.2638244628906,99.902229309082
105.391648274031,-106.76293182373,-60.3313903808594,100.220527648926
105.40831540782,-107.329391479492,-60.4090690612793,100.478240966797
105.424982541609,-107.969383239746,-60.5447235107422,100.786018371582
105.441649675398,-108.578628540039,-60.5861473083496,101.034317016602
105.458316809188,-109.115867614746,-60.5138702392578,101.213745117188
105.474983942977,-109.337127685547,-60.2703399658203,101.102493286133
105.491651076767,-109.562828063965,-60.3682060241699,101.003746032715
105.508318210556,-109.840545654297,-60.2906684875488,101.025108337402
105.524985344346,-110.298767089844,-60.3936538696289,101.203605651855
105.541652478135,-110.907913208008,-60.5255508422852,101.500495910645
105.558319611924,-111.528114318848,-60.737190246582,101.757293701172
105.574986745713,-112.315483093262,-60.9924850463867,102.24080657959
105.591653879503,-113.001762390137,-60.9598083496094,102.688591003418
105.608321013292,-113.63151550293,-60.9252738952637,103.107925415039
105.624988147081,-114.165657043457,-60.9048233032227,103.48486328125
105.641655280871,-114.536567687988,-60.774974822998,103.667182922363
105.658322414661,-114.631286621094,-60.589958190918,103.517967224121
105.67498954845,-114.479431152344,-60.5011749267578,103.050819396973
105.691656682239,-114.06031036377,-60.4710960388184,102.230598449707
105.708323816028,-113.484710693359,-60.5099868774414,101.151908874512
105.724990949818,-112.787460327148,-60.5729522705078,99.8598785400391
105.741658083607,-112.052604675293,-60.6589775085449,98.4867706298828
105.758325217396,-111.331161499023,-60.7530860900879,97.1026840209961
105.774992351186,-110.645858764648,-60.8068733215332,95.7468719482422
105.791659484976,-110.080680847168,-60.8291244506836,94.5267715454102
105.808326618765,-109.59903717041,-60.8818016052246,93.4461822509766
105.824993752554,-109.158569335938,-60.8718223571777,92.4423980712891
105.841660886344,-108.764984130859,-60.8183746337891,91.5389862060547
105.858328020133,-108.407470703125,-60.7437553405762,90.7456817626953
105.874995153922,-108.088691711426,-60.6335220336914,90.0537719726562
105.891662287711,-107.765014648438,-60.52978515625,89.4277114868164
105.908329421501,-107.447746276855,-60.4571876525879,88.868278503418
105.92499655529,-107.180870056152,-60.4451522827148,88.3953475952148
105.94166368908,-107.051383972168,-60.486644744873,88.1059646606445
105.958330822869,-107.108367919922,-60.5755615234375,88.0208969116211
105.974997956659,-107.30965423584,-60.6961402893066,88.1258316040039
105.991665090448,-107.578483581543,-60.7885131835938,88.3245391845703
106.008332224237,-107.716682434082,-60.8672332763672,88.3826217651367
106.024999358026,-107.65892791748,-61.0600357055664,88.2010498046875
106.041666491816,-107.44352722168,-61.301383972168,87.8271865844727
106.058333625605,-107.152557373047,-61.4859580993652,87.3760833740234
106.075000759394,-106.834548950195,-61.5345802307129,86.9423294067383
106.091667893184,-106.368927001953,-60.9673004150391,86.4739685058594
106.108335026974,-105.594795227051,-61.1436500549316,85.7238159179688
106.125002160763,-105.399314880371,-61.1786956787109,85.6855545043945
106.141669294552,-105.071342468262,-61.1028175354004,85.4710998535156
106.158336428341,-105.116584777832,-61.3557891845703,85.6161727905273
106.175003562131,-105.306129455566,-61.6934471130371,85.8746719360352
106.19167069592,-105.498001098633,-62.0349960327148,86.0687942504883
106.208337829709,-105.438941955566,-62.2159767150879,86.0074615478516
106.225004963499,-105.205223083496,-62.4381408691406,85.8110427856445
106.241672097289,-104.659378051758,-62.4077682495117,85.4120712280273
106.258339231078,-103.946754455566,-62.2206802368164,84.9238433837891
106.275006364867,-103.164199829102,-61.9635810852051,84.4626617431641
106.291673498657,-102.515007019043,-61.6344528198242,84.210319519043
106.308340632446,-102.027732849121,-61.3318290710449,84.1713256835938
106.325007766235,-101.79810333252,-61.059814453125,84.4024810791016
106.341674900024,-101.801765441895,-60.8852577209473,84.879638671875
106.358342033814,-102.060722351074,-60.8014755249023,85.5936889648438
106.375009167603,-102.562034606934,-60.7778244018555,86.5200805664062
106.391676301393,-103.243835449219,-60.8048095703125,87.6078720092773
106.408343435182,-104.001945495605,-60.857479095459,88.7540817260742
106.425010568972,-104.766212463379,-60.9242210388184,89.867317199707
106.441677702761,-105.467933654785,-60.9934997558594,90.8795166015625
106.45834483655,-106.085159301758,-61.053394317627,91.7647018432617
106.475011970339,-106.623908996582,-61.0640563964844,92.5195999145508
106.491679104129,-107.086082458496,-61.0217933654785,93.1640167236328
106.508346237918,-107.503852844238,-60.9483871459961,93.7444229125977
106.525013371707,-107.919387817383,-60.8573226928711,94.294303894043
106.541680505497,-108.331108093262,-60.7442741394043,94.8244171142578
106.558347639287,-108.736763000488,-60.6208114624023,95.3571319580078
106.575014773076,-109.16877746582,-60.5623397827148,95.9109802246094
106.591681906865,-109.612205505371,-60.4836273193359,96.4404907226562
106.608349040655,-110.036674499512,-60.4420585632324,96.8992233276367
106.625016174444,-110.43334197998,-60.3998603820801,97.2638778686523
106.641683308233,-110.799903869629,-60.4351005554199,97.5606231689453
106.658350442022,-111.233642578125,-60.5074043273926,97.8536376953125
106.675017575812,-111.679878234863,-60.5797157287598,98.1231079101562
106.691684709602,-112.068328857422,-60.5157089233398,98.3277816772461
106.708351843391,-112.204788208008,-60.2970352172852,98.2562484741211
106.72501897718,-112.307182312012,-60.5228042602539,98.1197204589844
106.74168611097,-112.604843139648,-60.6678848266602,98.1932373046875
106.758353244759,-113.064865112305,-60.7781944274902,98.3451232910156
106.775020378548,-113.72053527832,-61.0078315734863,98.6422500610352
106.791687512337,-114.591102600098,-61.4738121032715,99.0934066772461
106.808354646127,-115.688323974609,-61.7541122436523,99.8297348022461
106.825021779916,-116.60082244873,-61.7482109069824,100.432540893555
106.841688913706,-117.379196166992,-61.7952575683594,100.976425170898
106.858356047495,-117.979431152344,-61.7735977172852,101.3935546875
106.875023181285,-118.326782226562,-61.5671195983887,101.545906066895
106.891690315074,-118.333694458008,-61.2840232849121,101.359046936035
106.908357448863,-117.978553771973,-61.0668907165527,100.784408569336
106.925024582652,-117.294990539551,-60.8749351501465,99.8461227416992
106.941691716442,-116.415969848633,-60.7550201416016,98.6362762451172
106.958358850231,-115.404968261719,-60.7037048339844,97.2322082519531
106.97502598402,-114.410163879395,-60.7318229675293,95.7958602905273
106.99169311781,-113.561805725098,-60.8538780212402,94.4538269042969
107.0083602516,-112.87865447998,-61.0705947875977,93.2579650878906
107.025027385389,-112.422889709473,-61.372257232666,92.2459945678711
107.041694519178,-112.123870849609,-61.7379112243652,91.3688888549805
107.058361652968,-111.910903930664,-62.0517234802246,90.5759582519531
107.075028786757,-111.773361206055,-62.3108177185059,89.8934783935547
107.091695920546,-111.668968200684,-62.509449005127,89.2959365844727
107.108363054335,-111.585517883301,-62.6387214660645,88.7819976806641
107.125030188125,-111.471122741699,-62.7146263122559,88.3100891113281
107.141697321915,-111.375625610352,-62.7945861816406,87.9163665771484
107.158364455704,-111.32657623291,-62.8569412231445,87.6102523803711
107.175031589493,-111.398338317871,-62.8930778503418,87.464111328125
107.191698723283,-111.563369750977,-62.8933029174805,87.4681243896484
107.208365857072,-111.767608642578,-62.8522071838379,87.5936889648438
107.225032990861,-111.921546936035,-62.739070892334,87.7382583618164
107.24170012465,-111.89183807373,-62.6361274719238,87.7209625244141
107.25836725844,-111.694305419922,-62.6794166564941,87.5222320556641
107.275034392229,-111.418594360352,-62.829517364502,87.2363967895508
107.291701526019,-111.162803649902,-62.9634704589844,86.9689178466797
107.308368659808,-110.894332885742,-62.7011222839355,86.7015380859375
107.325035793598,-110.012557983398,-62.4432373046875,85.8922653198242
107.341702927387,-109.796455383301,-62.7508125305176,85.8465347290039
107.358370061176,-109.063423156738,-62.5131759643555,85.336784362793
107.375037194965,-108.985725402832,-62.6555862426758,85.4330215454102
107.391704328755,-109.061996459961,-62.9216003417969,85.7012100219727
107.408371462544,-109.195274353027,-63.1358184814453,85.8956985473633
107.425038596333,-109.226341247559,-63.4069213867188,85.9386749267578
107.441705730123,-108.798469543457,-63.5263137817383,85.5395278930664
107.458372863913,-108.329574584961,-63.7151679992676,85.2000274658203
107.475039997702,-107.492210388184,-63.5926666259766,84.5716247558594
107.491707131491,-106.593414306641,-63.3902702331543,83.9456176757812
107.508374265281,-105.675872802734,-63.090274810791,83.3540420532227
107.52504139907,-104.864860534668,-62.8126258850098,82.8641815185547
107.541708532859,-104.188972473145,-62.5792655944824,82.4805221557617
107.558375666648,-103.729530334473,-62.3897552490234,82.296516418457
107.575042800438,-103.583831787109,-62.2497177124023,82.4150161743164
107.591709934228,-103.746803283691,-62.1378860473633,82.8433685302734
107.608377068017,-104.152893066406,-62.0074348449707,83.5060272216797
107.625044201806,-104.718040466309,-61.8922386169434,84.3059921264648
107.641711335596,-105.334167480469,-61.8265190124512,85.1380615234375
107.658378469385,-105.977264404297,-61.766185760498,85.9839706420898
107.675045603174,-106.553024291992,-61.7016143798828,86.7482833862305
107.691712736963,-107.075630187988,-61.6301765441895,87.4553527832031
107.708379870753,-107.541137695312,-61.5392608642578,88.0612335205078
107.725047004542,-107.948173522949,-61.4357643127441,88.5744094848633
107.741714138332,-108.287132263184,-61.297664642334,88.9658889770508
107.758381272121,-108.554260253906,-61.1349678039551,89.2587051391602
107.775048405911,-108.81901550293,-60.9296607971191,89.5171279907227
107.7917155397,-109.040512084961,-60.7148017883301,89.7206802368164
107.808382673489,-109.316612243652,-60.5706901550293,89.9558792114258
107.825049807278,-109.651657104492,-60.4366989135742,90.212043762207
107.841716941068,-110.059997558594,-60.3682327270508,90.5017166137695
107.858384074857,-110.499786376953,-60.3588829040527,90.808708190918
107.875051208646,-110.967781066895,-60.4421005249023,91.1335220336914
107.891718342436,-111.496704101562,-60.5574150085449,91.5106735229492
107.908385476226,-111.975471496582,-60.6442527770996,91.842155456543
107.925052610015,-112.320457458496,-60.7002487182617,92.0611953735352
107.941719743804,-112.472244262695,-60.5973281860352,92.0990982055664
107.958386877594,-112.286033630371,-60.4631233215332,91.7993850708008
107.975054011383,-112.333625793457,-60.775562286377,91.7087554931641
107.991721145172,-112.487434387207,-60.8720207214355,91.7002258300781
108.008388278961,-112.815010070801,-61.0707015991211,91.7588958740234
108.025055412751,-113.405326843262,-61.4851875305176,91.9997177124023
108.041722546541,-113.983436584473,-61.873836517334,92.2024154663086
108.05838968033,-114.61988067627,-62.1158447265625,92.5127105712891
108.075056814119,-115.162315368652,-62.1422157287598,92.7966079711914
108.091723947909,-115.679718017578,-62.102108001709,93.0778045654297
108.108391081698,-116.134201049805,-61.9827728271484,93.3236618041992
108.125058215487,-116.389144897461,-61.7202186584473,93.3642120361328
108.141725349276,-116.360977172852,-61.4811134338379,93.0989685058594
108.158392483067,-116.070991516113,-61.3066787719727,92.5694580078125
108.175059616855,-115.524116516113,-61.1821441650391,91.7474822998047
108.191726750645,-114.803504943848,-61.1297492980957,90.7194442749023
108.208393884434,-113.96720123291,-61.135383605957,89.5333023071289
108.225061018224,-113.121650695801,-61.174747467041,88.3021469116211
108.241728152013,-112.390296936035,-61.2719078063965,87.1929473876953
108.258395285802,-111.837913513184,-61.5073165893555,86.2910690307617
108.275062419591,-111.445259094238,-61.7826614379883,85.5718765258789
108.291729553381,-111.135810852051,-62.013786315918,84.9799880981445
108.308396687171,-110.850318908691,-62.2047996520996,84.4750823974609
108.325063820959,-110.523094177246,-62.3118438720703,83.9944915771484
108.341730954749,-110.127471923828,-62.3583717346191,83.5166549682617
108.358398088539,-109.658302307129,-62.3418960571289,83.006965637207
108.375065222328,-109.151649475098,-62.332633972168,82.5077056884766
108.391732356117,-108.681045532227,-62.3382987976074,82.066047668457
108.408399489907,-108.33650970459,-62.3067474365234,81.7524185180664
108.425066623696,-108.157508850098,-62.2244911193848,81.6236724853516
108.441733757485,-108.150970458984,-62.1918869018555,81.7151794433594
108.458400891275,-108.273620605469,-62.1966171264648,81.9708938598633
108.475068025064,-108.546836853027,-62.192008972168,82.3900833129883
108.491735158854,-108.670806884766,-62.2220878601074,82.6257629394531
108.508402292643,-108.641624450684,-62.3409271240234,82.6793441772461
108.525069426432,-108.459197998047,-62.3764724731445,82.5527038574219
108.541736560222,-107.989616394043,-62.0686492919922,82.1304168701172
108.558403694011,-107.16934967041,-61.9904899597168,81.3812789916992
108.5750708278,-106.253189086914,-61.7708740234375,80.6179275512695
108.591737961589,-105.307662963867,-61.544376373291,79.8170166015625
108.60840509538,-104.383056640625,-61.5810699462891,78.9836654663086
108.625072229168,-103.739944458008,-61.6498680114746,78.3727722167969
108.641739362958,-103.311103820801,-61.588493347168,77.8681488037109
108.658406496747,-102.831245422363,-61.6994972229004,77.2316818237305
108.675073630537,-102.501037597656,-61.7888565063477,76.7966079711914
108.691740764326,-102.194534301758,-61.8188133239746,76.4327239990234
108.708407898115,-101.977317810059,-61.7849502563477,76.255500793457
108.725075031904,-101.856460571289,-61.627555847168,76.271125793457
108.741742165694,-101.793594360352,-61.3506393432617,76.454963684082
108.758409299484,-101.729080200195,-61.0199699401855,76.7319869995117
108.775076433272,-101.662315368652,-60.6679000854492,77.1109466552734
108.791743567062,-101.58984375,-60.3281669616699,77.552131652832
108.808410700852,-101.558891296387,-60.0549087524414,78.0838470458984
108.825077834641,-101.638732910156,-59.8885078430176,78.7115325927734
108.84174496843,-101.875534057617,-59.8548545837402,79.4520111083984
108.85841210222,-102.283317565918,-59.9384689331055,80.3225326538086
108.875079236009,-102.820816040039,-60.1071548461914,81.3016052246094
108.891746369798,-103.380493164062,-60.2803802490234,82.2774810791016
108.908413503588,-103.907073974609,-60.4159317016602,83.2024002075195
108.925080637377,-104.32396697998,-60.4788856506348,84.0024185180664
108.941747771167,-104.584014892578,-60.4887771606445,84.6194305419922
108.958414904956,-104.749008178711,-60.4533576965332,85.0909957885742
108.975082038745,-104.902168273926,-60.3733749389648,85.498161315918
108.991749172535,-105.049827575684,-60.260383605957,85.8827056884766
109.008416306324,-105.214920043945,-60.1094818115234,86.2721405029297
109.025083440113,-105.373840332031,-59.9671096801758,86.6209259033203
109.041750573902,-105.537322998047,-59.8418235778809,86.942268371582
109.058417707693,-105.737091064453,-59.7257080078125,87.2623062133789
109.075084841481,-105.992866516113,-59.6443939208984,87.5872116088867
109.091751975271,-106.308662414551,-59.5395126342773,87.9363479614258
109.10841910906,-106.725105285645,-59.5131607055664,88.341438293457
109.12508624285,-107.25146484375,-59.4808540344238,88.8413467407227
109.141753376639,-107.877616882324,-59.4610862731934,89.4181365966797
109.158420510428,-108.464447021484,-59.4041290283203,89.9373092651367
109.175087644217,-108.888244628906,-59.2221603393555,90.2524185180664
109.191754778007,-109.102828979492,-59.1900291442871,90.2695159912109
109.208421911797,-109.496940612793,-59.3013610839844,90.3702239990234
109.225089045585,-109.804885864258,-59.2808456420898,90.2840118408203
109.241756179375,-110.276344299316,-59.3980903625488,90.2842178344727
109.258423313165,-110.875030517578,-59.568302154541,90.3147583007812
109.275090446954,-111.824028015137,-59.9804458618164,90.5743179321289
109.291757580743,-112.848907470703,-59.9597587585449,90.9558029174805
109.308424714533,-113.860260009766,-59.8168525695801,91.3130264282227
109.325091848322,-114.819236755371,-59.7714309692383,91.6557846069336
109.341758982111,-115.645843505859,-59.6797637939453,91.8464126586914
109.358426115901,-116.232757568359,-59.5027847290039,91.7529678344727
109.37509324969,-116.49600982666,-59.3039054870605,91.3051300048828
109.39176038348,-116.427200317383,-59.1724243164062,90.4881744384766
109.408427517269,-116.05298614502,-59.087215423584,89.3310852050781
109.425094651058,-115.453254699707,-59.1005973815918,87.8816528320312
109.441761784848,-114.652320861816,-59.1804084777832,86.2035293579102
109.458428918637,-113.787948608398,-59.3400917053223,84.4186248779297
109.475096052426,-113.024131774902,-59.6084823608398,82.6898651123047
109.491763186215,-112.440803527832,-59.9843826293945,81.1018142700195
109.508430320006,-112.073631286621,-60.4120674133301,79.71435546875
109.525097453794,-111.940322875977,-60.872013092041,78.5988540649414
109.541764587584,-111.883827209473,-61.3894538879395,77.6040191650391
109.558431721373,-111.864219665527,-61.8843154907227,76.6840133666992
109.575098855163,-111.873641967773,-62.3524360656738,75.8323364257812
109.591765988952,-111.868186950684,-62.8119239807129,74.9909973144531
109.608433122741,-111.845016479492,-63.2947692871094,74.1768035888672
109.62510025653,-111.868301391602,-63.7356643676758,73.4526748657227
109.64176739032,-111.888656616211,-64.1769638061523,72.7864456176758
109.65843452411,-111.978332519531,-64.590446472168,72.2428665161133
109.675101657898,-112.11799621582,-64.9703140258789,71.8302764892578
109.691768791688,-112.264213562012,-65.2993469238281,71.5246200561523
109.708435925478,-112.366882324219,-65.5808029174805,71.2630386352539
109.725103059267,-112.425476074219,-65.8483734130859,70.9919662475586
109.741770193056,-112.380325317383,-66.203254699707,70.5992050170898
109.758437326846,-112.229698181152,-66.6733627319336,70.0619583129883
109.775104460635,-112.047988891602,-66.9703369140625,69.5123138427734
109.791771594424,-111.54020690918,-66.9629821777344,68.6915740966797
109.808438728214,-111.249244689941,-67.3478775024414,68.1731109619141
109.825105862003,-111.013389587402,-67.4861297607422,67.7919082641602
109.841772995793,-111.1552734375,-67.7551879882812,67.7742538452148
109.858440129582,-111.384391784668,-68.0554809570312,67.9351654052734
109.875107263371,-111.755126953125,-68.4305191040039,68.2711334228516
109.891774397161,-112.177597045898,-68.7099304199219,68.691780090332
109.90844153095,-112.376876831055,-68.9838180541992,68.9285736083984
109.925108664739,-112.51065826416,-69.1854019165039,69.2337493896484
109.941775798528,-112.494720458984,-69.323356628418,69.4901504516602
109.958442932319,-112.308258056641,-69.3343734741211,69.6627731323242
109.975110066107,-111.911193847656,-69.1894760131836,69.7331161499023
109.991777199897,-111.406478881836,-68.9769439697266,69.7764587402344
110.008444333686,-110.848052978516,-68.702507019043,69.8507995605469
110.025111467476,-110.39241027832,-68.3878021240234,70.0881881713867
110.041778601265,-110.101913452148,-68.0411987304688,70.482795715332
110.058445735054,-110.000328063965,-67.7233428955078,71.0599212646484
110.075112868843,-110.056968688965,-67.4266891479492,71.7844696044922
110.091780002633,-110.172927856445,-67.1438369750977,72.5581359863281
110.108447136423,-110.27702331543,-66.8533096313477,73.3278121948242
110.125114270211,-110.332275390625,-66.5552978515625,74.0896911621094
110.141781404001,-110.378944396973,-66.2177429199219,74.8644409179688
110.158448537791,-110.42073059082,-65.8755416870117,75.6539077758789
110.17511567158,-110.433448791504,-65.5309600830078,76.4148788452148
110.191782805369,-110.361206054688,-65.208984375,77.0891799926758
110.208449939159,-110.263595581055,-64.8997268676758,77.6985549926758
110.225117072948,-110.18074798584,-64.6420288085938,78.2684631347656
110.241784206737,-110.171714782715,-64.3979034423828,78.8412857055664
110.258451340527,-110.206245422363,-64.1601638793945,79.3865661621094
110.275118474316,-110.324287414551,-63.9539527893066,79.9284362792969
110.291785608106,-110.550170898438,-63.7685928344727,80.4801483154297
110.308452741895,-110.862113952637,-63.6179389953613,81.0121154785156
110.325119875684,-111.254570007324,-63.4858093261719,81.5507431030273
110.341787009474,-111.744689941406,-63.3844375610352,82.1205139160156
110.358454143263,-112.322769165039,-63.2945938110352,82.7227554321289
110.375121277052,-112.791648864746,-63.1926803588867,83.1743392944336
110.391788410841,-113.099510192871,-63.0822830200195,83.4571228027344
110.408455544632,-113.306350708008,-62.7894325256348,83.632568359375
110.42512267842,-113.353530883789,-62.5705299377441,83.6435928344727
110.44178981221,-113.772109985352,-62.6842041015625,83.9876403808594
110.458456945999,-114.159446716309,-62.5886650085449,84.2573165893555
110.475124079789,-114.55933380127,-62.7136039733887,84.3822174072266
110.491791213578,-115.039222717285,-63.0246772766113,84.5719909667969
110.508458347367,-115.507446289062,-63.1565208435059,84.7071762084961
110.525125481156,-116.113815307617,-63.128734588623,84.9820175170898
110.541792614946,-116.722595214844,-62.9742774963379,85.3126831054688
110.558459748736,-117.33561706543,-62.7639465332031,85.6370468139648
110.575126882524,-117.775192260742,-62.4631958007812,85.8011627197266
110.591794016314,-117.933883666992,-62.0874443054199,85.6560287475586
110.608461150104,-117.817909240723,-61.791862487793,85.1813430786133
110.625128283893,-117.457000732422,-61.6093711853027,84.4178009033203
110.641795417682,-116.947387695312,-61.5157585144043,83.4575500488281
110.658462551472,-116.362106323242,-61.5062103271484,82.3987579345703
110.675129685261,-115.769149780273,-61.5593605041504,81.3188705444336
110.69179681905,-115.252014160156,-61.6538505554199,80.3082809448242
110.70846395284,-114.906311035156,-61.7792587280273,79.4943313598633
110.725131086629,-114.713958740234,-61.9591941833496,78.8584289550781
110.741798220419,-114.639862060547,-62.1343536376953,78.3450698852539
110.758465354208,-114.577781677246,-62.290397644043,77.8831558227539
110.775132487997,-114.433616638184,-62.431468963623,77.4107666015625
110.791799621787,-114.223190307617,-62.5204391479492,76.9601135253906
110.808466755576,-113.966506958008,-62.5489807128906,76.5426712036133
110.825133889365,-113.68546295166,-62.588249206543,76.1843109130859
110.841801023154,-113.395454406738,-62.6537895202637,75.8946990966797
110.858468156945,-113.152702331543,-62.7203712463379,75.7161331176758
110.875135290733,-112.946441650391,-62.8024826049805,75.6460876464844
110.891802424523,-112.747657775879,-62.8620643615723,75.691162109375
110.908469558312,-112.522254943848,-62.8915367126465,75.816047668457
110.925136692102,-112.24658203125,-62.9253044128418,75.9341735839844
110.941803825891,-111.854934692383,-62.964542388916,75.9401168823242
110.95847095968,-111.300888061523,-63.0310211181641,75.7576599121094
110.975138093469,-110.641555786133,-63.0944328308105,75.4367370605469
110.991805227259,-109.971733093262,-63.1072120666504,75.0553665161133
111.008472361049,-109.208839416504,-62.7426795959473,74.5807723999023
111.025139494837,-108.177467346191,-62.4088172912598,73.8855895996094
111.041806628627,-107.476181030273,-62.2156410217285,73.575569152832
111.058473762417,-106.78776550293,-62.1557273864746,73.2160186767578
111.075140896206,-106.434440612793,-62.1715431213379,73.1655502319336
111.091808029995,-106.298446655273,-62.3528099060059,73.2943954467773
111.108475163785,-106.184867858887,-62.6056594848633,73.41943359375
111.125142297574,-106.03946685791,-62.6966438293457,73.4997634887695
111.141809431363,-105.592224121094,-62.9863471984863,73.3199768066406
111.158476565153,-105.073905944824,-63.0142860412598,73.2213134765625
111.175143698942,-104.469886779785,-62.9711952209473,73.0783004760742
111.191810832732,-103.798347473145,-62.7566795349121,72.9758605957031
111.208477966521,-103.138198852539,-62.5158004760742,72.95947265625
111.22514510031,-102.55192565918,-62.2189750671387,73.0751495361328
111.2418122341,-102.083305358887,-61.9730796813965,73.311164855957
111.258479367889,-101.833038330078,-61.7601699829102,73.7275390625
111.275146501678,-101.855606079102,-61.6242485046387,74.3726348876953
111.291813635467,-102.130126953125,-61.5305061340332,75.2273254394531
111.308480769258,-102.580856323242,-61.4622764587402,76.2325668334961
111.325147903046,-103.073959350586,-61.3735198974609,77.2702560424805
111.341815036836,-103.522537231445,-61.2507553100586,78.2736282348633
111.358482170625,-103.88729095459,-61.0820808410645,79.2095565795898
111.375149304415,-104.179801940918,-60.8843955993652,80.0871124267578
111.391816438204,-104.402542114258,-60.6787528991699,80.8619232177734
111.408483571993,-104.568458557129,-60.4643478393555,81.5199661254883
111.425150705782,-104.695899963379,-60.2337875366211,82.0704956054688
111.441817839572,-104.778671264648,-60.0153503417969,82.5021438598633
111.458484973362,-104.832313537598,-59.8353729248047,82.8036346435547
111.47515210715,-104.959831237793,-59.672679901123,83.0700759887695
111.49181924094,-105.184074401855,-59.5442085266113,83.3388748168945
111.50848637473,-105.526679992676,-59.4273109436035,83.6425933837891
111.525153508519,-105.962104797363,-59.3484077453613,83.9431686401367
111.541820642308,-106.509437561035,-59.2756805419922,84.2879104614258
111.558487776098,-107.198837280273,-59.2034187316895,84.7452621459961
111.575154909887,-108.022216796875,-59.1427879333496,85.304931640625
111.591822043676,-108.84992980957,-59.0769691467285,85.8738250732422
111.608489177466,-109.62198638916,-58.9607009887695,86.4269714355469
111.625156311255,-110.241889953613,-58.6566467285156,86.8582153320312
111.641823445045,-110.749801635742,-58.5917816162109,87.1667404174805
111.658490578834,-111.387535095215,-58.6030158996582,87.6166229248047
111.675157712623,-112.096702575684,-58.6329689025879,88.0969696044922
111.691824846413,-112.878143310547,-58.7975616455078,88.5762176513672
111.708491980202,-113.742721557617,-59.213623046875,89.058219909668
111.725159113991,-114.609809875488,-59.4092674255371,89.6059799194336
111.74182624778,-115.384780883789,-59.3614463806152,90.1562957763672
111.758493381571,-116.002593994141,-59.2764129638672,90.6301803588867
111.775160515359,-116.517944335938,-59.1601142883301,91.035758972168
111.791827649149,-116.777442932129,-58.9266166687012,91.1859283447266
111.808494782938,-116.685234069824,-58.6074638366699,90.9775009155273
111.825161916728,-116.292274475098,-58.3913230895996,90.4540023803711
111.841829050517,-115.633522033691,-58.2539749145508,89.6374740600586
111.858496184306,-114.842269897461,-58.1927261352539,88.6467132568359
111.875163318095,-113.987091064453,-58.2043991088867,87.562629699707
111.891830451885,-113.12166595459,-58.2667045593262,86.4455718994141
111.908497585675,-112.302879333496,-58.3810348510742,85.3472671508789
111.925164719463,-111.581985473633,-58.5065536499023,84.3362350463867
111.941831853253,-111.018692016602,-58.636962890625,83.4954376220703
111.958498987043,-110.562767028809,-58.8173904418945,82.7763366699219
111.975166120832,-110.200584411621,-58.9313430786133,82.1625900268555
111.991833254621,-109.886383056641,-59.007755279541,81.6188659667969
112.008500388411,-109.588760375977,-59.0744171142578,81.1327133178711
112.0251675222,-109.269485473633,-59.1142425537109,80.6539077758789
112.041834655989,-108.929016113281,-59.1666450500488,80.1842803955078
112.058501789779,-108.593170166016,-59.2521018981934,79.7694473266602
112.075168923568,-108.341575622559,-59.3435401916504,79.4618835449219
112.091836057358,-108.221084594727,-59.4122772216797,79.3334045410156
112.108503191147,-108.173263549805,-59.4333686828613,79.3351058959961
112.125170324936,-108.178916931152,-59.4265403747559,79.46435546875
112.141837458726,-108.204528808594,-59.4129867553711,79.6538009643555
112.158504592515,-108.143463134766,-59.4170303344727,79.7598724365234
112.175171726304,-108.030601501465,-59.5473251342773,79.8083724975586
112.191838860093,-107.891639709473,-59.7435150146484,79.8335571289062
112.208505993884,-107.767028808594,-59.9423751831055,79.8568344116211
112.225173127672,-107.675498962402,-60.0326499938965,79.9314422607422
112.241840261462,-107.419853210449,-59.7223014831543,79.9007263183594
112.258507395251,-107.224365234375,-60.045955657959,79.9586029052734
112.275174529041,-107.224052429199,-60.1702842712402,80.2796096801758
112.29184166283,-107.49739074707,-60.4731826782227,80.7659454345703
112.308508796619,-107.900978088379,-60.8815269470215,81.4409484863281
112.325175930408,-108.372207641602,-61.387622833252,82.1393127441406
112.341843064198,-108.745712280273,-61.8485794067383,82.724983215332
112.358510197988,-108.754165649414,-62.1650161743164,82.9560546875
112.375177331776,-108.61206817627,-62.5511589050293,83.0781478881836
112.391844465566,-108.133148193359,-62.7021484375,82.9095077514648
112.408511599356,-107.417640686035,-62.7250709533691,82.5204162597656
112.425178733145,-106.449424743652,-62.5785713195801,81.9401473999023
112.441845866934,-105.357360839844,-62.3790130615234,81.2802352905273
112.458513000724,-104.311515808105,-62.1268692016602,80.6772537231445
112.475180134513,-103.507789611816,-61.8570137023926,80.3183975219727
112.491847268302,-103.052520751953,-61.6415786743164,80.2820892333984
112.508514402092,-102.995567321777,-61.5171508789062,80.6001968383789
112.525181535881,-103.27904510498,-61.4954376220703,81.2185897827148
112.541848669671,-103.832946777344,-61.5594444274902,82.0692901611328
112.55851580346,-104.554351806641,-61.646125793457,83.070182800293
112.575182937249,-105.299674987793,-61.7079849243164,84.0865020751953
112.591850071039,-105.96947479248,-61.7300262451172,85.0196075439453
112.608517204828,-106.498275756836,-61.69189453125,85.8037414550781
112.625184338617,-106.889427185059,-61.6045036315918,86.4348983764648
112.641851472406,-107.183715820312,-61.4698677062988,86.9354629516602
112.658518606197,-107.424468994141,-61.3075675964355,87.3358459472656
112.675185739985,-107.676147460938,-61.1278839111328,87.6903457641602
112.691852873775,-107.95728302002,-60.9255065917969,88.0338821411133
112.708520007564,-108.241355895996,-60.6789360046387,88.3357086181641
112.725187141354,-108.533752441406,-60.4897537231445,88.6305923461914
112.741854275143,-108.860679626465,-60.3489570617676,88.9389190673828
112.758521408932,-109.233444213867,-60.2582588195801,89.2448348999023
112.775188542721,-109.6357421875,-60.1832962036133,89.547966003418
112.791855676511,-110.063499450684,-60.1508941650391,89.8588485717773
112.808522810301,-110.551460266113,-60.1304931640625,90.1847381591797
112.825189944089,-111.061462402344,-60.0755500793457,90.4876861572266
112.841857077879,-111.491928100586,-59.9589729309082,90.6750717163086
112.858524211669,-111.765823364258,-59.6826591491699,90.6851959228516
112.875191345458,-111.752487182617,-59.3872528076172,90.3959197998047
112.891858479247,-111.818374633789,-59.3446044921875,90.1760864257812
112.908525613037,-111.989227294922,-59.1453895568848,90.0466918945312
112.925192746826,-112.348373413086,-59.145881652832,90.0150909423828
112.941859880615,-112.963943481445,-59.3593521118164,90.2405624389648
112.958527014405,-113.797164916992,-59.276611328125,90.777473449707
112.975194148194,-114.509880065918,-58.9175262451172,91.2241592407227
112.991861281984,-115.169296264648,-58.6685447692871,91.7202453613281
113.008528415773,-115.653816223145,-58.3932342529297,92.0971069335938
113.025195549562,-115.910659790039,-58.0641212463379,92.2319488525391
113.041862683352,-115.906204223633,-57.7278518676758,92.0933303833008
113.058529817141,-115.663887023926,-57.4722023010254,91.6740798950195
113.07519695093,-115.186241149902,-57.2949256896973,90.9865798950195
113.091864084719,-114.578392028809,-57.2037963867188,90.1300201416016
113.10853121851,-113.888771057129,-57.1887321472168,89.1551895141602
113.125198352299,-113.167495727539,-57.262882232666,88.1084594726562
113.141865486088,-112.491920471191,-57.4221382141113,87.0515365600586
113.158532619877,-111.880210876465,-57.6107139587402,86.0320053100586
113.175199753667,-111.401748657227,-57.8100929260254,85.1530990600586
113.191866887456,-111.021102905273,-58.0344657897949,84.406135559082
113.208534021245,-110.706237792969,-58.2074546813965,83.756103515625
113.225201155034,-110.445243835449,-58.340145111084,83.2073516845703
113.241868288824,-110.205337524414,-58.4512519836426,82.7505874633789
113.258535422614,-109.95915222168,-58.5063552856445,82.3487243652344
113.275202556403,-109.61434173584,-58.557918548584,81.9458618164062
113.291869690192,-109.216270446777,-58.5779228210449,81.5572204589844
113.308536823982,-108.779670715332,-58.625057220459,81.2269058227539
113.325203957771,-108.426399230957,-58.6759834289551,81.0272674560547
113.34187109156,-108.185638427734,-58.7151832580566,80.9850082397461
113.35853822535,-108.028594970703,-58.7414588928223,81.0691986083984
113.375205359139,-107.890693664551,-58.7873229980469,81.2071380615234
113.391872492928,-107.694953918457,-58.8986358642578,81.2815551757812
113.408539626718,-107.526245117188,-59.1020431518555,81.3461837768555
113.425206760508,-107.413009643555,-59.3565368652344,81.3950805664062
113.441873894297,-107.257034301758,-59.6113014221191,81.3873901367188
113.458541028086,-107.102523803711,-59.4452667236328,81.4044570922852
113.475208161875,-106.593955993652,-59.4138298034668,81.1568450927734
113.491875295665,-106.643089294434,-59.6118087768555,81.5630416870117
113.508542429454,-106.534507751465,-59.6932029724121,81.7700500488281
113.525209563243,-106.795310974121,-59.9788818359375,82.29736328125
113.541876697032,-107.11393737793,-60.428050994873,82.8446807861328
113.558543830823,-107.39533996582,-60.7099609375,83.2937088012695
113.575210964612,-107.40705871582,-61.2400016784668,83.4227294921875
113.591878098401,-107.043113708496,-61.5208320617676,83.2553176879883
113.60854523219,-106.435005187988,-61.680591583252,82.8342971801758
113.62521236598,-105.474388122559,-61.557544708252,82.134391784668
113.641879499769,-104.35424041748,-61.3203811645508,81.3379898071289
113.658546633558,-103.210945129395,-60.9737701416016,80.5945663452148
113.675213767347,-102.272621154785,-60.6198425292969,80.0785751342773
113.691880901137,-101.637359619141,-60.2864608764648,79.84912109375
113.708548034927,-101.40446472168,-60.0260047912598,80.0030212402344
113.725215168716,-101.596748352051,-59.8370399475098,80.5580291748047
113.741882302505,-102.100151062012,-59.7441902160645,81.4219436645508
113.758549436295,-102.753700256348,-59.6902465820312,82.4617385864258
113.775216570084,-103.444213867188,-59.6493606567383,83.5434265136719
113.791883703873,-104.043128967285,-59.5840835571289,84.535285949707
113.808550837663,-104.521820068359,-59.4992866516113,85.3995971679688
113.825217971452,-104.8466796875,-59.419189453125,86.0885925292969
113.841885105241,-105.044303894043,-59.315746307373,86.6007461547852
113.858552239031,-105.189491271973,-59.2294960021973,86.9921493530273
113.875219372821,-105.276466369629,-59.1250343322754,87.2443084716797
113.89188650661,-105.33553314209,-59.0054931640625,87.3939361572266
113.908553640399,-105.429168701172,-58.8683891296387,87.5049743652344
113.925220774188,-105.56575012207,-58.8098564147949,87.5414810180664
113.941887907978,-105.792640686035,-58.8185768127441,87.5791091918945
113.958555041767,-106.099967956543,-58.8669509887695,87.6118316650391
113.975222175556,-106.440643310547,-58.925121307373,87.6523284912109
113.991889309345,-106.820472717285,-58.9674491882324,87.7450714111328
114.008556443136,-107.295967102051,-59.0084991455078,87.9737091064453
114.025223576925,-107.877494812012,-59.0920372009277,88.3413772583008
114.041890710714,-108.501396179199,-59.1488990783691,88.7970809936523
114.058557844503,-109.083610534668,-59.2216186523438,89.2208404541016
114.075224978293,-109.678001403809,-59.2034873962402,89.6482315063477
114.091892112082,-110.009819030762,-59.1350135803223,89.7767028808594
114.108559245871,-110.541854858398,-59.667911529541,90.0275421142578
114.12522637966,-111.210891723633,-59.9987716674805,90.4437026977539
114.14189351345,-111.999473571777,-60.3806343078613,90.7893524169922
114.15856064724,-112.925178527832,-61.0128517150879,91.148323059082
114.175227781029,-113.808685302734,-61.4312362670898,91.4470062255859
114.191894914818,-114.637542724609,-61.7425117492676,91.6691513061523
114.208562048608,-115.217849731445,-61.7656059265137,91.7728042602539
114.225229182397,-115.704551696777,-61.6253280639648,91.8022842407227
114.241896316186,-116.013008117676,-61.3053817749023,91.6802978515625
114.258563449976,-116.04931640625,-60.9219398498535,91.3124542236328
114.275230583765,-115.821334838867,-60.5984497070312,90.7348785400391
114.291897717554,-115.360572814941,-60.3419075012207,89.9732055664062
114.308564851344,-114.763259887695,-60.1798210144043,89.0977478027344
114.325231985134,-114.148788452148,-60.1427536010742,88.2169952392578
114.341899118923,-113.581047058105,-60.1880645751953,87.3980941772461
114.358566252712,-113.106079101562,-60.2978820800781,86.6917877197266
114.375233386501,-112.723091125488,-60.5047721862793,86.1197738647461
114.391900520291,-112.407051086426,-60.7166862487793,85.6288757324219
114.40856765408,-112.058929443359,-60.8743057250977,85.1242370605469
114.425234787869,-111.715484619141,-60.9799919128418,84.6511383056641
114.441901921658,-111.38695526123,-61.0522613525391,84.2220001220703
114.458569055449,-111.093650817871,-61.0712432861328,83.8271408081055
114.475236189238,-110.814353942871,-61.131908416748,83.4882278442383
114.491903323027,-110.534973144531,-61.1967811584473,83.1926651000977
114.508570456816,-110.285247802734,-61.2668380737305,82.9634780883789
114.525237590606,-110.092422485352,-61.3643455505371,82.8602600097656
114.541904724395,-110.01734161377,-61.4435424804688,82.9275512695312
114.558571858184,-110.079139709473,-61.4950561523438,83.1870803833008
114.575238991973,-110.185020446777,-61.557502746582,83.5883331298828
114.591906125763,-110.26936340332,-61.6512413024902,84.0262145996094
114.608573259553,-110.287017822266,-61.7540512084961,84.4346771240234
114.625240393342,-110.194519042969,-61.8660430908203,84.762092590332
114.641907527131,-110.001663208008,-61.9986915588379,85.0137557983398
114.658574660921,-109.736740112305,-62.110954284668,85.2181243896484
114.67524179471,-109.481231689453,-62.0392646789551,85.4315948486328
114.691908928499,-109.004455566406,-61.9533767700195,85.4606094360352
114.708576062289,-109.20108795166,-62.4696807861328,86.1429138183594
114.725243196078,-109.504112243652,-62.6538848876953,86.9586868286133
114.741910329867,-110.329330444336,-63.0343475341797,88.1459274291992
114.758577463657,-111.18529510498,-63.470142364502,89.3546447753906
114.775244597447,-112.040321350098,-63.8466949462891,90.4746322631836
114.791911731236,-112.472106933594,-64.1659317016602,91.1743087768555
114.808578865025,-112.774726867676,-64.4687728881836,91.8034591674805
114.825245998814,-112.858406066895,-64.6478881835938,92.2988739013672
114.841913132604,-112.76001739502,-64.6686172485352,92.6954574584961
114.858580266393,-112.4755859375,-64.5826721191406,92.9777450561523
114.875247400182,-112.15193939209,-64.5684127807617,93.2508544921875
114.891914533971,-111.976776123047,-64.6468658447266,93.7004623413086
114.908581667762,-112.196640014648,-64.8209991455078,94.5431900024414
114.925248801551,-112.989601135254,-65.1112365722656,95.9159317016602
114.94191593534,-114.46556854248,-65.5018768310547,97.8819808959961
114.958583069129,-116.604499816895,-65.974235534668,100.42797088623
114.975250202919,-119.321258544922,-66.4632110595703,103.486938476562
114.991917336708,-122.485717773438,-66.9214859008789,106.937461853027
115.008584470497,-125.91268157959,-67.3128128051758,110.628135681152
115.025251604286,-129.357192993164,-67.6311645507812,114.327186584473
115.041918738076,-132.591506958008,-67.8344192504883,117.820381164551
115.058585871866,-135.364395141602,-67.9112854003906,120.854202270508
115.075253005655,-137.640655517578,-67.9278411865234,123.389625549316
115.091920139444,-139.419860839844,-67.8521347045898,125.421752929688
115.108587273234,-140.828247070312,-67.7027053833008,127.061614990234
115.125254407023,-142.028732299805,-67.5798492431641,128.427368164062
115.141921540812,-143.098999023438,-67.4767608642578,129.609817504883
115.158588674602,-144.150772094727,-67.3760299682617,130.715606689453
115.175255808391,-145.185989379883,-67.2437057495117,131.763275146484
115.19192294218,-146.235946655273,-67.1424713134766,132.769836425781
115.20859007597,-147.258636474609,-67.0249786376953,133.708511352539
115.22525720976,-148.338668823242,-66.9168395996094,134.689804077148
115.241924343549,-149.561172485352,-66.8158493041992,135.789962768555
115.258591477338,-150.650054931641,-66.7202911376953,136.753814697266
115.275258611127,-151.373260498047,-66.6607360839844,137.333587646484
115.291925744917,-151.45751953125,-66.6032333374023,137.233825683594
115.308592878706,-150.685989379883,-66.5617828369141,136.295471191406
115.325260012495,-150.835235595703,-67.0062637329102,136.237426757812
115.341927146284,-150.352203369141,-67.1383666992188,135.506607055664
115.358594280075,-149.700424194336,-67.3851928710938,134.408096313477
115.375261413864,-149.705627441406,-67.7861328125,133.908416748047
115.391928547653,-149.367309570312,-68.026725769043,133.003158569336
115.408595681442,-149.252151489258,-68.1203765869141,132.255081176758
115.425262815232,-148.506622314453,-67.8694763183594,130.956741333008
115.441929949021,-147.350051879883,-67.4331512451172,129.313766479492
115.45859708281,-145.852401733398,-66.8850173950195,127.396362304688
115.475264216599,-143.820816040039,-66.2249603271484,124.967819213867
115.491931350389,-141.690765380859,-65.719856262207,122.428398132324
115.508598484179,-139.481323242188,-65.3777389526367,119.813926696777
115.525265617968,-137.203887939453,-65.1649932861328,117.086151123047
115.541932751757,-134.95442199707,-65.0461883544922,114.350662231445
115.558599885547,-132.783172607422,-64.9814529418945,111.690330505371
115.575267019336,-130.740005493164,-64.9657287597656,109.152008056641
115.591934153125,-128.935241699219,-64.9596862792969,106.871887207031
115.608601286915,-127.307327270508,-64.8933792114258,104.793243408203
115.625268420704,-126.058738708496,-64.8972320556641,103.194580078125
115.641935554493,-124.939979553223,-64.8526077270508,101.738410949707
115.658602688283,-123.952323913574,-64.7309036254883,100.474632263184
115.675269822073,-123.080062866211,-64.5722045898438,99.3955535888672
115.691936955862,-122.292778015137,-64.4238510131836,98.4720001220703
115.708604089651,-121.538284301758,-64.2500534057617,97.6648864746094
115.72527122344,-120.794357299805,-64.0986328125,96.9512481689453
115.74193835723,-120.211204528809,-63.9994659423828,96.4529495239258
115.758605491019,-119.752014160156,-63.910961151123,96.138542175293
115.775272624808,-119.420104980469,-63.8089065551758,96.0169372558594
115.791939758597,-119.161628723145,-63.6726379394531,96.0427474975586
115.808606892388,-118.883361816406,-63.5423927307129,96.1092834472656
115.825274026177,-118.525917053223,-63.4453735351562,96.1189422607422
115.841941159966,-118.119651794434,-63.4659538269043,96.0761413574219
115.858608293755,-117.731559753418,-63.5487899780273,96.045295715332
115.875275427545,-117.34757232666,-63.5066299438477,96.0013046264648
115.891942561334,-116.657691955566,-63.100341796875,95.6819152832031
115.908609695123,-116.191452026367,-63.3069763183594,95.6473770141602
115.925276828913,-115.743064880371,-63.2061195373535,95.7273788452148
115.941943962702,-115.661918640137,-63.1548042297363,96.0870819091797
115.958611096492,-115.601448059082,-63.2250595092773,96.4553375244141
115.975278230281,-115.630332946777,-63.3425598144531,96.8419952392578
115.99194536407,-115.387069702148,-63.3332710266113,96.8414077758789
116.00861249786,-114.895843505859,-63.4906120300293,96.5613250732422
116.025279631649,-114.160232543945,-63.5848426818848,96.0756607055664
116.041946765438,-113.220184326172,-63.5838317871094,95.3937454223633
116.058613899228,-112.244728088379,-63.4308967590332,94.7263870239258
116.075281033018,-111.303314208984,-63.152156829834,94.1798324584961
116.091948166806,-110.589263916016,-62.8595085144043,93.9566268920898
116.108615300596,-110.066345214844,-62.520336151123,93.9894180297852
116.125282434386,-109.761962890625,-62.1668815612793,94.286994934082
116.141949568175,-109.688331604004,-61.8410186767578,94.8412399291992
116.158616701964,-109.818634033203,-61.5706100463867,95.608642578125
116.175283835753,-110.079132080078,-61.3341903686523,96.5108184814453
116.191950969543,-110.405044555664,-61.1160011291504,97.4607391357422
116.208618103332,-110.697044372559,-60.9099082946777,98.3621597290039
116.225285237122,-110.921028137207,-60.730525970459,99.1808929443359
116.24195237091,-111.105514526367,-60.5643119812012,99.9351119995117
116.258619504701,-111.289733886719,-60.4199028015137,100.647430419922
116.27528663849,-111.489700317383,-60.2723236083984,101.312637329102
116.291953772279,-111.669799804688,-60.1333694458008,101.885383605957
116.308620906068,-111.793685913086,-60.0057258605957,102.313629150391
116.325288039858,-111.953796386719,-59.9000358581543,102.717964172363
116.341955173647,-112.219352722168,-59.7931213378906,103.160926818848
116.358622307436,-112.591247558594,-59.6669082641602,103.641998291016
116.375289441226,-113.100975036621,-59.5764350891113,104.215675354004
116.391956575015,-113.689079284668,-59.5217514038086,104.822166442871
116.408623708805,-114.333656311035,-59.5147514343262,105.434814453125
116.425290842594,-114.963096618652,-59.5094909667969,106.023162841797
116.441957976383,-115.593620300293,-59.5076217651367,106.583168029785
116.458625110173,-116.230133056641,-59.5732574462891,107.138000488281
116.475292243962,-116.83846282959,-59.6501045227051,107.656127929688
116.491959377751,-117.29280090332,-59.5455207824707,108.00235748291
116.508626511541,-117.496292114258,-59.5009002685547,108.091720581055
116.525293645331,-117.829315185547,-59.7215957641602,108.29736328125
116.541960779119,-117.992294311523,-59.7371215820312,108.350479125977
116.558627912909,-118.285682678223,-59.9840545654297,108.486770629883
116.575295046699,-118.727592468262,-60.3096160888672,108.713302612305
116.591962180488,-119.189018249512,-60.5311470031738,108.987747192383
116.608629314277,-119.735443115234,-60.656566619873,109.442558288574
116.625296448066,-120.160804748535,-60.6115303039551,109.866897583008
116.641963581856,-120.552604675293,-60.600513458252,110.290374755859
116.658630715645,-120.810791015625,-60.5408630371094,110.624031066895
116.675297849435,-120.816871643066,-60.3550491333008,110.694358825684
116.691964983223,-120.554222106934,-60.2368927001953,110.501617431641
116.708632117014,-119.992942810059,-60.1615447998047,110.006103515625
116.725299250803,-119.219245910645,-60.1143531799316,109.275955200195
116.741966384592,-118.30721282959,-60.0966415405273,108.397178649902
116.758633518381,-117.31005859375,-60.1417579650879,107.403144836426
116.775300652171,-116.370971679688,-60.2464218139648,106.452659606934
116.79196778596,-115.561256408691,-60.333854675293,105.609962463379
116.808634919749,-114.926239013672,-60.4239730834961,104.964569091797
116.825302053539,-114.461334228516,-60.5999336242676,104.524711608887
116.841969187328,-114.060516357422,-60.765209197998,104.145919799805
116.858636321118,-113.659736633301,-60.893684387207,103.771339416504
116.875303454907,-113.268821716309,-61.003173828125,103.421226501465
116.891970588696,-112.847068786621,-61.0802726745605,103.045845031738
116.908637722486,-112.407173156738,-61.1342582702637,102.667350769043
116.925304856275,-111.935607910156,-61.1721801757812,102.274154663086
116.941971990064,-111.498657226562,-61.2028198242188,101.91886138916
116.958639123854,-111.215240478516,-61.226676940918,101.709754943848
116.975306257644,-111.098793029785,-61.2411842346191,101.691345214844
116.991973391432,-111.186592102051,-61.252269744873,101.909606933594
117.008640525222,-111.437057495117,-61.2509384155273,102.345809936523
117.025307659012,-111.765731811523,-61.2272834777832,102.889366149902
117.041974792801,-112.031188964844,-61.2393264770508,103.390754699707
117.05864192659,-112.189094543457,-61.3624267578125,103.798583984375
117.075309060379,-112.309814453125,-61.5166511535645,104.19694519043
117.091976194169,-112.348495483398,-61.5981369018555,104.53547668457
117.108643327958,-112.268943786621,-61.4518814086914,104.780303955078
117.125310461748,-111.742164611816,-60.8377799987793,104.693603515625
117.141977595536,-111.330390930176,-60.977165222168,104.783729553223
117.158644729327,-111.330474853516,-60.9368515014648,105.333602905273
117.175311863116,-111.675239562988,-60.8773612976074,106.132476806641
117.191978996905,-112.453025817871,-60.9489822387695,107.372680664062
117.208646130694,-113.297073364258,-61.1303520202637,108.627479553223
117.225313264484,-114.039306640625,-61.277889251709,109.758827209473
117.241980398273,-114.361450195312,-61.4701881408691,110.470275878906
117.258647532062,-114.41414642334,-61.5653533935547,110.962280273438
117.275314665852,-114.070083618164,-61.5519638061523,111.115142822266
117.291981799641,-113.41316986084,-61.3636360168457,111.033058166504
117.308648933431,-112.534759521484,-61.1442565917969,110.794410705566
117.32531606722,-111.597755432129,-60.8963279724121,110.556015014648
117.341983201009,-110.753471374512,-60.6565055847168,110.425346374512
117.358650334799,-110.108894348145,-60.4561920166016,110.496559143066
117.375317468588,-109.721336364746,-60.320858001709,110.791923522949
117.391984602377,-109.609931945801,-60.2355155944824,111.306022644043
117.408651736167,-109.724990844727,-60.1835899353027,111.998458862305
117.425318869957,-109.944564819336,-60.1492958068848,112.749237060547
117.441986003745,-110.192611694336,-60.0801887512207,113.513381958008
117.458653137535,-110.354637145996,-60.0078353881836,114.189315795898
117.475320271325,-110.461296081543,-59.9620246887207,114.784309387207
117.491987405114,-110.585372924805,-59.9134979248047,115.362213134766
117.508654538903,-110.746635437012,-59.8324432373047,115.938774108887
117.525321672692,-110.933868408203,-59.7331886291504,116.505416870117
117.541988806482,-111.111480712891,-59.6074905395508,117.024391174316
117.558655940271,-111.257888793945,-59.4744682312012,117.450759887695
117.575323074061,-111.406394958496,-59.3450813293457,117.797325134277
117.591990207849,-111.61018371582,-59.2702255249023,118.107620239258
117.60865734164,-111.914161682129,-59.2407531738281,118.427337646484
117.625324475429,-112.300277709961,-59.2552871704102,118.718376159668
117.641991609218,-112.728500366211,-59.3040733337402,118.933166503906
117.658658743007,-113.183410644531,-59.3949508666992,119.100616455078
117.675325876797,-113.675834655762,-59.4749374389648,119.269996643066
117.691993010586,-114.165756225586,-59.4876556396484,119.407485961914
117.708660144375,-114.555763244629,-59.4202423095703,119.457633972168
117.725327278165,-114.776573181152,-59.1046142578125,119.361312866211
117.741994411954,-114.716033935547,-58.8881492614746,118.9931640625
117.758661545744,-114.967399597168,-59.1060066223145,118.926452636719
117.775328679533,-115.161033630371,-59.0038757324219,118.815582275391
117.791995813323,-115.473335266113,-58.9461517333984,118.800155639648
117.808662947112,-115.986610412598,-59.0915107727051,118.994995117188
117.825330080901,-116.371032714844,-59.0064888000488,119.110565185547
117.84199721469,-116.745979309082,-58.8358039855957,119.281547546387
117.85866434848,-117.065933227539,-58.6506843566895,119.496292114258
117.87533148227,-117.325263977051,-58.4115676879883,119.691772460938
117.891998616058,-117.392524719238,-58.0583419799805,119.71622467041
117.908665749848,-117.223365783691,-57.6994171142578,119.498466491699
117.925332883638,-116.790168762207,-57.4101295471191,118.985954284668
117.942000017427,-116.153854370117,-57.2538032531738,118.201629638672
117.958667151216,-115.424293518066,-57.2414932250977,117.248695373535
117.975334285005,-114.740936279297,-57.3617172241211,116.260162353516
117.992001418795,-114.181686401367,-57.5845947265625,115.325149536133
118.008668552584,-113.787574768066,-57.8933410644531,114.514083862305
118.025335686374,-113.540878295898,-58.2154846191406,113.842124938965
118.042002820162,-113.536094665527,-58.6042060852051,113.434577941895
118.058669953953,-113.644691467285,-59.0490760803223,113.121536254883
118.075337087742,-113.77645111084,-59.4378967285156,112.810386657715
118.092004221531,-113.858062744141,-59.7870025634766,112.466705322266
118.10867135532,-113.847564697266,-60.0961151123047,112.056098937988
118.12533848911,-113.765724182129,-60.3455009460449,111.614967346191
118.142005622899,-113.664474487305,-60.5504760742188,111.200866699219
118.158672756688,-113.601081848145,-60.7683639526367,110.843421936035
118.175339890478,-113.637580871582,-60.9318161010742,110.612480163574
118.192007024267,-113.689254760742,-61.0109329223633,110.434364318848
118.208674158057,-113.739685058594,-61.0467910766602,110.31908416748
118.225341291846,-113.776832580566,-61.0080070495605,110.23950958252
118.242008425636,-113.722366333008,-60.9536743164062,110.092193603516
118.258675559425,-113.596130371094,-61.0467567443848,109.882270812988
118.275342693214,-113.463691711426,-61.2147636413574,109.669189453125
118.292009827003,-113.406555175781,-61.3373756408691,109.518600463867
118.308676960793,-113.10489654541,-61.066234588623,109.167984008789
118.325344094583,-112.622863769531,-61.1766242980957,108.73885345459
118.342011228371,-112.10767364502,-61.0649909973145,108.381706237793
118.358678362161,-111.597709655762,-61.0796508789062,107.991554260254
118.375345495951,-111.254920959473,-61.114013671875,107.784645080566
118.39201262974,-111.060691833496,-61.1971778869629,107.659965515137
118.408679763529,-110.938980102539,-61.3476600646973,107.502746582031
118.425346897318,-110.853271484375,-61.3762855529785,107.351005554199
118.442014031108,-110.726608276367,-61.5539131164551,107.192848205566
118.458681164897,-110.549331665039,-61.5616149902344,107.073547363281
118.475348298687,-110.227966308594,-61.428050994873,106.852394104004
118.492015432475,-109.798545837402,-61.1327133178711,106.622024536133
118.508682566266,-109.253395080566,-60.7871398925781,106.381355285645
118.525349700055,-108.694351196289,-60.454216003418,106.234741210938
118.542016833844,-108.206115722656,-60.1207046508789,106.239608764648
118.558683967633,-107.836463928223,-59.8080139160156,106.444343566895
118.575351101423,-107.62516784668,-59.5971908569336,106.853950500488
118.592018235212,-107.592842102051,-59.5053482055664,107.451889038086
118.608685369001,-107.725387573242,-59.5131797790527,108.196197509766
118.625352502791,-108.002685546875,-59.6224174499512,109.054443359375
118.64201963658,-108.359725952148,-59.7824249267578,109.983192443848
118.65868677037,-108.759704589844,-59.9375114440918,110.946815490723
118.675353904159,-109.142395019531,-60.0926933288574,111.866844177246
118.692021037949,-109.520347595215,-60.2133636474609,112.745628356934
118.708688171738,-109.843368530273,-60.2762908935547,113.529945373535
118.725355305527,-110.102012634277,-60.2808265686035,114.185791015625
118.742022439316,-110.326042175293,-60.2380332946777,114.741729736328
118.758689573106,-110.538948059082,-60.1873397827148,115.198028564453
118.775356706896,-110.806716918945,-60.0725593566895,115.611061096191
118.792023840684,-111.17552947998,-59.9287071228027,116.014190673828
118.808690974474,-111.650573730469,-59.8344535827637,116.439971923828
118.825358108264,-112.194938659668,-59.7550048828125,116.836273193359
118.842025242053,-112.743057250977,-59.7012367248535,117.145706176758
118.858692375842,-113.272560119629,-59.6377372741699,117.413848876953
118.875359509631,-113.802513122559,-59.6185417175293,117.701629638672
118.892026643421,-114.407508850098,-59.6544303894043,118.069686889648
118.90869377721,-114.976890563965,-59.6888465881348,118.429634094238
118.925360911,-115.501167297363,-59.6400566101074,118.750343322754
118.942028044788,-115.84497833252,-59.52392578125,118.920013427734
118.958695178579,-116.263702392578,-59.7657127380371,119.130599975586
118.975362312368,-116.618675231934,-59.8432006835938,119.25952911377
118.992029446157,-116.902717590332,-59.9518089294434,119.238891601562
119.008696579946,-117.336708068848,-60.286247253418,119.330879211426
119.025363713736,-117.839904785156,-60.5744132995605,119.49250793457
119.042030847525,-118.415550231934,-60.6049194335938,119.765144348145
119.058697981314,-119.000198364258,-60.575870513916,120.095138549805
119.075365115104,-119.527931213379,-60.6094856262207,120.417739868164
119.092032248893,-119.872924804688,-60.512866973877,120.582077026367
119.108699382683,-119.915054321289,-60.3254890441895,120.448760986328
119.125366516472,-119.692222595215,-60.2164115905762,120.080001831055
119.142033650262,-119.15739440918,-60.1389541625977,119.409713745117
119.158700784051,-118.401985168457,-60.1146469116211,118.521415710449
119.17536791784,-117.510932922363,-60.1729850769043,117.475112915039
119.192035051629,-116.614692687988,-60.289234161377,116.375205993652
119.208702185419,-115.82869720459,-60.4838600158691,115.339462280273
119.225369319209,-115.239242553711,-60.7647018432617,114.470230102539
119.242036452997,-114.959213256836,-61.1293182373047,113.938591003418
119.258703586787,-114.927581787109,-61.5519027709961,113.679359436035
119.275370720577,-114.996437072754,-61.9186782836914,113.566276550293
119.292037854366,-115.044731140137,-62.240550994873,113.479667663574
119.308704988155,-115.01936340332,-62.5579643249512,113.352905273438
119.325372121944,-114.916236877441,-62.8604850769043,113.169227600098
119.342039255734,-114.766998291016,-63.128345489502,112.958473205566
119.358706389523,-114.62255859375,-63.3600807189941,112.750198364258
119.375373523313,-114.49047088623,-63.5616302490234,112.546096801758
119.392040657101,-114.390655517578,-63.6727676391602,112.388328552246
119.408707790892,-114.249229431152,-63.6788864135742,112.229110717773
119.425374924681,-114.018989562988,-63.5152473449707,112.052070617676
119.44204205847,-113.564422607422,-63.2622032165527,111.709098815918
119.458709192259,-112.855056762695,-63.1168785095215,111.100761413574
119.475376326049,-112.052406311035,-63.2072868347168,110.33016204834
119.492043459838,-111.408096313477,-63.442081451416,109.62419128418
119.508710593627,-111.014984130859,-63.7399597167969,109.098365783691
119.525377727417,-110.761192321777,-64.0541229248047,108.707458496094
119.542044861206,-110.628723144531,-63.9001235961914,108.48762512207
119.558711994996,-110.249946594238,-64.1544494628906,108.107917785645
119.575379128785,-110.638496398926,-64.4077911376953,108.555892944336
119.592046262575,-110.743125915527,-64.4053421020508,108.730445861816
119.608713396364,-111.436408996582,-64.6134185791016,109.523658752441
119.625380530153,-112.088676452637,-64.8004455566406,110.267135620117
119.642047663942,-112.66088104248,-64.958381652832,110.897438049316
119.658714797732,-112.902565002441,-65.1995544433594,111.204666137695
119.675381931522,-112.52799987793,-65.2875900268555,110.912208557129
119.69204906531,-111.757781982422,-65.2815399169922,110.265144348145
119.7087161991,-110.56713104248,-65.0259475708008,109.25456237793
119.72538333289,-109.143379211426,-64.6838302612305,108.067222595215
119.742050466679,-107.767639160156,-64.2525634765625,106.97191619873
119.758717600468,-106.65559387207,-63.7860450744629,106.147956848145
119.775384734257,-105.867713928223,-63.3523292541504,105.635391235352
119.792051868047,-105.471542358398,-62.9614410400391,105.474258422852
119.808719001836,-105.437797546387,-62.591007232666,105.662101745605
119.825386135626,-105.676399230957,-62.2481460571289,106.124488830566
119.842053269414,-106.08073425293,-61.9263954162598,106.77702331543
119.858720403205,-106.570014953613,-61.626148223877,107.542175292969
119.875387536994,-107.054634094238,-61.3683013916016,108.32608795166
119.892054670783,-107.44197845459,-61.1338539123535,109.007293701172
119.908721804572,-107.749114990234,-60.9179878234863,109.60954284668
119.925388938362,-107.948150634766,-60.6810760498047,110.087982177734
119.942056072151,-108.044258117676,-60.4734573364258,110.419136047363
119.95872320594,-108.03776550293,-60.2916564941406,110.577423095703
119.97539033973,-108.004234313965,-60.1381492614746,110.641227722168
119.992057473519,-108.003234863281,-59.9720039367676,110.674331665039
