time_s,roll_deg,pitch_deg,yaw_deg
0.0136306490303468,-125.995315551758,-64.6519622802734,-102.764251708984
0.0302977828196163,-126.087043762207,-64.582145690918,-102.81803894043
0.0469649166088857,-126.186561584473,-64.5142440795898,-102.831573486328
0.0636320503990646,-126.305335998535,-64.4734725952148,-102.766288757324
0.080299184188334,-126.517112731934,-64.4259185791016,-102.568855285645
0.0969663179776035,-126.838035583496,-64.4091491699219,-102.264167785645
0.113633451766873,-127.249946594238,-64.4150085449219,-101.867622375488
0.130300585556142,-127.662246704102,-64.4972152709961,-101.460441589355
0.146967719345412,-128.036666870117,-64.6698608398438,-101.100929260254
0.163634853134681,-128.346694946289,-64.8952255249023,-100.80542755127
0.180301986923951,-128.533996582031,-65.0607986450195,-100.63419342041
0.19696912071322,-128.351318359375,-65.0293273925781,-100.841262817383
0.213636254503399,-128.145477294922,-65.3478775024414,-101.109619140625
0.230303388292668,-128.292053222656,-65.6320648193359,-100.988647460938
0.246970522081938,-127.812034606934,-65.7647399902344,-101.471450805664
0.263637655871207,-127.744575500488,-66.0543746948242,-101.569900512695
0.280304789660477,-127.666046142578,-66.276985168457,-101.636184692383
0.296971923449746,-127.652442932129,-66.6124877929688,-101.736015319824
0.313639057239016,-127.704048156738,-66.9996109008789,-101.849388122559
0.330306191028285,-127.340126037598,-67.2274475097656,-102.33455657959
0.346973324817554,-126.969009399414,-67.550048828125,-102.822715759277
0.363640458607733,-126.342063903809,-67.6837921142578,-103.422424316406
0.380307592397003,-125.43977355957,-67.6447601318359,-104.224731445312
0.396974726186272,-124.707565307617,-67.6514434814453,-104.829597473145
0.413641859975542,-123.959892272949,-67.5575637817383,-105.371299743652
0.430308993764811,-123.293838500977,-67.3918304443359,-105.783020019531
0.44697612755408,-122.779716491699,-67.2129669189453,-106.011329650879
0.46364326134335,-122.427124023438,-67.0423202514648,-106.080780029297
0.480310395132619,-122.316886901855,-66.9083633422852,-105.937866210938
0.496977528921889,-122.513557434082,-66.835823059082,-105.548301696777
0.513644662712068,-123.102043151855,-66.8061981201172,-104.830444335938
0.530311796501337,-123.93936920166,-66.8054733276367,-103.893821716309
0.546978930290607,-125.105110168457,-66.8993835449219,-102.656539916992
0.563646064079876,-126.731391906738,-67.0160675048828,-100.934448242188
0.580313197869145,-128.874221801758,-67.2056579589844,-98.6530914306641
0.596980331658415,-131.884201049805,-67.6231842041016,-95.6034927368164
0.613647465447684,-135.745086669922,-68.1909408569336,-91.8637924194336
0.630314599236954,-140.149261474609,-68.7140121459961,-87.5619354248047
0.646981733026223,-144.847961425781,-69.095588684082,-82.9336318969727
0.663648866816402,-149.666870117188,-69.337646484375,-78.1281890869141
0.680316000605671,-154.23274230957,-69.4363632202148,-73.5029678344727
0.696983134394941,-158.331527709961,-69.5422210693359,-69.2975006103516
0.71365026818421,-162.226379394531,-69.7518768310547,-65.47900390625
0.73031740197348,-165.993072509766,-70.0027618408203,-62.0205345153809
0.746984535762749,-169.576553344727,-70.2528839111328,-58.851692199707
0.763651669552019,-173.166137695312,-70.4986419677734,-55.8123588562012
0.780318803341288,-176.673355102539,-70.6976623535156,-53.013240814209
0.796985937130557,-179.516342163086,-70.7651824951172,-50.8183517456055
0.813653070920736,179.035568237305,-70.8304901123047,-49.7293853759766
0.830320204710006,176.787704467773,-71.1738357543945,-48.0443992614746
0.846987338499275,173.672576904297,-71.2108993530273,-46.093448638916
0.863654472288545,172.461853027344,-71.0336151123047,-45.3648719787598
0.880321606077814,171.375930786133,-70.6408920288086,-44.6166687011719
0.896988739867083,170.41340637207,-69.9842224121094,-44.1690292358398
0.913655873656353,169.430221557617,-69.1840667724609,-43.5253601074219
0.930323007445622,168.189453125,-68.1560516357422,-42.7543563842773
0.946990141234892,167.175079345703,-66.9669189453125,-42.0735168457031
0.963657275025071,166.654052734375,-65.68310546875,-41.6924705505371
0.98032440881434,166.282745361328,-64.5010070800781,-41.3688926696777
0.99699154260361,165.76823425293,-63.5046424865723,-40.8526878356934
1.01365867639288,165.166320800781,-62.7776412963867,-40.2488479614258
1.03032581018215,164.70539855957,-62.3161315917969,-39.7311363220215
1.04699294397142,164.380218505859,-62.1206741333008,-39.2726860046387
1.06366007776069,163.68635559082,-62.2220077514648,-38.4771156311035
1.08032721154996,162.482040405273,-62.5640754699707,-37.2805938720703
1.09699434533923,160.905410766602,-63.1501045227051,-35.889476776123
1.11366147912941,158.989440917969,-63.7408561706543,-34.213436126709
1.13032861291867,156.395126342773,-64.3478469848633,-31.9059791564941
1.14699574670794,153.374969482422,-64.9944000244141,-29.4093189239502
1.16366288049721,150.239562988281,-65.6095123291016,-26.917781829834
1.18033001428648,146.787353515625,-66.1705551147461,-24.2147445678711
1.19699714807575,143.05810546875,-66.7610549926758,-21.4129333496094
1.21366428186502,139.249786376953,-67.3550720214844,-18.6631336212158
1.23033141565429,135.739486694336,-67.9511413574219,-16.2779655456543
1.24699854944356,133.08171081543,-68.6089248657227,-14.7221622467041
1.26366568323374,131.482849121094,-69.2789611816406,-13.9879856109619
1.28033281702301,130.284072875977,-69.7722244262695,-13.3814420700073
1.29699995081228,129.513977050781,-69.96875,-13.2827463150024
1.31366708460155,129.358551025391,-69.8098983764648,-13.4856729507446
1.33033421839082,129.403091430664,-69.4750137329102,-13.8451585769653
1.34700135218009,130.04948425293,-69.0743408203125,-14.6156063079834
1.36366848596936,131.335662841797,-68.8383255004883,-15.5804300308228
1.38033561975863,131.683959960938,-68.6027450561523,-15.4055995941162
1.39700275354789,131.676635742188,-68.3877868652344,-15.4069023132324
1.41366988733807,132.504852294922,-68.2192535400391,-15.7276220321655
1.43033702112734,133.734573364258,-68.2845306396484,-16.2759418487549
1.44700415491661,134.482208251953,-68.6203460693359,-16.4547462463379
1.46367128870588,134.597137451172,-69.3991394042969,-16.0935649871826
1.48033842249515,133.822280883789,-70.4924468994141,-15.0419673919678
1.49700555628442,132.373336791992,-71.6938018798828,-13.6184062957764
1.51367269007369,131.118804931641,-72.6278686523438,-12.5686883926392
1.53033982386296,131.09342956543,-73.438720703125,-12.5619068145752
1.54700695765223,131.837646484375,-74.1088256835938,-13.0961570739746
1.56367409144241,132.840362548828,-74.5536193847656,-14.1614284515381
1.58034122523168,134.481857299805,-74.8109970092773,-15.8540935516357
1.59700835902095,137.046157836914,-74.9331817626953,-18.3003540039062
1.61367549281022,140.299758911133,-74.9001998901367,-21.3138847351074
1.63034262659949,143.898452758789,-74.6688842773438,-24.5752086639404
1.64700976038876,147.511993408203,-74.2559432983398,-27.8733348846436
1.66367689417802,151.108764648438,-73.6985168457031,-31.1425895690918
1.68034402796729,154.560272216797,-73.0033340454102,-34.2871284484863
1.69701116175656,157.646438598633,-72.2147064208984,-37.1735496520996
1.71367829554674,160.425415039062,-71.3365097045898,-39.8811798095703
1.73034542933601,162.96223449707,-70.378791809082,-42.5051002502441
1.74701256312528,165.087554931641,-69.3837432861328,-44.9499359130859
1.76367969691455,166.937973022461,-68.3829803466797,-47.2886276245117
1.78034683070382,168.382888793945,-67.4534606933594,-49.4275245666504
1.79701396449309,169.490753173828,-66.6329803466797,-51.4076805114746
1.81368109828236,170.455108642578,-65.9557647705078,-53.3724098205566
1.83034823207163,171.294158935547,-65.4393920898438,-55.2933120727539
1.8470153658609,171.766540527344,-65.1027069091797,-56.9702339172363
1.86368249965108,171.761764526367,-64.9488754272461,-58.3247413635254
1.88034963344035,171.44841003418,-64.9329452514648,-59.4039535522461
1.89701676722962,170.918167114258,-65.0185165405273,-60.2784843444824
1.91368390101889,170.562576293945,-65.1467208862305,-61.3064193725586
1.93035103480815,171.129165649414,-65.2381286621094,-62.8832931518555
1.94701816859742,171.099853515625,-65.5064392089844,-63.8369369506836
1.96368530238669,170.496734619141,-65.6638107299805,-64.4949569702148
1.98035243617596,171.416213989258,-65.6223983764648,-65.9220352172852
1.99701956996523,172.476425170898,-65.5634155273438,-67.150993347168
2.01368670375541,172.503616333008,-65.5054397583008,-67.7861099243164
2.03035383754468,171.655715942383,-65.5388946533203,-67.6783828735352
2.04702097133395,170.7197265625,-65.3974304199219,-67.4808044433594
2.06368810512322,170.526672363281,-65.0756072998047,-67.612678527832
2.08035523891249,170.800704956055,-64.796501159668,-68.0270538330078
2.09702237270176,170.783493041992,-64.7046127319336,-68.4119110107422
2.11368950649103,170.978256225586,-64.6951904296875,-69.0015182495117
2.13035664028121,171.520568847656,-64.8411712646484,-69.8822174072266
2.14702377406957,172.130157470703,-65.0874404907227,-70.8802719116211
2.16369090785975,172.798583984375,-65.3612594604492,-71.9478988647461
2.18035804164901,173.610015869141,-65.59521484375,-73.0777893066406
2.19702517543828,174.488571166992,-65.7851104736328,-74.1802291870117
2.21369230922755,175.341705322266,-65.9451599121094,-75.2626190185547
2.23035944301682,175.831604003906,-66.0959320068359,-75.9909973144531
2.24702657680609,176.025588989258,-66.2520370483398,-76.5364074707031
2.26369371059536,175.903854370117,-66.4052429199219,-76.8275146484375
2.28036084438554,175.57991027832,-66.5270080566406,-76.9547729492188
2.2970279781739,175.269180297852,-66.6132736206055,-77.0472564697266
2.31369511196408,175.141128540039,-66.6336212158203,-77.169189453125
2.33036224575335,175.104202270508,-66.6342849731445,-77.2284698486328
2.34702937954262,174.92333984375,-66.6877670288086,-77.159912109375
2.36369651333189,174.712753295898,-66.7805252075195,-77.0587921142578
2.38036364712116,174.41357421875,-66.8677215576172,-76.8723068237305
2.39703078091043,173.90234375,-66.9206771850586,-76.4592590332031
2.4136979146997,173.246963500977,-66.9095993041992,-75.839469909668
2.43036504848988,172.565536499023,-66.8160552978516,-75.1758804321289
2.44703218227824,171.814422607422,-66.6956253051758,-74.5719375610352
2.46369931606841,171.448989868164,-66.5346603393555,-74.3752670288086
2.48036644985768,173.591033935547,-66.2769927978516,-75.8905181884766
2.49703358364695,174.364334106445,-66.474967956543,-76.0796813964844
2.51370071743622,173.414703369141,-66.4304275512695,-75.3599853515625
2.53036785122549,173.554397583008,-66.4872512817383,-75.1544647216797
2.54703498501476,172.654937744141,-66.7829666137695,-74.2835464477539
2.56370211880403,170.718673706055,-67.3705291748047,-73.0820007324219
2.58036925259421,170.204254150391,-68.0146865844727,-72.9009704589844
2.59703638638257,170.617034912109,-68.7493133544922,-73.4260406494141
2.61370352017275,171.182113647461,-69.3749160766602,-74.2799758911133
2.63037065396202,172.190658569336,-69.9203567504883,-75.3973617553711
2.64703778775129,173.411102294922,-70.2591247558594,-76.6934432983398
2.66370492154056,174.418365478516,-70.4029388427734,-77.8202972412109
2.68037205532983,175.223571777344,-70.3825454711914,-78.7843017578125
2.6970391891191,175.8486328125,-70.2255249023438,-79.615478515625
2.71370632290837,176.314117431641,-69.9534149169922,-80.2705001831055
2.73037345669854,176.724533081055,-69.6138610839844,-80.8222885131836
2.7470405904869,177.112731933594,-69.2309188842773,-81.3134613037109
2.76370772427708,177.488510131836,-68.808464050293,-81.7456207275391
2.78037485806635,177.702224731445,-68.3789443969727,-81.978645324707
2.79704199185562,177.676239013672,-67.9417724609375,-82.0085906982422
2.81370912564489,177.505233764648,-67.4764862060547,-81.8629989624023
2.83037625943416,177.149688720703,-67.0321655273438,-81.5420532226562
2.84704339322343,176.77018737793,-66.6074371337891,-81.1864471435547
2.8637105270127,176.338973999023,-66.2225570678711,-80.7613983154297
2.88037766080288,175.90966796875,-65.8849716186523,-80.3011856079102
2.89704479459124,175.579528808594,-65.6091537475586,-79.8528900146484
2.91371192838142,175.124801635742,-65.428840637207,-79.303352355957
2.93037906217069,174.400390625,-65.4044876098633,-78.6328506469727
2.94704619595996,173.506149291992,-65.4859390258789,-77.9153137207031
2.96371332974923,172.488189697266,-65.6196136474609,-77.1279678344727
2.98038046353849,171.284164428711,-65.7712783813477,-76.2474822998047
2.99704759732776,170.034637451172,-65.9056243896484,-75.4289474487305
3.01371473111703,169.309005737305,-65.9044342041016,-75.0837783813477
3.03038186490721,169.06950378418,-65.9512023925781,-75.0432205200195
3.04704899869557,167.507904052734,-66.049674987793,-74.1797180175781
3.06371613248575,166.827651977539,-65.8575973510742,-74.0534286499023
3.08038326627502,167.422393798828,-65.5311584472656,-74.2697448730469
3.09705040006429,166.9111328125,-65.2131271362305,-73.9836044311523
3.11371753385356,165.426162719727,-64.8921356201172,-73.1590728759766
3.13038466764283,164.050247192383,-64.43310546875,-72.3519134521484
3.1470518014321,163.727172851562,-63.6521301269531,-72.1501159667969
3.16371893522137,164.058654785156,-62.7060012817383,-72.0934066772461
3.18038606901155,164.410186767578,-61.8034934997559,-72.0537033081055
3.19705320279991,164.678100585938,-61.0727996826172,-71.9347763061523
3.21372033659009,164.899948120117,-60.6151275634766,-71.7815399169922
3.23038747037936,165.011871337891,-60.4225387573242,-71.5839385986328
3.24705460416862,165.08576965332,-60.4658088684082,-71.3207855224609
3.26372173795789,165.177108764648,-60.711742401123,-71.0205612182617
3.28038887174716,165.277359008789,-61.0156326293945,-70.6608352661133
3.29705600553643,165.384078979492,-61.4217147827148,-70.0480728149414
3.3137231393257,165.376373291016,-61.973762512207,-68.9622650146484
3.33039027311588,165.263656616211,-62.5902824401855,-67.5305557250977
3.34705740690424,164.991622924805,-63.2639923095703,-65.7076034545898
3.36372454069442,164.173431396484,-63.9889907836914,-63.3301277160645
3.38039167448369,162.851409912109,-64.7685317993164,-60.561710357666
3.39705880827296,161.196350097656,-65.5350952148438,-57.4858093261719
3.41372594206223,159.325881958008,-66.2733459472656,-54.2524642944336
3.4303930758515,157.302734375,-66.9476089477539,-50.9835815429688
3.44706020964077,155.239761352539,-67.5378494262695,-47.8266296386719
3.46372734343004,153.396072387695,-68.0263595581055,-44.9982986450195
3.48039447722022,151.836639404297,-68.4000930786133,-42.5347900390625
3.49706161100858,150.404571533203,-68.6108322143555,-40.338939666748
3.51372874479875,148.996063232422,-68.640869140625,-38.3441467285156
3.53039587858802,147.694961547852,-68.51220703125,-36.6188087463379
3.54706301237729,146.423614501953,-68.2727890014648,-35.1344871520996
3.56373014616656,145.199859619141,-67.9635696411133,-33.9488372802734
3.58039727995583,144.290832519531,-67.5426559448242,-33.0987701416016
3.5970644137451,144.050689697266,-67.2074890136719,-32.9539756774902
3.61373154753437,144.716567993164,-67.0995025634766,-33.3612289428711
3.63039868132455,143.964462280273,-66.855583190918,-32.5742530822754
3.64706581511291,143.052841186523,-66.8276443481445,-32.2070236206055
3.66373294890309,143.928649902344,-66.9146270751953,-32.6714096069336
3.68040008269236,144.712188720703,-67.1487197875977,-32.67822265625
3.69706721648163,143.637664794922,-67.7024154663086,-31.6126594543457
3.7137343502709,141.938598632812,-68.592658996582,-29.9774475097656
3.73040148406017,139.815872192383,-69.6255798339844,-27.8037986755371
3.74706861784944,137.131011962891,-70.577995300293,-25.2966251373291
3.76373575163871,135.239883422852,-71.4662704467773,-23.2674808502197
3.78040288542888,134.016265869141,-72.1379623413086,-21.4807052612305
3.79707001921724,132.794204711914,-72.54248046875,-19.7748966217041
3.81373715300742,131.913497924805,-72.7106857299805,-18.1600933074951
3.83040428679669,131.663848876953,-72.6690368652344,-16.8137397766113
3.84707142058596,131.85758972168,-72.3884429931641,-15.6006336212158
3.86373855437523,132.519744873047,-71.8954315185547,-14.6017274856567
3.8804056881645,133.626571655273,-71.2613372802734,-13.841007232666
3.89707282195377,135.057510375977,-70.5403060913086,-13.2896175384521
3.91373995574304,136.613723754883,-69.7901840209961,-12.8480672836304
3.93040708953322,138.217407226562,-69.0390167236328,-12.5221586227417
3.94707422332158,139.919952392578,-68.297737121582,-12.3698225021362
3.96374135711176,141.595901489258,-67.5766525268555,-12.3031187057495
3.98040849090103,143.201171875,-66.8798904418945,-12.3549127578735
3.9970756246903,144.651840209961,-66.2229080200195,-12.4673833847046
4.01374275847957,145.842880249023,-65.6128387451172,-12.5619678497314
4.03040989226884,146.931488037109,-65.0568771362305,-12.7823543548584
4.0470770260581,148.014465332031,-64.5695114135742,-13.1560258865356
4.06374415984737,148.765808105469,-64.1230316162109,-13.3635301589966
4.08041129363755,148.972244262695,-63.7251052856445,-13.2312622070312
4.09707842742591,148.80094909668,-63.3126373291016,-12.8456325531006
4.11374556121609,148.423461914062,-62.821403503418,-12.1822834014893
4.13041269500536,147.795166015625,-62.2309265136719,-11.2125062942505
4.14707982879463,147.101516723633,-61.6144409179688,-10.1596870422363
4.1637469625839,147.357971191406,-60.8991088867188,-9.5876407623291
4.18041409637317,147.078689575195,-60.146842956543,-8.21118068695068
4.19708123016244,146.902282714844,-59.2651634216309,-7.13541698455811
4.21374836395171,148.084854125977,-58.5729789733887,-6.91563749313354
4.23041549774189,149.496124267578,-58.1136474609375,-6.83401966094971
4.24708263153025,151.041076660156,-57.7759780883789,-6.89698886871338
4.26374976532043,152.959579467773,-57.6707496643066,-7.21399879455566
4.2804168991097,154.439010620117,-57.5902786254883,-7.22068119049072
4.29708403289897,155.544616699219,-57.5053520202637,-7.00555753707886
4.31375116668823,156.466873168945,-57.5371437072754,-6.73906517028809
4.3304183004775,157.159439086914,-57.7284927368164,-6.36519002914429
4.34708543426677,157.523330688477,-58.0524406433105,-5.76547622680664
4.36375256805604,157.611221313477,-58.4518432617188,-4.9944896697998
4.38041970184622,157.541732788086,-58.9538345336914,-4.16645193099976
4.39708683563458,157.360122680664,-59.565299987793,-3.32834982872009
4.41375396942476,157.072341918945,-60.1713714599609,-2.44223785400391
4.43042110321403,156.739135742188,-60.7539749145508,-1.5446925163269
4.4470882370033,156.353668212891,-61.2728080749512,-0.640110433101654
4.46375537079257,155.898941040039,-61.7041893005371,0.250963419675827
4.48042250458184,155.426727294922,-62.0154495239258,1.08827972412109
4.49708963837111,154.942611694336,-62.2094650268555,1.861652135849
4.51375677216038,154.341735839844,-62.2942848205566,2.65653014183044
4.53042390595056,153.682601928711,-62.3021392822266,3.36861038208008
4.54709103973892,152.995422363281,-62.2578582763672,4.00797033309937
4.5637581735291,152.358047485352,-62.2092132568359,4.50906085968018
4.58042530731836,151.832641601562,-62.1694831848145,4.80506658554077
4.59709244110763,151.414337158203,-62.1729850769043,4.89597082138062
4.6137595748969,151.261199951172,-62.1904106140137,4.60703372955322
4.63042670868617,151.341018676758,-62.1992073059082,4.01098251342773
4.64709384247544,151.532470703125,-62.1223602294922,3.21642231941223
4.66376097626471,151.687301635742,-61.918514251709,2.35746550559998
4.68042811005489,151.717498779297,-61.6011352539062,1.56259071826935
4.69709524384325,151.659118652344,-61.2748031616211,0.776476681232452
4.71376237763343,151.591842651367,-61.0090484619141,0.048641461879015
4.7304295114227,151.806518554688,-60.9708862304688,-0.89590972661972
4.74709664521197,152.424850463867,-61.0062065124512,-1.97703862190247
4.76376377900124,152.27751159668,-61.0342445373535,-2.21916532516479
4.78043091279051,152.248641967773,-61.1466484069824,-2.54338717460632
4.79709804657978,152.485321044922,-61.6045722961426,-3.03663873672485
4.81376518036905,152.497314453125,-62.355842590332,-3.39092135429382
4.83043231415922,152.363296508789,-63.1243782043457,-3.63746905326843
4.84709944794758,152.112945556641,-63.8328857421875,-3.79819917678833
4.86376658173776,151.751541137695,-64.4708709716797,-3.79982733726501
4.88043371552703,151.379364013672,-65.1086730957031,-3.78483104705811
4.8971008493163,151.280578613281,-65.7398681640625,-3.97150993347168
4.91376798310557,151.349182128906,-66.3233871459961,-4.31965589523315
4.93043511689484,151.49348449707,-66.8061752319336,-4.75296878814697
4.94710225068411,151.975891113281,-67.2213745117188,-5.51746034622192
4.96376938447338,152.785827636719,-67.5694351196289,-6.57657861709595
4.98043651826356,153.874465942383,-67.8710327148438,-7.83816909790039
4.99710365205192,155.287094116211,-68.1163482666016,-9.34395122528076
5.0137707858421,156.86686706543,-68.2484359741211,-10.9406118392944
5.03043791963137,158.313522338867,-68.2416687011719,-12.393759727478
5.04710505342064,159.569046020508,-68.0916748046875,-13.6917448043823
5.06377218720991,160.628784179688,-67.8111190795898,-14.803337097168
5.08043932099918,161.399917602539,-67.4696426391602,-15.6042108535767
5.09710645478845,162.157806396484,-67.102668762207,-16.3803005218506
5.11377358857771,163.012924194336,-66.7456970214844,-17.2087917327881
5.13044072236789,163.901733398438,-66.4647598266602,-18.0406875610352
5.14710785615625,164.582962036133,-66.2449569702148,-18.6381549835205
5.16377498994643,165.100646972656,-66.0874786376953,-19.0657215118408
5.1804421237357,165.456939697266,-65.982421875,-19.3807678222656
5.19710925752497,165.609146118164,-65.8835220336914,-19.5190486907959
5.21377639131424,165.467926025391,-65.7229156494141,-19.4252014160156
5.23044352510351,164.951232910156,-65.5144119262695,-19.0934658050537
5.24711065889278,164.128768920898,-65.2901840209961,-18.558235168457
5.26377779268205,163.113418579102,-65.0996551513672,-17.8881187438965
5.28044492647223,162.280944824219,-65.0238876342773,-17.4894065856934
5.29711206026059,161.778930664062,-65.1431045532227,-17.4710426330566
5.31377919405077,161.960784912109,-65.3973922729492,-18.1476821899414
5.33044632784004,162.481567382812,-65.6659317016602,-19.0155277252197
5.34711346162931,162.284942626953,-65.9218444824219,-19.2790870666504
5.36378059541858,163.248138427734,-65.9887390136719,-20.6772289276123
5.38044772920784,164.202209472656,-66.1097183227539,-21.920316696167
5.39711486299711,164.329818725586,-66.0190887451172,-22.4982566833496
5.41378199678638,165.39567565918,-65.7282562255859,-23.8834743499756
5.43044913057656,166.745498657227,-65.414306640625,-25.4160118103027
5.44711626436492,168.513061523438,-65.2171020507812,-27.2406997680664
5.4637833981551,170.885818481445,-65.2560272216797,-29.4263343811035
5.48045053194437,173.513687133789,-65.4650573730469,-31.7046566009521
5.49711766573364,176.155700683594,-65.7889862060547,-33.9232330322266
5.51378479952291,178.632629394531,-66.2542190551758,-35.9629707336426
5.53045193331218,-179.109420776367,-66.8251724243164,-37.7470893859863
5.54711906710145,-176.978240966797,-67.4345855712891,-39.3774948120117
5.56378620089072,-174.809173583984,-68.0819625854492,-41.0464744567871
5.5804533346809,-172.959716796875,-68.7024993896484,-42.3542938232422
5.59712046846926,-171.398849487305,-69.2968826293945,-43.3987655639648
5.61378760225944,-169.939636230469,-69.8197021484375,-44.4122467041016
5.6304547360487,-168.711685180664,-70.2701721191406,-45.2070198059082
5.64712186983797,-167.613296508789,-70.6706390380859,-45.9040489196777
5.66378900362724,-166.497360229492,-70.973258972168,-46.688793182373
5.68045613741651,-165.34587097168,-71.1997756958008,-47.5714492797852
5.69712327120578,-164.324111938477,-71.376823425293,-48.368106842041
5.71379040499505,-163.104202270508,-71.4724044799805,-49.4187889099121
5.73045753878523,-161.561096191406,-71.5067596435547,-50.8713798522949
5.74712467257359,-160.212463378906,-71.5030136108398,-52.225456237793
5.76379180636377,-159.481109619141,-71.4162979125977,-53.037841796875
5.78045894015304,-159.218444824219,-71.2379760742188,-53.425407409668
5.79712607394231,-159.178909301758,-71.0099487304688,-53.6428260803223
5.81379320773158,-159.121490478516,-70.7515640258789,-53.8800659179688
5.83046034152085,-158.880783081055,-70.5464477539062,-54.2949066162109
5.84712747531012,-158.314804077148,-70.4147415161133,-55.0334243774414
5.86379460909939,-156.746566772461,-70.0186996459961,-56.7662582397461
5.88046174288957,-156.321502685547,-70.2444763183594,-57.2940063476562
5.89712887667793,-156.591949462891,-70.0843887329102,-57.0253067016602
5.9137960104681,-155.773590087891,-69.6528091430664,-57.8383293151855
5.93046314425737,-156.412506103516,-69.1711730957031,-57.2421607971191
5.94713027804664,-157.155212402344,-68.8474273681641,-56.4565544128418
5.96379741183591,-157.988555908203,-68.599983215332,-55.6249504089355
5.98046454562518,-158.123519897461,-68.3509979248047,-55.5361137390137
5.99713167941445,-158.041442871094,-68.2583694458008,-55.5366249084473
6.01379881320372,-157.518341064453,-68.1065826416016,-55.926326751709
6.0304659469939,-156.453155517578,-67.9582214355469,-56.8306045532227
6.04713308078226,-155.606597900391,-67.8835067749023,-57.5170631408691
6.06380021457244,-154.80989074707,-67.8447418212891,-58.1559410095215
6.08046734836171,-154.14453125,-67.7431182861328,-58.6762313842773
6.09713448215098,-153.843170166016,-67.5860443115234,-58.8658409118652
6.11380161594025,-153.908401489258,-67.3910217285156,-58.6912078857422
6.13046874972952,-154.292770385742,-67.1714706420898,-58.212158203125
6.14713588351879,-154.914703369141,-66.9205169677734,-57.4718894958496
6.16380301730806,-155.553665161133,-66.6331405639648,-56.685359954834
6.18047015109823,-156.197708129883,-66.3538131713867,-55.8765335083008
6.19713728488659,-156.732650756836,-66.0420608520508,-55.1579666137695
6.21380441867677,-157.212066650391,-65.748908996582,-54.4732398986816
6.23047155246604,-157.717666625977,-65.4961547851562,-53.7692985534668
6.24713868625531,-158.091583251953,-65.290283203125,-53.170036315918
6.26380582004458,-158.22868347168,-65.0860061645508,-52.7946395874023
6.28047295383385,-158.213104248047,-64.90283203125,-52.5853080749512
6.29714008762312,-158.137893676758,-64.7356338500977,-52.4918785095215
6.31380722141239,-158.140029907227,-64.6471710205078,-52.3786392211914
6.33047435520257,-158.329742431641,-64.6183547973633,-52.2007637023926
6.34714148899093,-158.793014526367,-64.6324005126953,-51.8884162902832
6.36380862278111,-159.310485839844,-64.589599609375,-51.545280456543
6.38047575657038,-159.949569702148,-64.4798812866211,-51.0282096862793
6.39714289035965,-160.663009643555,-64.3244094848633,-50.4652214050293
6.41381002414892,-161.324798583984,-64.1542129516602,-49.9600296020508
6.43047715793818,-161.309432983398,-64.0072174072266,-50.1726036071777
6.44714429172745,-160.49348449707,-63.9257888793945,-51.3117179870605
6.46381142551672,-160.294357299805,-64.4409484863281,-52.0094909667969
6.4804785593069,-161.413848876953,-65.1960906982422,-51.6735496520996
6.49714569309526,-161.143615722656,-65.3285827636719,-52.578914642334
6.51381282688544,-161.85205078125,-65.8899230957031,-53.0436058044434
6.53047996067471,-163.677734375,-66.3575744628906,-52.5082893371582
6.54714709446398,-164.735824584961,-66.668701171875,-52.8050270080566
6.56381422825325,-164.557754516602,-66.6587371826172,-54.2600212097168
6.58048136204252,-163.748474121094,-66.5674285888672,-56.3648681640625
6.59714849583179,-162.553237915039,-66.5413284301758,-58.9399032592773
6.61381562962106,-160.891891479492,-66.4574356079102,-62.0733947753906
6.63048276341124,-158.744247436523,-66.4320907592773,-65.7410583496094
6.6471498971996,-156.352554321289,-66.4137115478516,-69.6767120361328
6.66381703098978,-153.748672485352,-66.3770599365234,-73.8078842163086
6.68048416477905,-151.29850769043,-66.350212097168,-77.7609558105469
6.69715129856831,-149.220321655273,-66.3733901977539,-81.3418884277344
6.71381843235758,-147.594100952148,-66.4147491455078,-84.390266418457
6.73048556614685,-146.31233215332,-66.4495849609375,-86.9778594970703
6.74715269993612,-145.270919799805,-66.477409362793,-89.2141265869141
6.76381983372539,-144.559280395508,-66.5643997192383,-90.8827514648438
6.78048696751557,-143.861328125,-66.6128158569336,-92.4064331054688
6.79715410130393,-143.066848754883,-66.5992050170898,-93.8688659667969
6.81382123509411,-142.148773193359,-66.558952331543,-95.3029556274414
6.83048836888338,-141.220352172852,-66.5700836181641,-96.6343612670898
6.84715550267265,-140.490173339844,-66.5830307006836,-97.7173156738281
6.86382263646192,-139.803451538086,-66.4953536987305,-98.6897354125977
6.88048977025119,-139.244598388672,-66.3611450195312,-99.4230728149414
6.89715690404046,-138.941925048828,-66.2687530517578,-99.7893600463867
6.91382403782973,-138.746612548828,-66.2354125976562,-99.8980865478516
6.93049117161991,-138.674743652344,-66.2650604248047,-99.7190704345703
6.94715830540827,-138.654296875,-66.3222961425781,-99.2723617553711
6.96382543919844,-138.619049072266,-66.4327392578125,-98.6492309570312
6.98049257298771,-138.525299072266,-66.4811096191406,-97.9396743774414
6.99715970677698,-137.602752685547,-66.6234970092773,-97.9103088378906
7.01382684056625,-138.104217529297,-67.4841156005859,-96.4514770507812
7.03049397435552,-137.701858520508,-67.7821731567383,-95.7418441772461
7.04716110814479,-137.358276367188,-68.1752471923828,-95.255859375
7.06382824193406,-137.38444519043,-68.8244094848633,-94.6126861572266
7.08049537572424,-137.387252807617,-69.7881011962891,-94.3378677368164
7.09716250951351,-136.623107910156,-70.63525390625,-95.0573043823242
7.11382964330278,-135.02702331543,-71.4975357055664,-96.6031265258789
7.13049677709205,-133.121520996094,-72.0119171142578,-98.3744735717773
7.14716391088132,-130.881484985352,-72.1675186157227,-100.403816223145
7.16383104467059,-129.059036254883,-72.3464813232422,-102.000396728516
7.18049817845986,-127.747436523438,-72.3838424682617,-103.047050476074
7.19716531224913,-126.724365234375,-72.2859649658203,-103.755424499512
7.2138324460384,-126.256065368652,-72.0958938598633,-103.863433837891
7.23049957982857,-126.193405151367,-71.8078231811523,-103.519096374512
7.24716671361784,-126.704071044922,-71.526985168457,-102.607887268066
7.26383384740711,-127.60725402832,-71.2392807006836,-101.305961608887
7.28050098119638,-128.650833129883,-70.9572219848633,-99.8766250610352
7.29716811498565,-129.708541870117,-70.6889343261719,-98.4409942626953
7.31383524877492,-130.691711425781,-70.4211578369141,-97.0524597167969
7.33050238256419,-131.620971679688,-70.1376037597656,-95.6913070678711
7.34716951635346,-132.497177124023,-69.8310394287109,-94.3449783325195
7.36383665014273,-133.276809692383,-69.4873123168945,-93.0713195800781
7.38050378393291,-133.949676513672,-69.1674041748047,-91.9157867431641
7.39717091772218,-134.347274780273,-68.8625411987305,-91.0706939697266
7.41383805151145,-134.416229248047,-68.5647277832031,-90.5944747924805
7.43050518530072,-134.230621337891,-68.3317260742188,-90.4586334228516
7.44717231908999,-133.895004272461,-68.1417694091797,-90.5405883789062
7.46383945287926,-133.647186279297,-67.9207000732422,-90.5533676147461
7.48050658666853,-133.595108032227,-67.7298736572266,-90.3451690673828
7.49717372045779,-133.703002929688,-67.5905075073242,-89.9605865478516
7.51384085424706,-133.875,-67.4498672485352,-89.5413818359375
7.53050798803724,-134.225433349609,-67.3650512695312,-88.9581527709961
7.54717512182651,-134.548461914062,-67.2739562988281,-88.3832168579102
7.56384225561578,-134.764434814453,-67.0601501464844,-87.9251937866211
7.58050938940505,-135.193542480469,-67.1792297363281,-87.2936859130859
7.59717652319432,-136.209777832031,-67.4012680053711,-86.0748901367188
7.61384365698359,-136.487686157227,-67.4083023071289,-85.6067352294922
7.63051079077286,-137.073608398438,-67.5771942138672,-84.9666900634766
7.64717792456213,-137.752532958984,-67.7506713867188,-84.2114715576172
7.6638450583514,-138.430923461914,-67.7458114624023,-83.4419937133789
7.68051219214158,-138.822967529297,-67.4296875,-82.8746795654297
7.69717932593085,-139.502838134766,-67.3390808105469,-82.0619583129883
7.71384645972012,-139.975158691406,-67.0899963378906,-81.3317794799805
7.73051359350939,-139.78742980957,-66.5940093994141,-81.2726669311523
7.74718072729866,-139.712768554688,-66.3109893798828,-81.1016387939453
7.76384786108792,-139.441696166992,-66.0597381591797,-81.0737915039062
7.78051499487719,-138.864151000977,-65.7965774536133,-81.3854293823242
7.79718212866646,-138.231658935547,-65.5892181396484,-81.738899230957
7.81384926245573,-137.524383544922,-65.4296951293945,-82.1834259033203
7.83051639624591,-136.859878540039,-65.3542633056641,-82.6345672607422
7.84718353003518,-136.231781005859,-65.3582000732422,-83.092887878418
7.86385066382445,-135.687805175781,-65.4353942871094,-83.5095367431641
7.88051779761372,-135.104019165039,-65.5600662231445,-84.0292434692383
7.89718493140299,-134.566223144531,-65.6968536376953,-84.5502853393555
7.91385206519226,-134.238632202148,-65.9633483886719,-84.8984985351562
7.93051919898153,-133.941467285156,-66.211784362793,-85.3175735473633
7.9471863327708,-133.747482299805,-66.4308471679688,-85.6818161010742
7.96385346656007,-133.748168945312,-66.6548309326172,-85.8686294555664
7.98052060035025,-133.996047973633,-66.9023971557617,-85.8351287841797
7.99718773413952,-134.535354614258,-67.1516571044922,-85.5163421630859
8.01385486792879,-135.212646484375,-67.2995376586914,-85.0298309326172
8.03052200171805,-136.073440551758,-67.4060363769531,-84.3216857910156
8.04718913550732,-137.180953979492,-67.5421829223633,-83.2990646362305
8.06385626929659,-138.411468505859,-67.6850738525391,-82.0763549804688
8.08052340308586,-139.783355712891,-67.8008117675781,-80.6826858520508
8.09719053687513,-141.281936645508,-67.9569854736328,-79.1386260986328
8.1138576706644,-142.830642700195,-68.1425857543945,-77.5185928344727
8.13052480445458,-144.134872436523,-68.2681732177734,-76.1601715087891
8.14719193824385,-144.517578125,-68.2008514404297,-75.7004318237305
8.16385907203312,-146.630493164062,-68.8773956298828,-73.6263198852539
8.18052620582239,-148.247039794922,-69.2530517578125,-71.9599075317383
8.19719333961166,-149.917373657227,-69.6532287597656,-70.3520050048828
8.21386047340093,-152.826354980469,-70.232048034668,-67.6325225830078
8.2305276071902,-155.614364624023,-70.8026351928711,-65.1799850463867
8.24719474097947,-158.565353393555,-71.523063659668,-62.7256851196289
8.26386187476874,-161.065185546875,-72.2184371948242,-60.7664375305176
8.28052900855891,-162.77961730957,-72.9391174316406,-59.5318412780762
8.29719614234818,-163.784912109375,-73.5763931274414,-58.8592224121094
8.31386327613745,-163.749069213867,-74.0719680786133,-59.123046875
8.33053040992672,-163.586715698242,-74.4639053344727,-59.4628982543945
8.34719754371599,-163.64241027832,-74.7365493774414,-59.5296211242676
8.36386467750526,-163.88737487793,-74.810791015625,-59.3495826721191
8.38053181129453,-164.417098999023,-74.7106170654297,-58.817497253418
8.3971989450838,-165.235946655273,-74.4634399414062,-57.9301414489746
8.41386607887307,-166.127822875977,-74.0965423583984,-56.9255104064941
8.43053321266325,-167.090545654297,-73.6418609619141,-55.8170700073242
8.44720034645252,-168.298278808594,-73.1954879760742,-54.4783630371094
8.46386748024179,-169.690673828125,-72.7637100219727,-53.0058212280273
8.48053461403106,-170.962249755859,-72.3304977416992,-51.6603126525879
8.49720174782033,-172.063095092773,-71.8823928833008,-50.469123840332
8.5138688816096,-172.93098449707,-71.3907623291016,-49.4787368774414
8.53053601539887,-173.524337768555,-70.8806228637695,-48.7562065124512
8.54720314918814,-173.970626831055,-70.3760070800781,-48.1876831054688
8.5638702829774,-174.430786132812,-69.9147109985352,-47.6350631713867
8.58053741676758,-174.664108276367,-69.4938812255859,-47.3341026306152
8.59720455055685,-174.725036621094,-69.1364059448242,-47.236759185791
8.61387168434612,-174.994659423828,-68.9081573486328,-46.9930458068848
8.63053881813539,-175.395401000977,-68.7196960449219,-46.6621894836426
8.64720595192466,-175.694839477539,-68.5416259765625,-46.4070739746094
8.66387308571393,-176.036514282227,-68.3974227905273,-46.1188926696777
8.6805402195032,-176.411636352539,-68.317985534668,-45.7734222412109
8.69720735329247,-176.219314575195,-68.3594665527344,-46.0768394470215
8.71387448708174,-175.49723815918,-68.7847290039062,-46.858211517334
8.73054162087192,-176.130599975586,-69.4800186157227,-46.4408721923828
8.74720875466119,-176.067687988281,-70.1505355834961,-46.7150497436523
8.76387588845046,-176.004379272461,-70.7724227905273,-47.0073127746582
8.78054302223973,-176.341720581055,-71.1231536865234,-46.9663963317871
8.797210156029,-176.254287719727,-71.2693862915039,-47.2494926452637
8.81387728981827,-176.192718505859,-71.2193908691406,-47.3774452209473
8.83054442360753,-176.434677124023,-71.1469955444336,-47.1911163330078
8.8472115573968,-176.645355224609,-71.0040893554688,-47.0197257995605
8.86387869118607,-176.344757080078,-70.8678207397461,-47.3643760681152
8.88054582497625,-176.264251708984,-70.8220138549805,-47.5341300964355
8.89721295876552,-176.141677856445,-70.870491027832,-47.7593116760254
8.91388009255479,-175.884552001953,-71.0173568725586,-48.1573905944824
8.93054722634406,-175.439483642578,-71.2554702758789,-48.7852210998535
8.94721436013333,-174.889251708984,-71.5790405273438,-49.5478630065918
8.9638814939226,-174.636566162109,-71.9422988891602,-49.9545783996582
8.98054862771187,-174.593276977539,-72.3406753540039,-50.1770057678223
8.99721576150114,-174.581130981445,-72.682991027832,-50.3885307312012
9.01388289529041,-174.786590576172,-72.9786834716797,-50.391056060791
9.03055002908059,-175.350784301758,-73.2447128295898,-50.0476417541504
9.04721716286986,-176.046569824219,-73.4970016479492,-49.5852928161621
9.06388429665913,-176.720779418945,-73.71044921875,-49.1464691162109
9.08055143044839,-177.217712402344,-73.9051895141602,-48.8430633544922
9.09721856423766,-177.607864379883,-74.0832595825195,-48.6121940612793
9.11388569802693,-178.288543701172,-74.2251052856445,-48.049373626709
9.1305528318162,-178.891693115234,-74.3002624511719,-47.5521659851074
9.14721996560547,-179.160949707031,-74.3138122558594,-47.3662071228027
9.16388709939474,-179.438369750977,-74.2853164672852,-47.1312561035156
9.18055423318492,-179.994689941406,-74.1926803588867,-46.5672836303711
9.19722136697419,179.343368530273,-74.0137176513672,-45.8745193481445
9.21388850076346,178.437774658203,-73.8149337768555,-44.9517211914062
9.23055563455273,177.336364746094,-73.6146011352539,-43.8372840881348
9.247222768342,176.678375244141,-73.4163513183594,-43.1434326171875
9.26388990213127,177.229309082031,-73.2279586791992,-43.6413917541504
9.28055703592054,176.797439575195,-73.4121627807617,-43.0391578674316
9.29722416970981,175.567581176758,-73.4109954833984,-41.7688484191895
9.31389130349908,175.362411499023,-73.5008163452148,-41.3899307250977
9.33055843728926,174.819458007812,-73.5807495117188,-40.7714691162109
9.34722557107852,173.739379882812,-73.7580947875977,-39.7538604736328
9.36389270486779,173.218978881836,-74.2072601318359,-39.4044380187988
9.38055983865706,172.682357788086,-74.8824691772461,-39.1309127807617
9.39722697244633,172.268417358398,-75.6054000854492,-38.9601936340332
9.4138941062356,171.880081176758,-76.2642974853516,-38.702335357666
9.43056124002487,172.626235961914,-76.7084655761719,-39.4409523010254
9.44722837381414,173.584411621094,-77.0044860839844,-40.3321495056152
9.46389550760341,174.175018310547,-77.1495971679688,-40.8887596130371
9.48056264139359,174.698654174805,-77.1414489746094,-41.3556518554688
9.49722977518286,175.078201293945,-76.9799652099609,-41.665901184082
9.51389690897213,175.333206176758,-76.6901779174805,-41.8466949462891
9.5305640427614,175.584365844727,-76.3036575317383,-41.9761238098145
9.54723117655067,175.746246337891,-75.8336639404297,-41.9809226989746
9.56389831033994,175.831573486328,-75.3061447143555,-41.8863716125488
9.58056544412921,175.766479492188,-74.7655487060547,-41.6303825378418
9.59723257791848,175.529678344727,-74.2215728759766,-41.2055130004883
9.61389971170775,175.287887573242,-73.6738739013672,-40.7562637329102
9.63056684549792,174.944320678711,-73.1453170776367,-40.1913185119629
9.64723397928719,174.577423095703,-72.6573181152344,-39.6212158203125
9.66390111307646,174.373199462891,-72.2387466430664,-39.2195205688477
9.68056824686573,174.35969543457,-71.888801574707,-39.0045928955078
9.697235380655,174.435043334961,-71.610710144043,-38.8647918701172
9.71390251444427,174.72395324707,-71.3759918212891,-38.8985443115234
9.73056964823354,175.214157104492,-71.1906280517578,-39.1118659973145
9.74723678202281,175.4794921875,-71.0310821533203,-39.1229972839355
9.76390391581208,175.373031616211,-70.8547134399414,-38.8577117919922
9.78057104960226,174.915130615234,-70.6969375610352,-38.2944259643555
9.79723818339153,173.994842529297,-70.5672988891602,-37.3765830993652
9.8139053171808,172.817123413086,-70.5067825317383,-36.3202667236328
9.83057245097007,172.018264770508,-70.5305328369141,-35.694652557373
9.84723958475934,171.582122802734,-70.7561721801758,-35.440559387207
9.86390671854861,170.425033569336,-70.9662094116211,-34.5291633605957
9.88057385233787,170.194732666016,-71.1195220947266,-34.5584030151367
9.89724098612714,170.467864990234,-71.2977828979492,-34.9765777587891
9.91390811991641,170.664001464844,-71.4466018676758,-35.4171943664551
9.93057525370659,170.495651245117,-71.5469589233398,-35.5664024353027
9.94724238749586,170.84765625,-71.4118041992188,-36.1661605834961
9.96390952128513,171.166397094727,-71.1765823364258,-36.6435699462891
9.9805766550744,170.718444824219,-70.9045257568359,-36.4238624572754
9.99724378886367,170.686279296875,-70.6150588989258,-36.5245132446289
10.0139109226529,171.013687133789,-70.4262466430664,-36.9506149291992
10.0305780564422,170.971389770508,-70.3625793457031,-37.0432090759277
10.0472451902324,170.980712890625,-70.4268798828125,-37.1830177307129
10.0639123240207,171.13037109375,-70.6145248413086,-37.4872550964355
10.0805794578109,171.384002685547,-70.8928756713867,-37.9250106811523
10.0972465916002,171.905685424805,-71.2294845581055,-38.6323776245117
10.1139137253895,172.167068481445,-71.5506820678711,-38.9514007568359
10.1305808591787,172.433731079102,-71.8806076049805,-39.3343276977539
10.147247992968,172.647506713867,-72.1481323242188,-39.6671905517578
10.1639151267573,172.51823425293,-72.3880081176758,-39.6873893737793
10.1805822605465,172.07893371582,-72.5962982177734,-39.4298934936523
10.1972493943367,171.551452636719,-72.7964477539062,-39.0969848632812
10.2139165281251,170.928436279297,-72.9910202026367,-38.6943817138672
10.2305836619153,170.287017822266,-73.1708068847656,-38.273998260498
10.2472507957045,169.557357788086,-73.324348449707,-37.7300758361816
10.2639179294938,168.805511474609,-73.4439468383789,-37.1729583740234
10.2805850632831,168.222122192383,-73.5086517333984,-36.7815971374512
10.2972521970723,167.942291259766,-73.5590286254883,-36.6588287353516
10.3139193308616,167.640716552734,-73.555908203125,-36.5148811340332
10.3305864646509,167.311706542969,-73.4779891967773,-36.3364753723145
10.3472535984411,166.850433349609,-73.3716125488281,-36.0151977539062
10.3639207322294,166.004516601562,-73.282341003418,-35.3555374145508
10.3805878660196,164.831588745117,-73.2318115234375,-34.4197425842285
10.3972549998089,163.716934204102,-73.2406845092773,-33.6087684631348
10.4139221335981,163.253707885742,-73.258171081543,-33.3897399902344
10.4305892673874,163.20344543457,-73.6291809082031,-33.4021492004395
10.4472564011767,161.102874755859,-73.8355255126953,-31.4968032836914
10.4639235349659,160.096710205078,-74.0390548706055,-30.5772514343262
10.4805906687552,160.056015014648,-74.2349700927734,-30.4063282012939
10.4972578025454,159.440795898438,-74.4003601074219,-29.8395500183105
10.5139249363338,158.529907226562,-74.696891784668,-29.0048942565918
10.5305920701239,157.353912353516,-75.0483016967773,-27.9781532287598
10.5472592039132,156.401763916016,-75.4809494018555,-27.1282386779785
10.5639263377025,155.317337036133,-75.8432846069336,-26.1281394958496
10.5805934714917,155.201431274414,-76.1627502441406,-26.03000831604
10.597260605281,155.965408325195,-76.4817276000977,-26.6741962432861
10.6139277390703,156.719161987305,-76.6845703125,-27.2945518493652
10.6305948728595,157.847183227539,-76.7667465209961,-28.1961669921875
10.6472620066497,159.429794311523,-76.7257537841797,-29.4198799133301
10.6639291404381,161.287033081055,-76.5490493774414,-30.820686340332
10.6805962742283,162.911636352539,-76.2215423583984,-31.9160099029541
10.6972634080175,164.091156005859,-75.750862121582,-32.5650100708008
10.7139305418068,164.863983154297,-75.1641311645508,-32.8216667175293
10.7305976755961,165.182998657227,-74.5274429321289,-32.6653251647949
10.7472648093853,165.175384521484,-73.8677062988281,-32.2355079650879
10.7639319431746,165.088409423828,-73.2022399902344,-31.737154006958
10.7805990769639,165.018676757812,-72.5461654663086,-31.2327404022217
10.7972662107541,164.988555908203,-71.8901214599609,-30.7458820343018
10.8139333445424,165.046585083008,-71.2744750976562,-30.3372764587402
10.8306004783326,165.1123046875,-70.7528686523438,-29.917387008667
10.8472676121219,165.079193115234,-70.322135925293,-29.415599822998
10.8639347459111,165.190155029297,-70.0096206665039,-29.0472106933594
10.8806018797004,165.351318359375,-69.8676376342773,-28.7259464263916
10.8972690134897,165.372131347656,-69.8628311157227,-28.2621173858643
10.9139361472789,165.237976074219,-69.9551162719727,-27.6778392791748
10.9306032810682,164.936401367188,-70.0994644165039,-26.9736671447754
10.9472704148584,164.216217041016,-70.2499084472656,-25.9303169250488
10.9639375486468,163.099105834961,-70.4057693481445,-24.6410102844238
10.9806046824369,162.132827758789,-70.628662109375,-23.5677471160889
10.9972718162262,162.011306762695,-70.9060287475586,-23.2964725494385
11.0139389500155,162.294647216797,-71.3698120117188,-23.2623310089111
11.0306060838047,161.327880859375,-71.7947692871094,-22.1814098358154
11.047273217594,160.878799438477,-72.068603515625,-21.8185939788818
11.0639403513833,161.402862548828,-72.3122253417969,-22.1125831604004
11.0806074851725,161.175994873047,-72.3610076904297,-21.8348541259766
11.0972746189627,161.454193115234,-72.1951751708984,-22.1022701263428
11.1139417527511,161.77685546875,-71.840217590332,-22.4099712371826
11.1306088865413,161.564331054688,-71.2834854125977,-22.3227844238281
11.1472760203305,161.608169555664,-70.646369934082,-22.5217761993408
11.1639431541198,162.249404907227,-70.0721893310547,-23.2052955627441
11.1806102879091,162.932022094727,-69.6847686767578,-23.8518562316895
11.1972774216983,163.343551635742,-69.509407043457,-24.2471446990967
11.2139445554876,163.659515380859,-69.5806655883789,-24.5161380767822
11.2306116892769,163.793853759766,-69.9246063232422,-24.6035919189453
11.2472788230671,163.942581176758,-70.4650955200195,-24.7069053649902
11.2639459568554,164.0400390625,-71.0462112426758,-24.6114826202393
11.2806130906456,163.919372558594,-71.6944351196289,-24.2636375427246
11.2972802244349,163.957870483398,-72.3587493896484,-24.077672958374
11.3139473582241,163.880233764648,-72.9763565063477,-23.7589473724365
11.3306144920134,163.491439819336,-73.5542373657227,-23.1709079742432
11.3472816258027,162.782592773438,-74.0899047851562,-22.3322277069092
11.3639487595919,161.930740356445,-74.5379104614258,-21.3944206237793
11.3806158933812,160.89176940918,-74.9029006958008,-20.2745933532715
11.3972830271714,160.053726196289,-75.2444076538086,-19.3830413818359
11.4139501609598,159.459899902344,-75.5309448242188,-18.724666595459
11.4306172947499,159.062652587891,-75.7356338500977,-18.2485065460205
11.4472844285392,159.148712158203,-75.8423843383789,-18.2521362304688
11.4639515623285,159.461990356445,-75.849006652832,-18.4116897583008
11.4806186961177,159.872512817383,-75.7950439453125,-18.6680316925049
11.497285829907,159.921157836914,-75.6860046386719,-18.60085105896
11.5139529636963,159.945587158203,-75.5447006225586,-18.5005950927734
11.5306200974856,159.692153930664,-75.3807830810547,-18.1551856994629
11.5472872312757,158.935333251953,-75.1829528808594,-17.3729763031006
11.5639543650641,158.171005249023,-74.9690475463867,-16.5706443786621
11.5806214988543,157.942245483398,-74.7562561035156,-16.2102088928223
11.5972886326435,159.198043823242,-74.5650787353516,-17.1695461273193
11.6139557664328,159.216049194336,-74.6875152587891,-16.6890354156494
11.6306229002221,159.073852539062,-74.412971496582,-16.2321491241455
11.6472900340113,160.20637512207,-74.3328094482422,-16.6829719543457
11.6639571678006,160.091522216797,-74.1100082397461,-16.1682796478271
11.6806243015899,159.957992553711,-73.9043579101562,-15.7948808670044
11.6972914353801,160.096405029297,-74.0825653076172,-15.8215427398682
11.7139585691684,159.359573364258,-74.5650634765625,-15.2671995162964
11.7306257029586,158.644241333008,-75.26953125,-14.8083829879761
11.7472928367479,158.270050048828,-76.1632385253906,-14.6889362335205
11.7639599705371,158.904510498047,-76.935791015625,-15.4774293899536
11.7806271043264,160.160339355469,-77.5505523681641,-16.7538604736328
11.7972942381157,161.472106933594,-77.9244079589844,-18.0931301116943
11.813961371905,162.717849731445,-78.073112487793,-19.3623294830322
11.8306285056942,163.699432373047,-77.9789886474609,-20.3687896728516
11.8472956394844,164.428359985352,-77.6674652099609,-21.1401767730713
11.8639627732728,165.082778930664,-77.1767578125,-21.8132820129395
11.8806299070629,165.76432800293,-76.5583648681641,-22.489372253418
11.8972970408522,166.350448608398,-75.841796875,-23.0777740478516
11.9139641746415,166.848526000977,-75.0352020263672,-23.6064529418945
11.9306313084307,167.11067199707,-74.1752166748047,-23.9427700042725
11.94729844222,167.202560424805,-73.2813491821289,-24.1601371765137
11.9639655760093,167.250961303711,-72.3818511962891,-24.3741092681885
11.9806327097986,167.28776550293,-71.4847259521484,-24.6225967407227
11.9972998435887,167.303482055664,-70.6467132568359,-24.8825511932373
12.0139669773771,167.204956054688,-69.8756790161133,-25.047212600708
12.0306341111673,167.126556396484,-69.1895217895508,-25.2444953918457
12.0473012449565,167.229995727539,-68.6001968383789,-25.5886211395264
12.0639683787458,167.407760620117,-68.122444152832,-25.9938335418701
12.0806355125351,167.496795654297,-67.7541351318359,-26.3336811065674
12.0973026463244,167.386932373047,-67.4722442626953,-26.5339851379395
12.1139697801136,167.117828369141,-67.2355117797852,-26.5994281768799
12.1306369139029,166.640228271484,-67.0556411743164,-26.4941349029541
12.1473040476931,165.946136474609,-67.0249099731445,-26.2758331298828
12.1639711814814,165.419158935547,-67.1775970458984,-26.2734508514404
12.1806383152716,165.449783325195,-67.547966003418,-26.7930297851562
12.1973054490609,165.07861328125,-68.0566101074219,-26.8911304473877
12.2139725828501,163.850402832031,-68.4560165405273,-26.4184436798096
12.2306397166394,163.537246704102,-68.6866607666016,-26.8294811248779
12.2473068504287,163.400024414062,-68.772346496582,-27.3033504486084
12.263973984218,163.264236450195,-68.5936737060547,-27.9052677154541
12.2806411180072,163.327606201172,-68.2850494384766,-28.6367053985596
12.2973082517974,163.362594604492,-67.8485488891602,-29.3709163665771
12.3139753855858,163.475311279297,-67.3742904663086,-30.2142200469971
12.3306425193759,163.742889404297,-66.8341827392578,-31.2073059082031
12.3473096531652,164.684387207031,-66.2542114257812,-32.6768836975098
12.3639767869545,165.854629516602,-65.7803649902344,-34.2204475402832
12.3806439207438,166.746719360352,-65.4371719360352,-35.4766120910645
12.397311054533,167.587448120117,-65.2549209594727,-36.6495780944824
12.4139781883223,168.498901367188,-65.2284469604492,-37.8519439697266
12.4306453221116,169.42903137207,-65.3501205444336,-39.0300750732422
12.4473124559017,170.320236206055,-65.5943756103516,-40.1161689758301
12.4639795896901,171.157928466797,-65.9027099609375,-41.0873069763184
12.4806467234803,171.869766235352,-66.2466506958008,-41.9204444885254
12.4973138572695,172.22932434082,-66.5983047485352,-42.3905944824219
12.5139809910588,172.217742919922,-66.9420852661133,-42.5502281188965
12.5306481248481,171.987518310547,-67.2641754150391,-42.5390930175781
12.5473152586374,171.529083251953,-67.5722885131836,-42.3252868652344
12.5639823924266,170.991439819336,-67.8610458374023,-42.0656318664551
12.5806495262159,170.442092895508,-68.123908996582,-41.7933731079102
12.5973166600061,169.860809326172,-68.3106689453125,-41.4862289428711
12.6139837937944,169.46240234375,-68.3839492797852,-41.3425064086914
12.6306509275846,169.388153076172,-68.3662185668945,-41.4649925231934
12.6473180613739,169.383575439453,-68.2831954956055,-41.5804443359375
12.6639851951631,169.138137817383,-68.1540679931641,-41.4049911499023
12.6806523289524,168.820709228516,-67.9567718505859,-41.1100730895996
12.6973194627417,168.392013549805,-67.7146148681641,-40.6097183227539
12.713986596531,167.604873657227,-67.4947967529297,-39.7938537597656
12.7306537303202,166.610412597656,-67.3197021484375,-38.7758941650391
12.7473208641104,166.347015380859,-67.2511672973633,-38.3628616333008
12.7639879978988,165.409729003906,-67.3654327392578,-37.1936950683594
12.7806551316889,163.994110107422,-67.5297927856445,-35.649040222168
12.7973222654782,163.203598022461,-67.8377532958984,-34.7220153808594
12.8139893992675,161.896850585938,-68.1740646362305,-33.2774963378906
12.8306565330568,160.633804321289,-68.5686721801758,-31.9854755401611
12.847323666846,160.521789550781,-69.1372299194336,-31.7740478515625
12.8639908006353,160.289581298828,-69.9172286987305,-31.51442527771
12.8806579344246,159.88264465332,-70.7477645874023,-31.1462230682373
12.8973250682147,159.849670410156,-71.5719680786133,-31.007303237915
12.9139922020031,160.782775878906,-72.1668701171875,-31.5960083007812
12.9306593357933,162.261291503906,-72.6596221923828,-32.5430526733398
12.9473264695825,163.443588256836,-72.9805755615234,-33.2003860473633
12.9639936033718,164.437026977539,-73.159782409668,-33.684139251709
12.9806607371611,165.395965576172,-73.1797103881836,-34.1096115112305
12.9973278709504,166.05387878418,-73.0401153564453,-34.2162399291992
13.0139950047396,166.493621826172,-72.7766189575195,-34.1367416381836
13.0306621385289,166.703186035156,-72.4159393310547,-33.8579597473145
13.0473292723191,166.56852722168,-71.9792556762695,-33.311164855957
13.0639964061074,166.155258178711,-71.5263290405273,-32.5618476867676
13.0806635398976,165.434310913086,-71.1006546020508,-31.5871601104736
13.0973306736869,164.665878295898,-70.658073425293,-30.6006031036377
13.1139978074762,163.993179321289,-70.2206192016602,-29.7132148742676
13.1306649412654,163.431091308594,-69.8030624389648,-28.9277496337891
13.1473320750547,163.194000244141,-69.4141235351562,-28.4042205810547
13.163999208844,163.292572021484,-69.036735534668,-28.1203193664551
13.1806663426332,163.501892089844,-68.7345428466797,-27.9098224639893
13.1973334764234,163.575088500977,-68.56884765625,-27.5694904327393
13.2140006102118,163.569427490234,-68.5551910400391,-27.1600875854492
13.2306677440019,163.550521850586,-68.684326171875,-26.7705249786377
13.2473348777912,163.217987060547,-68.8663787841797,-26.1500568389893
13.2640020115805,162.68424987793,-69.0009384155273,-25.4151554107666
13.2806691453698,162.060012817383,-69.052864074707,-24.6529159545898
13.297336279159,161.008361816406,-69.0250930786133,-23.5463352203369
13.3140034129483,159.969848632812,-68.9188919067383,-22.5442962646484
13.3306705467376,159.592071533203,-68.9415664672852,-22.1715908050537
13.3473376805277,158.756591796875,-69.1239852905273,-21.3230228424072
13.3640048143161,158.0146484375,-69.2413101196289,-20.6940040588379
13.3806719481063,158.191879272461,-69.4235916137695,-20.819673538208
13.3973390818956,158.836013793945,-69.5954818725586,-21.33567237854
13.4140062156848,160.158706665039,-69.6459197998047,-22.5452117919922
13.4306733494741,161.700256347656,-69.6428833007812,-23.880859375
13.4473404832634,162.462646484375,-69.4433441162109,-24.5686588287354
13.4640076170526,162.714630126953,-69.1662368774414,-24.8478374481201
13.4806747508419,162.821228027344,-68.8391418457031,-25.0990123748779
13.4973418846321,163.038482666016,-68.5858764648438,-25.5193691253662
13.5140090184204,162.910873413086,-68.4475708007812,-25.6691989898682
13.5306761522106,162.515472412109,-68.4055404663086,-25.6448421478271
13.5473432859999,162.109619140625,-68.481315612793,-25.6806411743164
13.5640104197892,161.820053100586,-68.6642379760742,-25.8689556121826
13.5806775535784,161.71305847168,-68.9314498901367,-26.2451496124268
13.5973446873677,161.373260498047,-69.2474670410156,-26.2886867523193
13.614011821157,161.135986328125,-69.6732330322266,-26.4804363250732
13.6306789549462,160.877990722656,-70.1153717041016,-26.6492671966553
13.6473460887364,160.580856323242,-70.5613632202148,-26.8083972930908
13.6640132225248,160.06201171875,-70.9393463134766,-26.7255706787109
13.680680356315,159.366241455078,-71.3137130737305,-26.494457244873
13.6973474901042,158.636260986328,-71.6338882446289,-26.2020263671875
13.7140146238935,157.997268676758,-71.9241180419922,-25.9366893768311
13.7306817576828,157.691772460938,-72.2121047973633,-25.976469039917
13.747348891472,157.263092041016,-72.4382858276367,-25.7453346252441
13.7640160252613,157.092132568359,-72.6049270629883,-25.770959854126
13.7806831590506,157.326385498047,-72.7039642333984,-26.1400413513184
13.7973502928407,157.691604614258,-72.7056427001953,-26.5595455169678
13.8140174266291,157.9775390625,-72.5712814331055,-26.8602867126465
13.8306845604193,158.245040893555,-72.3528747558594,-27.0979137420654
13.8473516942086,158.543533325195,-72.121223449707,-27.3792095184326
13.8640188279978,158.603622436523,-71.8947067260742,-27.5085525512695
13.8806859617871,158.599380493164,-71.7490921020508,-27.8134613037109
13.8973530955764,159.323791503906,-71.6367797851562,-29.1497821807861
13.9140202293656,161.69189453125,-71.6955337524414,-32.1223983764648
13.9306873631549,162.848403930664,-71.797737121582,-34.3058433532715
13.9473544969451,162.084121704102,-71.6878051757812,-36.025634765625
13.9640216307334,161.096878051758,-71.4687881469727,-37.9270248413086
13.9806887645236,160.606643676758,-71.2499465942383,-40.2610092163086
13.9973558983129,160.037445068359,-71.2336578369141,-42.6977844238281
14.0140230321022,159.307647705078,-71.5280227661133,-45.173698425293
14.0306901658914,159.395874023438,-72.0333099365234,-48.2620887756348
14.0473572996807,160.13005065918,-72.7383041381836,-51.5337829589844
14.06402443347,161.383438110352,-73.2555541992188,-55.1487197875977
14.0806915672592,163.38623046875,-73.6117935180664,-58.907527923584
14.0973587010494,165.308578491211,-73.9679412841797,-62.4075889587402
14.1140258348378,167.091247558594,-74.2369613647461,-65.7426071166992
14.130692968628,168.923843383789,-74.3721313476562,-68.8414688110352
14.1473601024172,170.504531860352,-74.3834762573242,-71.4963607788086
14.1640272362065,171.706176757812,-74.3102340698242,-73.6693344116211
14.1806943699958,172.57633972168,-74.1451034545898,-75.3567657470703
14.197361503785,173.035385131836,-73.933837890625,-76.5179443359375
14.2140286375743,173.007934570312,-73.7077484130859,-77.1205902099609
14.2306957713636,172.628677368164,-73.4947128295898,-77.3168869018555
14.2473629051538,171.970565795898,-73.2815475463867,-77.1935272216797
14.2640300389421,171.099746704102,-73.0519714355469,-76.7710952758789
14.2806971727323,169.980346679688,-72.8356170654297,-76.0604095458984
14.2973643065216,168.747985839844,-72.6252136230469,-75.2497024536133
14.3140314403108,167.661773681641,-72.3554229736328,-74.5203323364258
14.3306985741001,166.79052734375,-72.0085754394531,-73.9206085205078
14.3473657078894,166.149154663086,-71.5904235839844,-73.4701919555664
14.3640328416786,165.753921508789,-71.1375045776367,-73.134765625
14.3806999754679,165.402587890625,-70.7296371459961,-72.7183227539062
14.3973671092581,164.977661132812,-70.4188537597656,-72.1778259277344
14.4140342430464,164.45198059082,-70.2251434326172,-71.4565277099609
14.4307013768366,163.644485473633,-70.2319641113281,-70.4175796508789
14.4473685106259,162.495864868164,-70.3352203369141,-69.0120620727539
14.4640356444152,161.121520996094,-70.4702301025391,-67.4043960571289
14.4807027782044,159.887435913086,-70.5497665405273,-65.9517364501953
14.4973699119937,158.789199829102,-70.6942749023438,-64.5908889770508
14.514037045783,157.279312133789,-70.870002746582,-63.0740928649902
14.5307041795722,156.491195678711,-70.8335876464844,-62.172550201416
14.5473713133624,156.215942382812,-70.7117080688477,-61.555721282959
14.5640384471508,155.864501953125,-70.4639587402344,-60.982967376709
14.580705580941,155.76496887207,-70.1783676147461,-60.6770095825195
14.5973727147302,155.698867797852,-69.8256912231445,-60.5038032531738
14.6140398485195,155.685699462891,-69.433464050293,-60.3922004699707
14.6307069823088,155.644790649414,-68.9681091308594,-60.3377075195312
14.647374116098,155.82795715332,-68.4515228271484,-60.5863800048828
14.6640412498873,156.565002441406,-67.9764633178711,-61.2662086486816
14.6807083836766,157.469543457031,-67.5966491699219,-62.128288269043
14.6973755174668,158.215744018555,-67.3237380981445,-62.9709587097168
14.7140426512551,159.027053833008,-67.1258163452148,-63.9125137329102
14.7307097850453,160.058380126953,-66.9785690307617,-64.9794692993164
14.7473769188346,161.115386962891,-66.8649520874023,-66.0525588989258
14.7640440526238,162.021331787109,-66.7823944091797,-66.9997177124023
14.7807111864131,162.640609741211,-66.7723846435547,-67.7119293212891
14.7973783202024,162.949752807617,-66.8391799926758,-68.2133102416992
14.8140454539916,162.872787475586,-66.9510116577148,-68.4231109619141
14.8307125877809,162.507171630859,-67.1059646606445,-68.4390258789062
14.8473797215711,162.033401489258,-67.2844924926758,-68.3503570556641
14.8640468553594,161.401077270508,-67.4850234985352,-68.1581573486328
14.8807139891496,160.805694580078,-67.6687240600586,-67.97607421875
14.8973811229389,160.242553710938,-67.8412322998047,-67.7661666870117
14.9140482567282,159.614532470703,-67.9810485839844,-67.485237121582
14.9307153905174,158.979827880859,-68.0838623046875,-67.2281951904297
14.9473825243067,158.70198059082,-68.1354675292969,-67.2557754516602
14.964049658096,158.518890380859,-68.1452713012695,-67.3403396606445
14.9807167918852,158.166610717773,-68.1091232299805,-67.2480010986328
14.9973839256754,157.603088378906,-68.0238265991211,-66.995719909668
15.0140510594638,156.934387207031,-67.9036560058594,-66.6579132080078
15.030718193254,156.041687011719,-67.8432922363281,-66.1599502563477
15.0473853270432,154.964141845703,-67.878288269043,-65.568717956543
15.0640524608325,154.192352294922,-67.9956588745117,-65.2724914550781
15.0807195946218,154.411117553711,-68.1541519165039,-65.6575241088867
15.097386728411,153.621520996094,-68.5646743774414,-65.190544128418
15.1140538622003,153.0166015625,-68.7378005981445,-65.1335678100586
15.1307209959896,153.030151367188,-68.9506912231445,-65.1266860961914
15.1473881297798,152.491363525391,-69.2129058837891,-64.7699127197266
15.164055263569,151.547256469727,-69.5526123046875,-64.2925796508789
15.1807223973583,150.947189331055,-69.9690628051758,-64.1413116455078
15.1973895311476,150.146713256836,-70.4119186401367,-63.9596138000488
15.2140566649368,149.508041381836,-70.7654724121094,-64.0900955200195
15.2307237987261,149.759521484375,-71.0099945068359,-64.9276428222656
15.2473909325154,150.72770690918,-71.1682739257812,-66.2444686889648
15.2640580663046,151.983001708984,-71.2516632080078,-67.8276214599609
15.2807252000939,153.499938964844,-71.2022171020508,-69.6398315429688
15.2973923338841,155.230865478516,-70.9528198242188,-71.5238494873047
15.3140594676734,156.949584960938,-70.5580139160156,-73.2683792114258
15.3307266014626,158.535629272461,-70.0825653076172,-74.804328918457
15.3473937352519,159.899658203125,-69.5626068115234,-76.0709915161133
15.3640608690412,160.964401245117,-68.9936981201172,-77.0000534057617
15.3807280028304,161.71337890625,-68.456184387207,-77.6066284179688
15.3973951366197,162.200317382812,-67.9727630615234,-77.9666137695312
15.414062270409,162.42854309082,-67.5057525634766,-78.1166152954102
15.4307294041982,162.34455871582,-67.0902404785156,-78.0345840454102
15.4473965379884,162.050964355469,-66.7314910888672,-77.8291473388672
15.4640636717777,161.683029174805,-66.4015274047852,-77.6190643310547
15.480730805567,161.327239990234,-66.1075592041016,-77.4192123413086
15.4973979393562,161.005020141602,-65.8464660644531,-77.2564468383789
15.5140650731455,160.748687744141,-65.6265106201172,-77.1816177368164
15.5307322069348,160.594039916992,-65.4737701416016,-77.2245407104492
15.547399340724,160.560562133789,-65.3808746337891,-77.4057769775391
15.5640664745133,160.590087890625,-65.377685546875,-77.6538696289062
15.5807336083026,160.585739135742,-65.4777221679688,-77.9600677490234
15.5974007420928,160.464324951172,-65.6780776977539,-78.3005523681641
15.614067875882,160.218627929688,-65.9584426879883,-78.693717956543
15.6307350096713,160.157943725586,-66.2460021972656,-79.2571105957031
15.6474021434606,160.462875366211,-66.4592971801758,-80.110221862793
15.6640692772498,161.055084228516,-66.602897644043,-81.2058639526367
15.6807364110391,161.852752685547,-66.768928527832,-82.3993377685547
15.6974035448284,162.348037719727,-67.0947265625,-83.4917144775391
15.7140706786176,162.683212280273,-67.4204254150391,-84.5270538330078
15.7307378124069,163.078277587891,-67.7106781005859,-85.357780456543
15.7474049461971,162.864120483398,-68.0705413818359,-85.7145767211914
15.7640720799864,162.174362182617,-68.4239654541016,-85.5743789672852
15.7807392137756,161.26643371582,-68.725456237793,-85.1586456298828
15.7974063475649,160.417572021484,-68.7274169921875,-84.740608215332
15.8140734813542,159.717056274414,-68.5152816772461,-84.3174057006836
15.8307406151434,159.210693359375,-68.1581497192383,-83.9953079223633
15.8474077489327,159.042739868164,-67.7437591552734,-83.9862823486328
15.864074882722,159.273040771484,-67.3309783935547,-84.3536987304688
15.8807420165112,159.826477050781,-66.9832458496094,-84.9794387817383
15.8974091503014,160.684097290039,-66.6782379150391,-85.8156280517578
15.9140762840907,161.658493041992,-66.4676895141602,-86.7434692382812
15.93074341788,162.609909057617,-66.3894653320312,-87.6411209106445
15.9474105516692,163.418731689453,-66.4665756225586,-88.4238586425781
15.9640776854585,164.041763305664,-66.6729431152344,-89.0746231079102
15.9807448192478,164.464859008789,-66.9939041137695,-89.597770690918
15.997411953037,164.656814575195,-67.4008255004883,-89.9706954956055
16.0140790868263,164.563095092773,-67.8665008544922,-90.1393508911133
16.0307462206156,164.270446777344,-68.3335418701172,-90.1764144897461
16.0474133544058,163.934127807617,-68.7566604614258,-90.1857986450195
16.064080488195,163.679489135742,-69.1325302124023,-90.2619247436523
16.0807476219843,163.591690063477,-69.4746475219727,-90.4719161987305
16.0974147557736,163.62712097168,-69.7203674316406,-90.7097320556641
16.1140818895628,163.707000732422,-69.8914260864258,-90.958740234375
16.1307490233521,163.842803955078,-70.0059204101562,-91.2100372314453
16.1474161571414,163.824691772461,-70.0520477294922,-91.4061508178711
16.1640832909306,163.916809082031,-69.9798965454102,-91.607307434082
16.1807504247199,164.109649658203,-69.865837097168,-91.737663269043
16.1974175585101,164.253952026367,-69.7592391967773,-91.7314987182617
16.2140846922994,164.259429931641,-69.7051467895508,-91.5725555419922
16.2307518260886,164.139495849609,-69.7023544311523,-91.3009490966797
16.2474189598779,163.987228393555,-69.7383117675781,-90.9976043701172
16.2640860936672,163.910232543945,-69.8161697387695,-90.6445388793945
16.2807532274564,163.297332763672,-70.0553131103516,-90.071647644043
16.2974203612457,163.007659912109,-70.2120361328125,-89.670036315918
16.314087495035,162.978149414062,-70.4092712402344,-89.465461730957
16.3307546288243,162.916046142578,-70.5717697143555,-89.2231750488281
16.3474217626144,163.254989624023,-70.774528503418,-89.1750411987305
16.3640888964037,163.332260131836,-71.1850051879883,-89.0236587524414
16.380756030193,163.224349975586,-71.7163619995117,-88.9378051757812
16.3974231639822,163.147567749023,-72.3303146362305,-89.0255432128906
16.4140902977715,163.152557373047,-72.8373947143555,-89.4561004638672
16.4307574315608,163.875991821289,-73.1772155761719,-90.3621215820312
16.44742456535,165.010604858398,-73.3842468261719,-91.5478897094727
16.4640916991393,166.452377319336,-73.5070419311523,-93.0645751953125
16.4807588329286,168.069473266602,-73.5417404174805,-94.6730499267578
16.4974259667188,169.608734130859,-73.4868698120117,-96.1505279541016
16.514093100508,170.821151733398,-73.3752670288086,-97.2674942016602
16.5307602342973,171.599578857422,-73.2542266845703,-97.9521179199219
16.5474273680866,171.90998840332,-73.1361312866211,-98.1786117553711
16.5640945018758,171.773086547852,-73.0336227416992,-97.9676818847656
16.5807616356651,171.237258911133,-72.9567260742188,-97.3883285522461
16.5974287694544,170.405075073242,-72.8864212036133,-96.5470428466797
16.6140959032437,169.384902954102,-72.8305130004883,-95.5577774047852
16.6307630370329,168.303619384766,-72.7778549194336,-94.5429306030273
16.6474301708231,167.306274414062,-72.7070083618164,-93.6349945068359
16.6640973046124,166.445510864258,-72.5962295532227,-92.8892288208008
16.6807644384016,165.773223876953,-72.4506301879883,-92.3354034423828
16.6974315721909,165.280609130859,-72.2802505493164,-91.9653396606445
16.7140987059802,165.005218505859,-72.0726699829102,-91.7930679321289
16.7307658397694,164.928756713867,-71.8245086669922,-91.7700424194336
16.7474329735587,164.915740966797,-71.5906829833984,-91.7825469970703
16.764100107348,164.865386962891,-71.3950424194336,-91.7587585449219
16.7807672411373,164.749923706055,-71.2465057373047,-91.6925048828125
16.7974343749274,164.515686035156,-71.1702880859375,-91.523193359375
16.8141015087167,164.136245727539,-71.1494293212891,-91.210334777832
16.830768642506,163.532104492188,-71.1644973754883,-90.6994018554688
16.8474357762952,162.954193115234,-71.140495300293,-90.2722854614258
16.8641029100845,162.700820922852,-71.0420379638672,-90.051383972168
16.8807700438738,162.527908325195,-71.0494613647461,-89.8341293334961
16.8974371776631,162.142135620117,-71.1739807128906,-89.8403854370117
16.9141043114523,162.326309204102,-71.2200927734375,-90.1288070678711
16.9307714452416,162.664276123047,-71.2553176879883,-90.4091720581055
16.9474385790318,162.690948486328,-71.2875900268555,-90.5440063476562
16.964105712821,162.715423583984,-71.3283462524414,-90.4876327514648
16.9807728466103,161.893157958984,-71.4854888916016,-89.8771438598633
16.9974399803996,160.897689819336,-71.6328353881836,-89.0808486938477
17.0141071141888,160.057312011719,-71.6560516357422,-88.2030258178711
17.0307742479781,159.281372070312,-71.4618453979492,-87.2903289794922
17.0474413817674,158.85090637207,-71.1969604492188,-86.5429229736328
17.0641085155567,158.406921386719,-70.9824905395508,-85.7953948974609
17.0807756493459,157.928787231445,-70.7992477416992,-85.0685348510742
17.0974427831361,157.644668579102,-70.6009902954102,-84.5166625976562
17.1141099169254,157.523345947266,-70.3885879516602,-84.0830307006836
17.1307770507146,157.651214599609,-70.1818542480469,-83.8315505981445
17.1474441845039,157.908737182617,-70.0183486938477,-83.5912094116211
17.1641113182932,158.149703979492,-69.8978042602539,-83.2587356567383
17.1807784520824,158.341156005859,-69.8434066772461,-82.8651657104492
17.1974455858717,158.495819091797,-69.9215545654297,-82.4078750610352
17.214112719661,158.419815063477,-70.0852661132812,-81.7361907958984
17.2307798534503,157.970993041992,-70.2705841064453,-80.7727508544922
17.2474469872404,157.231369018555,-70.4763412475586,-79.5044784545898
17.2641141210297,156.375534057617,-70.703987121582,-78.1489181518555
17.280781254819,155.413818359375,-70.9208297729492,-76.8130187988281
17.2974483886082,154.485855102539,-71.0674667358398,-75.5781784057617
17.3141155223975,153.628829956055,-71.1118011474609,-74.4172592163086
17.3307826561868,152.797836303711,-71.0542297363281,-73.2680892944336
17.3474497899761,152.042938232422,-70.9305877685547,-72.1576538085938
17.3641169237653,151.25032043457,-70.7859649658203,-70.936408996582
17.3807840575546,150.275253295898,-70.6414184570312,-69.4844741821289
17.3974511913448,149.120681762695,-70.4762802124023,-67.7790298461914
17.414118325134,147.791397094727,-70.3290481567383,-65.8778305053711
17.4307854589233,146.62907409668,-70.0934829711914,-63.9996910095215
17.4474525927126,145.884796142578,-69.6642303466797,-62.277904510498
17.4641197265018,145.898513793945,-68.9766616821289,-60.9161987304688
17.4807868602911,146.391418457031,-68.3717727661133,-59.433952331543
17.4974539940804,145.30908203125,-67.9135971069336,-56.8559684753418
17.5141211278697,145.253219604492,-67.2797012329102,-55.0919761657715
17.5307882616589,146.026504516602,-66.7709121704102,-53.273193359375
17.5474553954491,146.719375610352,-66.3617858886719,-51.4485893249512
17.5641225292384,147.399673461914,-66.2182312011719,-49.6825904846191
17.5807896630276,148.322662353516,-66.3230667114258,-48.0096549987793
17.5974567968169,148.557205200195,-66.6632614135742,-45.9763526916504
17.6141239306062,147.846664428711,-67.1222534179688,-43.6723709106445
17.6307910643955,147.489822387695,-67.659538269043,-41.7364082336426
17.6474581981847,147.589431762695,-68.1705474853516,-40.2072410583496
17.664125331974,147.77587890625,-68.5308303833008,-38.8267860412598
17.6807924657633,147.916580200195,-68.887092590332,-37.4759101867676
17.6974595995534,147.99739074707,-69.1308212280273,-36.3142127990723
17.7141267333427,148.053497314453,-69.1428756713867,-35.2881851196289
17.730793867132,148.196868896484,-68.9749221801758,-34.4755439758301
17.7474610009212,148.505981445312,-68.6143264770508,-33.8935050964355
17.7641281347105,149.014038085938,-68.0758514404297,-33.5754051208496
17.7807952684998,149.818130493164,-67.3271255493164,-33.5087661743164
17.7974624022891,150.712600708008,-66.4223937988281,-33.5035095214844
17.8141295360783,151.550445556641,-65.3974151611328,-33.4840507507324
17.8307966698676,152.195938110352,-64.3386840820312,-33.3157157897949
17.8474638036578,152.688262939453,-63.3082656860352,-33.0239028930664
17.864130937447,153.126525878906,-62.3386192321777,-32.6697540283203
17.8807980712363,153.609924316406,-61.4509658813477,-32.3188133239746
17.8974652050256,154.030700683594,-60.6655921936035,-31.9089546203613
17.9141323388149,154.425552368164,-60.0225219726562,-31.4981422424316
17.9307994726041,154.772979736328,-59.5525169372559,-31.0961093902588
17.9474666063934,154.885589599609,-59.2799377441406,-30.5957946777344
17.9641337401827,154.74885559082,-59.1914176940918,-30.0236740112305
17.9808008739719,154.495269775391,-59.2633056640625,-29.4614810943604
17.9974680077621,154.051177978516,-59.4655265808105,-28.8096179962158
18.0141351415514,153.231903076172,-59.6501388549805,-27.9442138671875
18.0308022753406,152.339065551758,-59.8450736999512,-27.1939029693604
18.0474694091299,152.119155883789,-60.0848960876465,-27.0541019439697
18.0641365429192,152.374450683594,-60.4056396484375,-27.1295680999756
18.0808036767085,151.024353027344,-60.7476615905762,-26.1598567962646
18.0974708104977,149.747024536133,-60.9440078735352,-25.7863292694092
18.1141379442879,150.235687255859,-61.2477149963379,-26.3664150238037
18.1308050780763,150.076934814453,-61.5510368347168,-26.2484607696533
18.1474722118664,147.930603027344,-61.5978088378906,-25.1441497802734
18.1641393456557,146.161499023438,-61.338939666748,-24.6452159881592
18.180806479445,145.634826660156,-60.8997917175293,-24.9161224365234
18.1974736132343,145.261993408203,-60.2315101623535,-25.3371124267578
18.2141407470235,145.170272827148,-59.5922966003418,-26.0529651641846
18.2308078808128,145.539154052734,-59.2054481506348,-26.917308807373
18.2474750146021,145.955505371094,-59.1678047180176,-27.7333164215088
18.2641421483922,146.220138549805,-59.5947418212891,-28.3504734039307
18.2808092821806,146.544464111328,-60.6235084533691,-28.9133148193359
18.2974764159708,147.282073974609,-62.2339744567871,-29.723201751709
18.31414354976,148.580383300781,-64.158805847168,-31.038610458374
18.3308106835493,150.371185302734,-66.1428451538086,-32.8244400024414
18.3474778173386,152.758926391602,-67.9843292236328,-35.1640548706055
18.3641449511279,155.966735839844,-69.5031890869141,-38.2947196960449
18.3808120849171,159.553588867188,-70.7553329467773,-41.8271560668945
18.3974792187064,163.565307617188,-71.8293533325195,-45.9192886352539
18.4141463524966,168.311599731445,-72.7514343261719,-50.7988319396973
18.4308134862849,173.555541992188,-73.5444183349609,-56.2093734741211
18.4474806200751,179.32421875,-74.2068786621094,-62.181884765625
18.4641477538644,-174.262954711914,-74.6009826660156,-68.7765121459961
18.4808148876537,-167.64826965332,-74.6001434326172,-75.4325714111328
18.4974820214429,-161.325134277344,-74.2465896606445,-81.7177810668945
18.5141491552322,-156.322738647461,-73.8352127075195,-86.8165512084961
18.5308162890215,-153.076736450195,-73.4662399291992,-90.3337631225586
18.5474834228107,-150.923004150391,-73.0778503417969,-92.818603515625
18.5641505566009,-149.566314697266,-72.748664855957,-94.4776916503906
18.5808176903893,-149.09358215332,-72.4997100830078,-95.314582824707
18.5974848241794,-149.174102783203,-72.179557800293,-95.657112121582
18.6141519579687,-147.99755859375,-71.6921234130859,-96.7987976074219
18.630819091758,-147.671157836914,-71.6693725585938,-97.131721496582
18.6474862255473,-148.060073852539,-71.5514831542969,-96.9905700683594
18.6641533593365,-147.282775878906,-71.2518310546875,-97.364143371582
18.6808204931258,-146.357971191406,-71.0442199707031,-97.7871780395508
18.6974876269151,-145.919906616211,-71.3727569580078,-98.1688385009766
18.7141547607052,-145.568878173828,-71.9704284667969,-99.0044937133789
18.7308218944936,-143.654922485352,-72.3564147949219,-101.200798034668
18.7474890282838,-141.11897277832,-72.5712966918945,-103.779273986816
18.764156162073,-138.103424072266,-72.5649108886719,-106.711616516113
18.7808232958623,-135.001388549805,-72.3655166625977,-109.617523193359
18.7974904296516,-132.49006652832,-72.0629119873047,-111.942909240723
18.8141575634409,-130.666839599609,-71.6541366577148,-113.608581542969
18.8308246972301,-129.539581298828,-71.2178344726562,-114.569732666016
18.8474918310194,-129.062652587891,-70.7891464233398,-114.837799072266
18.8641589648096,-129.237945556641,-70.4051132202148,-114.365257263184
18.8808260985979,-130.152648925781,-70.1053466796875,-113.153297424316
18.8974932323881,-131.608123779297,-69.8964309692383,-111.373168945312
18.9141603661774,-133.433685302734,-69.7572021484375,-109.20240020752
18.9308274999667,-135.445083618164,-69.6621475219727,-106.801048278809
18.9474946337559,-137.39469909668,-69.5593566894531,-104.339981079102
18.9641617675452,-139.168380737305,-69.4797744750977,-101.989837646484
18.9808289013345,-140.737121582031,-69.4243087768555,-99.8415374755859
18.9974960351237,-141.956695556641,-69.3782119750977,-98.0243453979492
19.0141631689139,-143.068511962891,-69.3048324584961,-96.3156967163086
19.0308303027023,-144.032440185547,-69.1275634765625,-94.624397277832
19.0474974364924,-145.019439697266,-69.0101318359375,-92.8360443115234
19.0641645702817,-146.500534057617,-69.1107406616211,-90.7590866088867
19.080831704071,-148.619079589844,-69.424934387207,-88.2651596069336
19.0974988378603,-151.134017944336,-69.9016799926758,-85.4925918579102
19.1141659716495,-154.23420715332,-70.5747299194336,-82.2184295654297
19.1308331054388,-158.112884521484,-71.4050903320312,-78.3881454467773
19.1475002392281,-161.875442504883,-72.1136474609375,-74.5774154663086
19.1641673730182,-164.154144287109,-72.7832717895508,-71.73193359375
19.1808345068066,-168.668365478516,-73.8062362670898,-67.3563461303711
19.1975016405968,-174.160858154297,-74.4013977050781,-62.5382766723633
19.2141687743861,-178.202941894531,-74.7128067016602,-58.179988861084
19.2308359081753,177.115661621094,-74.7472915649414,-53.6018104553223
19.2475030419646,171.645477294922,-74.6539535522461,-48.8813552856445
19.2641701757539,167.722198486328,-74.1824722290039,-45.508358001709
19.2808373095431,165.437347412109,-73.5554046630859,-43.3244361877441
19.2975044433324,163.352828979492,-72.797233581543,-41.5833930969238
19.3141715771226,162.130035400391,-72.0646896362305,-40.6669807434082
19.3308387109109,161.599990844727,-71.4506988525391,-40.2710838317871
19.3475058447011,160.84716796875,-71.040397644043,-39.7054901123047
19.3641729784904,160.120666503906,-70.7651443481445,-39.2007484436035
19.3808401122797,159.590347290039,-70.6174163818359,-38.7987670898438
19.3975072460689,159.145492553711,-70.6240310668945,-38.4877967834473
19.4141743798582,158.514678955078,-70.6523284912109,-37.8960990905762
19.4308415136475,157.827713012695,-70.726188659668,-37.2355079650879
19.4475086474367,157.486740112305,-70.8368148803711,-36.9022064208984
19.4641757812269,157.137573242188,-70.9655151367188,-36.535831451416
19.4808429150153,156.424041748047,-71.1326217651367,-35.8521194458008
19.4975100488055,155.555053710938,-71.2965087890625,-35.0329818725586
19.5141771825947,154.548690795898,-71.4758377075195,-34.1048240661621
19.530844316384,153.479873657227,-71.6493301391602,-33.1411666870117
19.5475114501733,152.554183959961,-71.8020629882812,-32.2771377563477
19.5641785839625,151.655914306641,-71.8713836669922,-31.3948631286621
19.5808457177518,151.16291809082,-71.8918533325195,-30.9017562866211
19.5975128515411,151.218963623047,-71.8783874511719,-30.8605918884277
19.6141799853312,151.683776855469,-71.8227996826172,-31.1068878173828
19.6308471191196,151.802139282227,-71.7038269042969,-30.9943675994873
19.6475142529098,151.48828125,-71.4273910522461,-30.5606880187988
19.6641813866991,150.993530273438,-71.038688659668,-30.0068988800049
19.6808485204883,150.690292358398,-70.5547103881836,-29.6203727722168
19.6975156542776,151.802108764648,-70.1338882446289,-30.4792900085449
19.7141827880669,151.386840820312,-70.0408706665039,-29.4291400909424
19.7308499218561,148.996795654297,-69.9436340332031,-27.8176383972168
19.7475170556454,148.102981567383,-69.8440628051758,-27.259578704834
19.7641841894356,149.469924926758,-69.8621978759766,-28.1871299743652
19.7808513232239,150.477172851562,-70.0577239990234,-28.7792510986328
19.7975184570141,150.907943725586,-70.425537109375,-29.273473739624
19.8141855908034,151.145202636719,-71.0167999267578,-29.4625396728516
19.8308527245927,151.090637207031,-71.533561706543,-29.610107421875
19.8475198583819,151.913116455078,-71.9467926025391,-30.4438648223877
19.8641869921712,154.01106262207,-72.2819290161133,-32.0517654418945
19.8808541259605,155.873077392578,-72.458137512207,-33.5580978393555
19.8975212597497,157.30126953125,-72.4540176391602,-34.8247489929199
19.9141883935399,158.799926757812,-72.2973861694336,-36.089786529541
19.9308555273283,160.262969970703,-71.9869537353516,-37.2772674560547
19.9475226611185,161.50422668457,-71.5748062133789,-38.2370643615723
19.9641897949077,162.632049560547,-71.1184387207031,-39.0369491577148
19.980856928697,163.595291137695,-70.6705322265625,-39.6577606201172
19.9975240624863,164.271911621094,-70.2450256347656,-40.037281036377
20.0141911962755,164.761779785156,-69.8237533569336,-40.3016052246094
20.0308583300648,165.150924682617,-69.3790969848633,-40.4805450439453
20.0475254638541,165.361312866211,-68.9260330200195,-40.5176658630371
20.0641925976443,165.435363769531,-68.4662628173828,-40.5022315979004
20.0808597314326,165.685607910156,-68.0050201416016,-40.6304779052734
20.0975268652228,165.984268188477,-67.5736770629883,-40.8110237121582
20.1141939990121,166.245361328125,-67.2088851928711,-41.0361251831055
20.1308611328013,166.577194213867,-66.9186630249023,-41.3222389221191
20.1475282665906,166.802993774414,-66.7335205078125,-41.5007095336914
20.1641954003799,166.707565307617,-66.6380081176758,-41.5195693969727
20.1808625341691,166.144760131836,-66.6001663208008,-41.2554130554199
20.1975296679584,165.06169128418,-66.5839767456055,-40.7377433776855
20.2141968017486,163.662811279297,-66.6090621948242,-40.1389579772949
20.2308639355369,162.223571777344,-66.6682891845703,-39.7321243286133
20.2475310693271,161.407867431641,-66.7673721313477,-40.0832252502441
20.2641982031164,161.019805908203,-67.0464401245117,-40.8521957397461
20.2808653369057,159.426834106445,-67.3154144287109,-41.0619163513184
20.2975324706949,158.741363525391,-67.3928833007812,-42.2763366699219
20.3141996044842,159.859588623047,-67.4418640136719,-44.553035736084
20.3308667382735,160.94743347168,-67.3778762817383,-46.8767852783203
20.3475338720627,161.22981262207,-67.2147979736328,-48.7413711547852
20.3642010058529,161.450561523438,-66.942985534668,-50.4266738891602
20.3808681396413,161.306442260742,-66.6692733764648,-51.6673278808594
20.3975352734315,161.190765380859,-66.373664855957,-52.8632316589355
20.4142024072207,161.509216308594,-66.1915435791016,-54.1337356567383
20.43086954101,161.622817993164,-66.2029800415039,-55.1252975463867
20.4475366747993,161.495727539062,-66.4061660766602,-55.9327011108398
20.4642038085885,161.60954284668,-66.7266311645508,-56.8138885498047
20.4808709423778,161.764114379883,-67.0839920043945,-57.6001625061035
20.4975380761671,161.661743164062,-67.4630432128906,-58.1689453125
20.5142052099573,161.369476318359,-67.8448333740234,-58.5742416381836
20.5308723437456,161.239837646484,-68.1467971801758,-59.0477981567383
20.5475394775358,161.137405395508,-68.3405838012695,-59.4577751159668
20.5642066113251,160.882064819336,-68.5947952270508,-59.7842636108398
20.5808737451143,160.614379882812,-68.8419342041016,-60.1370277404785
20.5975408789036,160.23893737793,-69.0904083251953,-60.4461860656738
20.6142080126929,159.864593505859,-69.3204040527344,-60.779613494873
20.6308751464821,159.605697631836,-69.5372924804688,-61.1731338500977
20.6475422802714,159.494323730469,-69.741081237793,-61.6152877807617
20.6642094140616,159.395553588867,-69.9285125732422,-61.9790153503418
20.6808765478499,159.460372924805,-70.0743789672852,-62.3667869567871
20.6975436816401,159.657363891602,-70.2262191772461,-62.6881523132324
20.7142108154294,159.402084350586,-70.4104843139648,-62.5561790466309
20.7308779492187,158.535461425781,-70.6243286132812,-61.958080291748
20.7475450830079,157.269577026367,-70.9260940551758,-60.8046073913574
20.7642122167972,155.730072021484,-71.3709945678711,-59.3428001403809
20.7808793505865,154.295547485352,-71.8940658569336,-57.9855690002441
20.7975464843757,153.239593505859,-72.3272018432617,-57.0821113586426
20.8142136181659,152.941253662109,-72.7420654296875,-56.7584037780762
20.8308807519543,150.902282714844,-73.1044616699219,-55.3266220092773
20.8475478857445,149.444137573242,-73.2403945922852,-54.920711517334
20.8642150195337,149.76203918457,-73.2400817871094,-55.4998359680176
20.880882153323,150.70573425293,-73.138298034668,-56.7136001586914
20.8975492871123,151.680267333984,-73.2329254150391,-58.012077331543
20.9142164209015,152.544036865234,-73.5827713012695,-59.4426307678223
20.9308835546908,152.705490112305,-74.1915130615234,-60.4643859863281
20.9475506884801,153.373794555664,-74.7258529663086,-62.1496696472168
20.9642178222703,155.320465087891,-75.1113891601562,-64.6159210205078
20.9808849560586,157.926147460938,-75.3077545166016,-67.5501708984375
20.9975520898488,160.575149536133,-75.3809967041016,-70.5226821899414
21.0142192236381,163.2978515625,-75.3274917602539,-73.5290374755859
21.0308863574273,165.89045715332,-75.1564178466797,-76.3212738037109
21.0475534912166,168.060302734375,-74.8437728881836,-78.7036209106445
21.0642206250059,169.932006835938,-74.4220428466797,-80.7585601806641
21.0808877587951,171.440963745117,-73.9497299194336,-82.4082565307617
21.0975548925844,172.542663574219,-73.4771881103516,-83.6796951293945
21.1142220263746,173.328796386719,-73.0421981811523,-84.6718368530273
21.130889160163,173.74821472168,-72.6521301269531,-85.3469161987305
21.1475562939531,173.762512207031,-72.33935546875,-85.709114074707
21.1642234277424,173.478515625,-72.0672988891602,-85.8605575561523
21.1808905615317,173.080444335938,-71.7655029296875,-85.9099884033203
21.1975576953209,172.616775512695,-71.4208755493164,-85.8265686035156
21.2142248291102,172.127426147461,-71.0798263549805,-85.6868896484375
21.2308919628995,171.548324584961,-70.7787017822266,-85.459228515625
21.2475590966887,171.003753662109,-70.5180587768555,-85.2448425292969
21.2642262304789,170.528289794922,-70.347053527832,-85.0789794921875
21.2808933642673,170.131988525391,-70.2741546630859,-84.9646224975586
21.2975604980575,169.759094238281,-70.319206237793,-84.8734664916992
21.3142276318467,169.370529174805,-70.4932479858398,-84.7819671630859
21.330894765636,168.771957397461,-70.7670211791992,-84.5773468017578
21.3475618994253,168.074661254883,-71.022216796875,-84.3324584960938
21.3642290332145,167.636199951172,-71.1867065429688,-84.3079605102539
21.3808961670038,167.36962890625,-71.4202117919922,-84.3768081665039
21.3975633007931,166.889633178711,-71.8273391723633,-84.6923446655273
21.4142304345833,167.034515380859,-72.0996856689453,-85.3993377685547
21.4308975683716,167.264892578125,-72.3411407470703,-86.1128921508789
21.4475647021618,167.122192382812,-72.5011444091797,-86.6814270019531
21.4642318359511,166.977890014648,-72.5979461669922,-87.1978225708008
21.4808989697403,166.714828491211,-72.619255065918,-87.7086181640625
21.4975661035296,166.554092407227,-72.5279922485352,-88.1509780883789
21.5142332373189,166.393844604492,-72.3240432739258,-88.5387802124023
21.5309003711081,166.394256591797,-72.0829086303711,-88.972526550293
21.5475675048974,166.369201660156,-71.9170684814453,-89.3448181152344
21.5642346386876,166.354461669922,-71.8363342285156,-89.7080230712891
21.580901772476,166.518142700195,-71.7978973388672,-90.1784515380859
21.5975689062661,166.831451416016,-71.7544174194336,-90.7159118652344
21.6142360400554,167.318542480469,-71.6968688964844,-91.3564758300781
21.6309031738447,167.980834960938,-71.6108627319336,-92.1240463256836
21.6475703076339,168.765518188477,-71.4915618896484,-92.9649810791016
21.6642374414232,169.542114257812,-71.3492431640625,-93.7914276123047
21.6809045752125,170.18180847168,-71.2253189086914,-94.5238189697266
21.6975717090017,170.65885925293,-71.1233139038086,-95.1400985717773
21.7142388427919,170.985443115234,-71.0462799072266,-95.6501159667969
21.7309059765803,171.205627441406,-70.9897079467773,-96.0625305175781
21.7475731103705,171.34342956543,-70.9402770996094,-96.3864974975586
21.7642402441597,171.45442199707,-70.9047622680664,-96.6535186767578
21.780907377949,171.560836791992,-70.878173828125,-96.8793640136719
21.7975745117383,171.664321899414,-70.8485260009766,-97.0209121704102
21.8142416455275,171.688125610352,-70.8394241333008,-97.0330963134766
21.8309087793168,171.593444824219,-70.8878173828125,-96.9099578857422
21.8475759131061,171.369964599609,-70.95849609375,-96.663818359375
21.8642430468963,170.951065063477,-71.0180587768555,-96.1973266601562
21.8809101806846,170.310913085938,-71.0712661743164,-95.5066299438477
21.8975773144748,169.446502685547,-71.1217422485352,-94.5971527099609
21.9142444482641,168.361434936523,-71.1600036621094,-93.5156936645508
21.9309115820533,167.229507446289,-71.1572189331055,-92.4003295898438
21.9475787158426,166.263397216797,-71.0727844238281,-91.4276733398438
21.9642458496319,165.613464355469,-71.0323867797852,-90.6026458740234
21.9809129834211,164.619247436523,-71.1468811035156,-89.8070297241211
21.9975801172104,164.343307495117,-70.9999694824219,-89.4569320678711
22.0142472510006,164.43537902832,-70.7728271484375,-89.1753311157227
22.030914384789,164.223541259766,-70.496826171875,-88.7746124267578
22.0475815185791,164.341217041016,-70.2985763549805,-88.6407775878906
22.0642486523684,164.472625732422,-70.2623672485352,-88.680793762207
22.0809157861577,164.71875,-70.3013000488281,-88.9525527954102
22.0975829199469,165.268478393555,-70.3912734985352,-89.5086975097656
22.1142500537362,166.194458007812,-70.3940963745117,-90.4334487915039
22.1309171875255,167.645523071289,-70.3605270385742,-91.6334991455078
22.1475843213148,169.16780090332,-70.3370666503906,-92.9293746948242
22.1642514551049,170.689834594727,-70.3077163696289,-94.2229080200195
22.1809185888933,172.170791625977,-70.2355728149414,-95.4031524658203
22.1975857226835,173.405944824219,-70.1314849853516,-96.3300476074219
22.2142528564727,174.32292175293,-69.9853668212891,-96.9454956054688
22.230919990262,174.911209106445,-69.790412902832,-97.2345657348633
22.2475871240513,175.170852661133,-69.5438919067383,-97.1965637207031
22.2642542578405,175.078948974609,-69.2492370605469,-96.8246765136719
22.2809213916298,174.685348510742,-68.894645690918,-96.1634521484375
22.2975885254191,174.02360534668,-68.4965362548828,-95.2748031616211
22.3142556592093,173.169830322266,-68.0574722290039,-94.2199478149414
22.3309227929976,172.195953369141,-67.5904769897461,-93.0360336303711
22.3475899267878,171.153839111328,-67.0905914306641,-91.7851333618164
22.3642570605771,170.209442138672,-66.5657577514648,-90.6170349121094
22.3809241943663,169.417343139648,-66.0589065551758,-89.5560531616211
22.3975913281556,168.796829223633,-65.5805969238281,-88.6558990478516
22.4142584619449,168.378204345703,-65.1449203491211,-87.9273223876953
22.4309255957342,168.018814086914,-64.8129119873047,-87.2941970825195
22.4475927295234,167.714096069336,-64.5678787231445,-86.750846862793
22.4642598633136,167.400009155273,-64.4305191040039,-86.243766784668
22.480926997102,166.933929443359,-64.4094696044922,-85.6927185058594
22.4975941308921,166.266845703125,-64.5110931396484,-85.005126953125
22.5142612646814,165.442077636719,-64.6308670043945,-84.1999588012695
22.5309283984707,164.727355957031,-64.6597213745117,-83.4710540771484
22.5475955322599,164.355178833008,-64.4982681274414,-82.8587112426758
22.5642626660492,164.084487915039,-64.3412170410156,-82.0743408203125
22.5809297998385,163.129501342773,-64.3652114868164,-81.0583190917969
22.5975969336278,162.429016113281,-64.2369995117188,-79.9553756713867
22.6142640674179,161.655700683594,-64.1213150024414,-78.5864105224609
22.6309312012063,160.204940795898,-63.9344100952148,-76.8863220214844
22.6475983349965,158.525238037109,-63.6698303222656,-74.9915008544922
22.6642654687857,156.650360107422,-63.3053359985352,-73.1274795532227
22.680932602575,154.889465332031,-62.8132286071777,-71.2910766601562
22.6975997363643,153.308029174805,-62.2224159240723,-69.716926574707
22.7142668701536,152.159698486328,-61.5773658752441,-68.4882202148438
22.7309340039428,151.429412841797,-60.9827766418457,-67.5870895385742
22.7476011377321,150.813400268555,-60.4897880554199,-66.8541641235352
22.7642682715223,150.319381713867,-60.1126518249512,-66.29638671875
22.7809354053106,150.156158447266,-59.8259811401367,-65.9887466430664
22.7976025391008,150.259368896484,-59.6331787109375,-65.8671722412109
22.8142696728901,150.461669921875,-59.5650215148926,-65.7785720825195
22.8309368066793,150.760681152344,-59.6324844360352,-65.6910247802734
22.8476039404686,151.081512451172,-59.7931442260742,-65.4930648803711
22.8642710742579,151.248138427734,-60.034610748291,-65.080940246582
22.8809382080472,151.213821411133,-60.3380165100098,-64.4542541503906
22.8976053418364,150.992050170898,-60.6790885925293,-63.6371002197266
22.9142724756266,150.707534790039,-60.9850730895996,-62.7366409301758
22.930939609415,150.443862915039,-61.2122039794922,-61.7874488830566
22.9476067432051,150.259078979492,-61.3617973327637,-60.8627853393555
22.9642738769944,150.143539428711,-61.3873100280762,-59.949649810791
22.9809410107837,150.203338623047,-61.2839126586914,-59.0814933776855
22.997608144573,150.575820922852,-61.093433380127,-58.3460578918457
23.0142752783622,151.148086547852,-60.8819236755371,-57.6591682434082
23.0309424121515,151.703109741211,-60.6705474853516,-56.9043388366699
23.0476095459408,152.234344482422,-60.441333770752,-56.0368156433105
23.0642766797309,152.724685668945,-60.2177696228027,-55.0246086120605
23.0809438135202,153.18586730957,-59.9761047363281,-53.8595809936523
23.0976109473095,153.63981628418,-59.7373542785645,-52.513614654541
23.1142780810987,154.310546875,-59.5080909729004,-51.2457160949707
23.130945214888,155.961517333984,-59.2553672790527,-50.3321228027344
23.1476123486773,156.527038574219,-59.2381896972656,-48.0480499267578
23.1642794824666,155.510452270508,-58.9980621337891,-45.1104011535645
23.1809466162558,155.56022644043,-58.8875961303711,-42.8737144470215
23.1976137500451,156.332748413086,-59.1905097961426,-40.7329978942871
23.2142808838353,156.809188842773,-59.802547454834,-38.6601257324219
23.2309480176245,157.184494018555,-60.5752143859863,-36.774284362793
23.2476151514138,157.282272338867,-61.367603302002,-34.8217811584473
23.2642822852031,156.687515258789,-62.0264701843262,-32.8093643188477
23.2809494189923,156.610946655273,-62.6460571289062,-31.4141654968262
23.2976165527816,157.356491088867,-63.2308540344238,-30.6173896789551
23.3142836865709,158.171493530273,-63.6127624511719,-30.0366592407227
23.3309508203602,159.090606689453,-63.8033447265625,-29.6539764404297
23.3476179541494,160.174072265625,-63.8668746948242,-29.4436626434326
23.3642850879396,161.286529541016,-63.8501052856445,-29.2893371582031
23.3809522217289,162.296340942383,-63.7650947570801,-29.066385269165
23.3976193555181,163.289764404297,-63.6360054016113,-28.8774452209473
23.4142864893074,164.204040527344,-63.4434509277344,-28.6446075439453
23.4309536230967,165.08137512207,-63.2129020690918,-28.4477863311768
23.447620756886,165.77131652832,-62.9425773620605,-28.094898223877
23.4642878906752,166.358703613281,-62.636474609375,-27.6933002471924
23.4809550244645,166.812545776367,-62.272087097168,-27.1642303466797
23.4976221582538,167.173614501953,-61.8939170837402,-26.5600280761719
23.5142892920439,167.430465698242,-61.5070419311523,-25.8849639892578
23.5309564258332,167.609313964844,-61.1165199279785,-25.181058883667
23.5476235596225,167.69384765625,-60.756965637207,-24.4508876800537
23.5642906934117,167.817001342773,-60.4538879394531,-23.8161468505859
23.580957827201,167.950042724609,-60.2401504516602,-23.2481555938721
23.5976249609903,167.93571472168,-60.1099815368652,-22.6206321716309
23.6142920947796,167.73860168457,-60.0197563171387,-21.896671295166
23.6309592285688,167.412109375,-59.954833984375,-21.0962066650391
23.6476263623581,166.938400268555,-59.853889465332,-20.1512298583984
23.6642934961483,166.009185791016,-59.7546806335449,-18.7156219482422
23.6809606299375,164.89714050293,-59.7572784423828,-17.1732540130615
23.6976277637268,163.739883422852,-59.9195556640625,-15.6116094589233
23.7142948975161,162.807586669922,-60.0865745544434,-14.1732549667358
23.7309620313054,161.278335571289,-60.1349334716797,-12.0946998596191
23.7476291650946,159.791320800781,-60.0492210388184,-10.083589553833
23.7642962988839,158.876327514648,-60.0565757751465,-8.46217823028564
23.7809634326732,157.709365844727,-60.2602806091309,-6.69716215133667
23.7976305664624,157.098876953125,-60.4649658203125,-5.35861492156982
23.8142977002526,157.515228271484,-60.6703567504883,-4.60747671127319
23.8309648340419,157.713287353516,-61.0837287902832,-3.41095447540283
23.8476319678311,157.656509399414,-61.7813491821289,-1.71706748008728
23.8642991016204,158.129837036133,-62.5850715637207,-0.131937772035599
23.8809662354097,158.924224853516,-63.4502639770508,1.5678391456604
23.897633369199,159.533950805664,-64.3414077758789,3.66673064231873
23.9143005029882,159.996353149414,-65.3286437988281,5.9945592880249
23.9309676367775,160.278579711914,-66.3454513549805,8.44056701660156
23.9476347705668,160.379364013672,-67.3016052246094,10.9070453643799
23.9643019043569,160.141265869141,-68.2631530761719,13.4242372512817
23.9809690381462,159.731201171875,-69.0578994750977,15.8399572372437
23.9976361719355,159.18505859375,-69.6287155151367,18.136209487915
24.0143033057248,158.897766113281,-70.070556640625,19.8258533477783
24.030970439514,158.545715332031,-70.3793334960938,21.3579120635986
24.0476375733033,158.060531616211,-70.6211547851562,22.7768993377686
24.0643047070926,157.469329833984,-70.7877426147461,24.0985908508301
24.0809718408818,156.7900390625,-70.9164810180664,25.3528900146484
24.0976389746711,155.991592407227,-71.0605239868164,26.595609664917
24.1143061084613,155.137496948242,-71.2123718261719,27.7360363006592
24.1309732422505,154.364227294922,-71.2861404418945,28.7734050750732
24.1476403760398,154.059722900391,-71.2916793823242,29.3579692840576
24.1643075098291,154.037399291992,-71.2225189208984,29.6899852752686
24.1809746436184,154.081832885742,-71.0725708007812,29.9797534942627
24.1976417774076,154.122589111328,-70.8947372436523,30.249719619751
24.2143089111969,154.112152099609,-70.7254028320312,30.5310955047607
24.2309760449862,154.24169921875,-70.5121841430664,30.6280670166016
24.2476431787754,154.569854736328,-70.2734680175781,30.5021228790283
24.2643103125656,155.56965637207,-69.8940124511719,29.7210693359375
24.2809774463549,155.922271728516,-69.7859420776367,29.5866928100586
24.2976445801442,155.749481201172,-69.7726898193359,30.0344257354736
24.3143117139334,155.575180053711,-69.8885955810547,30.4816703796387
24.3309788477227,155.450546264648,-69.9864120483398,30.8445568084717
24.347645981512,155.137115478516,-69.934814453125,31.4605731964111
24.3643131153012,155.065307617188,-69.7750625610352,31.7290916442871
24.3809802490905,154.741165161133,-69.7485275268555,32.1380424499512
24.3976473828798,154.21923828125,-69.9383010864258,32.7735023498535
24.4143145166699,153.689834594727,-70.2884521484375,33.428524017334
24.4309816504592,153.556854248047,-70.6725006103516,33.8025093078613
24.4476487842485,153.364685058594,-71.1429672241211,34.2849731445312
24.4643159180378,153.093811035156,-71.6405410766602,34.8832550048828
24.480983051827,152.946334838867,-72.1574020385742,35.2864723205566
24.4976501856163,152.991592407227,-72.5922470092773,35.4887466430664
24.5143173194056,153.423980712891,-72.8537216186523,35.323616027832
24.5309844531948,154.251922607422,-72.9232635498047,34.7841949462891
24.5476515869841,155.345520019531,-72.8534927368164,33.9988632202148
24.5643187207743,156.464965820312,-72.6911544799805,33.1764106750488
24.5809858545636,157.66764831543,-72.4123687744141,32.2440376281738
24.5976529883528,158.839965820312,-72.0468597412109,31.3273963928223
24.6143201221421,159.940460205078,-71.6204986572266,30.4212055206299
24.6309872559314,160.974487304688,-71.1614761352539,29.4869995117188
24.6476543897206,161.806182861328,-70.6253204345703,28.6910953521729
24.6643215235099,162.563674926758,-70.0604705810547,27.838472366333
24.6809886572992,163.161163330078,-69.5071029663086,27.0069465637207
24.6976557910884,163.578094482422,-69.0082626342773,26.1894454956055
24.7143229248786,163.762741088867,-68.5303192138672,25.4565372467041
24.7309900586679,163.793106079102,-68.0400085449219,24.7260856628418
24.7476571924572,163.513305664062,-67.5507659912109,24.1719284057617
24.7643243262464,163.100372314453,-67.0934982299805,23.6250057220459
24.7809914600357,162.496154785156,-66.6514053344727,23.1619358062744
24.797658593825,161.649810791016,-66.1730804443359,22.8295345306396
24.8143257276142,160.65690612793,-65.6958923339844,22.5617370605469
24.8309928614035,159.67121887207,-65.3811492919922,22.1825618743896
24.8476599951928,158.943710327148,-65.3031387329102,21.5648403167725
24.8643271289829,158.414825439453,-65.3247909545898,20.8070507049561
24.8809942627722,157.015609741211,-65.4919128417969,20.8089141845703
24.8976613965615,156.081481933594,-65.5802536010742,20.4933414459229
24.9143285303508,155.759750366211,-65.7284393310547,19.6775188446045
24.93099566414,155.312210083008,-65.5972366333008,19.1199493408203
24.9476627979293,155.265426635742,-65.1671142578125,18.2574520111084
24.9643299317186,155.380905151367,-64.5465621948242,17.3643474578857
24.9809970655078,155.922912597656,-63.9036407470703,16.2702865600586
24.9976641992971,156.777420043945,-63.3653602600098,15.0576477050781
25.0143313330873,157.785110473633,-62.9740982055664,13.8448247909546
25.0309984668766,158.360382080078,-62.7181777954102,13.1433811187744
25.0476656006658,158.516983032227,-62.6111297607422,12.9034471511841
25.0643327344551,158.308944702148,-62.7139625549316,13.0383653640747
25.0809998682444,157.811996459961,-63.0065002441406,13.4458932876587
25.0976670020336,157.035934448242,-63.4011421203613,14.1094455718994
25.1143341358229,155.974700927734,-63.8936882019043,14.9391250610352
25.1310012696122,154.869781494141,-64.3572006225586,15.7380609512329
25.1476684034014,153.46794128418,-64.6716690063477,16.8700408935547
25.1643355371916,152.037368774414,-65.015998840332,17.892110824585
25.1810026709809,150.757522583008,-65.3127059936523,18.6770057678223
25.1976698047702,149.529174804688,-65.5815734863281,19.3582801818848
25.2143369385594,148.374542236328,-65.8446197509766,19.9675388336182
25.2310040723487,147.532348632812,-66.0358657836914,20.3652305603027
25.247671206138,147.007385253906,-66.1857604980469,20.5388298034668
25.2643383399272,146.622894287109,-66.2900619506836,20.6554489135742
25.2810054737165,146.26530456543,-66.3817520141602,20.7347564697266
25.2976726075058,146.211380004883,-66.391487121582,20.5484504699707
25.314339741296,146.318939208984,-66.3392562866211,20.2379894256592
25.3310068750852,146.510162353516,-66.2211761474609,19.8820190429688
25.3476740088745,146.795455932617,-66.0244903564453,19.4817562103271
25.3643411426638,147.086654663086,-65.8241500854492,19.0987491607666
25.381008276453,147.34587097168,-65.6115646362305,18.7587299346924
25.3976754102423,147.38362121582,-65.4161148071289,18.6219367980957
25.4143425440316,147.402786254883,-65.3259429931641,18.470287322998
25.4310096778208,147.668014526367,-65.3090667724609,18.249792098999
25.4476768116101,148.325119018555,-65.249382019043,17.7698364257812
25.4643439454003,148.315490722656,-65.2484970092773,17.926586151123
25.4810110791896,149.086135864258,-65.2376098632812,17.4894161224365
25.4976782129788,149.607894897461,-65.4185180664062,17.0665149688721
25.5143453467681,150.043395996094,-65.5748443603516,16.6697731018066
25.5310124805574,150.193054199219,-65.7200775146484,16.3914604187012
25.5476796143466,149.882720947266,-65.8492431640625,16.4350624084473
25.5643467481359,149.462142944336,-66.1178817749023,16.5808334350586
25.5810138819252,148.942169189453,-66.6214141845703,16.8108367919922
25.5976810157144,148.734283447266,-67.2445907592773,16.8377075195312
25.6143481495046,148.647735595703,-67.9497909545898,16.8318977355957
25.6310152832939,148.766159057617,-68.6703643798828,16.7052364349365
25.6476824170832,149.067535400391,-69.3235168457031,16.4290676116943
25.6643495508724,149.495071411133,-69.8821792602539,16.0502147674561
25.6810166846617,150.037612915039,-70.3704071044922,15.5997428894043
25.697683818451,150.636047363281,-70.7730560302734,15.1065855026245
25.7143509522402,151.204727172852,-71.0472030639648,14.6236810684204
25.7310180860295,151.785873413086,-71.1591339111328,14.1338739395142
25.7476852198188,152.433120727539,-71.1138000488281,13.5877876281738
25.764352353609,153.074478149414,-70.9365158081055,13.0637683868408
25.7810194873982,153.772415161133,-70.669319152832,12.5048770904541
25.7976866211875,154.596618652344,-70.3427734375,11.8360681533813
25.8143537549768,155.413375854492,-70.0027160644531,11.2201547622681
25.831020888766,156.330551147461,-69.671630859375,10.5030193328857
25.8476880225553,157.216461181641,-69.370002746582,9.83662414550781
25.8643551563446,158.088714599609,-69.1297225952148,9.14951324462891
25.8810222901338,158.850128173828,-68.955207824707,8.51942920684814
25.8976894239231,159.476226806641,-68.802001953125,7.95617771148682
25.9143565577133,159.894454956055,-68.6072845458984,7.53920555114746
25.9310236915026,160.110290527344,-68.391227722168,7.23179244995117
25.9476908252918,160.023513793945,-68.1380386352539,7.18993282318115
25.9643579590811,159.649032592773,-67.8756332397461,7.35369873046875
25.9810250928704,158.884155273438,-67.7222671508789,7.75054168701172
25.9976922266596,157.974517822266,-67.771728515625,8.0985050201416
26.0143593604489,157.354248046875,-67.9361419677734,8.05322360992432
26.0310264942391,156.038482666016,-68.1904067993164,8.48389530181885
26.0476936280274,154.718856811523,-68.4570846557617,8.65474700927734
26.0643607618176,154.592910766602,-68.7496948242188,7.75960397720337
26.0810278956069,154.28303527832,-68.9176330566406,6.90720891952515
26.0976950293962,154.363586425781,-68.8686141967773,5.55107307434082
26.1143621631854,155.527221679688,-68.7632751464844,3.06895184516907
26.1310292969747,156.362258911133,-68.4871368408203,0.757897198200226
26.147696430764,157.373275756836,-68.1531066894531,-1.81750822067261
26.1643635645532,158.724319458008,-67.8944091796875,-4.84481143951416
26.1810306983434,160.137832641602,-67.7116851806641,-8.00325012207031
26.1976978321318,161.096374511719,-67.5993576049805,-10.739278793335
26.214364965922,161.654800415039,-67.5642013549805,-13.1098957061768
26.2310320997112,161.987380981445,-67.642448425293,-15.2103872299194
26.2476992335005,162.230224609375,-67.808708190918,-17.1545867919922
26.2643663672898,162.388610839844,-68.050651550293,-18.9367580413818
26.281033501079,162.280303955078,-68.3384094238281,-20.3402767181396
26.2977006348683,161.949066162109,-68.5906295776367,-21.337043762207
26.3143677686576,161.69596862793,-68.8120498657227,-22.2389678955078
26.3310349024478,161.458160400391,-68.9983825683594,-23.0048141479492
26.3477020362361,161.101577758789,-69.1275405883789,-23.5328216552734
26.3643691700263,160.576690673828,-69.1992645263672,-23.8296451568604
26.3810363038156,160.121734619141,-69.2435302734375,-24.1285667419434
26.3977034376048,159.77294921875,-69.2707824707031,-24.4839820861816
26.4143705713941,159.540679931641,-69.2585983276367,-24.9181861877441
26.4310377051834,159.352432250977,-69.2213516235352,-25.3624439239502
26.4477048389726,159.008728027344,-69.1417922973633,-25.7145824432373
26.4643719727619,158.821029663086,-69.0237731933594,-26.3516502380371
26.4810391065521,158.606918334961,-68.877685546875,-27.1642799377441
26.4977062403404,158.002334594727,-68.6259078979492,-27.9059295654297
26.5143733741306,157.077545166016,-68.2917251586914,-28.5847644805908
26.5310405079199,155.961685180664,-67.9580841064453,-29.1722068786621
26.5477076417092,154.811614990234,-67.6684875488281,-29.7356185913086
26.5643747754984,153.609786987305,-67.5229568481445,-30.2096328735352
26.5810419092877,152.412490844727,-67.708625793457,-30.7530364990234
26.597709043077,152.069412231445,-68.1170501708984,-31.9427967071533
26.6143761768662,150.339447021484,-68.5703659057617,-31.5274124145508
26.6310433106564,148.207748413086,-68.725341796875,-31.85671043396
26.6477104444448,148.168075561523,-68.729133605957,-33.1087265014648
26.664377578235,149.080368041992,-68.6506042480469,-34.4054145812988
26.6810447120242,149.793731689453,-68.7124710083008,-35.6385955810547
26.6977118458135,150.041259765625,-68.9848327636719,-36.453971862793
26.7143789796028,150.143997192383,-69.3011932373047,-37.1655006408691
26.731046113392,150.124221801758,-69.656608581543,-37.7709350585938
26.7477132471813,150.438507080078,-69.8776779174805,-38.6856231689453
26.7643803809706,151.545944213867,-70.0908584594727,-40.0923309326172
26.7810475147608,152.809936523438,-70.3370513916016,-41.5952682495117
26.7977146485491,154.164520263672,-70.5013122558594,-43.3980331420898
26.8143817823393,155.915100097656,-70.5677490234375,-45.4672317504883
26.8310489161286,158.05632019043,-70.5438613891602,-47.7193908691406
26.8477160499178,160.302871704102,-70.4033279418945,-49.9228515625
26.8643831837071,162.45637512207,-70.1575927734375,-51.9440383911133
26.8810503174964,164.364471435547,-69.8170700073242,-53.7136306762695
26.8977174512856,165.998901367188,-69.3985443115234,-55.2155723571777
26.9143845850749,167.363021850586,-68.9105682373047,-56.4307289123535
26.9310517188651,168.45458984375,-68.379753112793,-57.3472671508789
26.9477188526535,169.311859130859,-67.8206634521484,-58.0070343017578
26.9643859864436,169.924240112305,-67.2212829589844,-58.4315719604492
26.9810531202329,170.271850585938,-66.5798950195312,-58.6044731140137
26.9977202540222,170.454513549805,-65.8985595703125,-58.5917053222656
27.0143873878114,170.543701171875,-65.2208251953125,-58.4339408874512
27.0310545216007,170.520248413086,-64.5848083496094,-58.1607704162598
27.04772165539,170.528930664062,-64.056999206543,-57.9138832092285
27.0643887891792,170.592437744141,-63.7274360656738,-57.7065124511719
27.0810559229694,170.381576538086,-63.5402450561523,-57.4117584228516
27.0977230567578,169.901962280273,-63.4829635620117,-57.0954551696777
27.114390190548,169.362838745117,-63.5063819885254,-56.7539253234863
27.1310573243372,168.521453857422,-63.6400833129883,-56.203540802002
27.1477244581265,167.40788269043,-63.8260688781738,-55.606517791748
27.1643915919158,166.528854370117,-64.0077133178711,-55.2392768859863
27.181058725705,166.561447143555,-64.1392364501953,-55.4928131103516
27.1977258594943,165.967208862305,-64.4758377075195,-55.1672859191895
27.2143929932836,164.540084838867,-64.5497817993164,-54.8220977783203
27.2310601270738,165.080200195312,-64.5085220336914,-55.5641899108887
27.2477272608621,166.150405883789,-64.4708786010742,-56.4130439758301
27.2643943946523,166.5966796875,-64.2979736328125,-57.1313171386719
27.2810615284416,166.955291748047,-64.1319580078125,-57.5460319519043
27.2977286622308,166.85725402832,-63.9111480712891,-57.6614608764648
27.3143957960201,166.560195922852,-63.564022064209,-57.6405487060547
27.3310629298094,166.686965942383,-63.0987358093262,-57.8390960693359
27.3477300635986,167.131591796875,-62.6859397888184,-58.1655082702637
27.3643971973879,167.266937255859,-62.4626541137695,-58.3308486938477
27.3810643311781,167.393280029297,-62.3829956054688,-58.5984077453613
27.3977314649665,167.90348815918,-62.4238586425781,-59.205451965332
27.4143985987566,168.601684570312,-62.540096282959,-59.9162712097168
27.4310657325459,169.158355712891,-62.763427734375,-60.5135650634766
27.4477328663352,169.51188659668,-63.0367736816406,-60.9469757080078
27.4644000001244,169.748397827148,-63.3440361022949,-61.2720413208008
27.4810671339137,169.967239379883,-63.6589126586914,-61.5742378234863
27.497734267703,169.957077026367,-63.9663467407227,-61.6276893615723
27.5144014014923,169.709747314453,-64.28466796875,-61.5099716186523
27.5310685352824,169.339477539062,-64.5789031982422,-61.2648506164551
27.5477356690708,168.958404541016,-64.8372344970703,-60.968017578125
27.564402802861,168.627304077148,-65.0568008422852,-60.6298332214355
27.5810699366502,168.186614990234,-65.2572631835938,-60.1411399841309
27.5977370704395,167.660095214844,-65.4335861206055,-59.5441627502441
27.6144042042288,167.386032104492,-65.5562515258789,-59.0398902893066
27.631071338018,167.257019042969,-65.6269302368164,-58.5188674926758
27.6477384718073,166.788223266602,-65.6983489990234,-57.6946029663086
27.6644056055966,166.056625366211,-65.7668151855469,-56.6354598999023
27.6810727393868,165.323043823242,-65.7792739868164,-55.501823425293
27.6977398731751,164.552200317383,-65.6805648803711,-54.2745018005371
27.7144070069653,163.499374389648,-65.5117416381836,-52.8827056884766
27.7310741407546,162.614196777344,-65.2599258422852,-51.7204780578613
27.7477412745438,163.120620727539,-64.8920135498047,-51.4923553466797
27.7644084083331,162.728729248047,-64.786247253418,-50.2672882080078
27.7810755421224,160.605697631836,-64.5544204711914,-48.2690925598145
27.7977426759116,160.626373291016,-64.3803558349609,-47.9323692321777
27.8144098097009,162.700744628906,-64.2270431518555,-48.300422668457
27.8310769434911,163.387756347656,-64.3185653686523,-47.7798767089844
27.8477440772795,161.654067993164,-64.6565246582031,-46.0906715393066
27.8644112110696,160.420196533203,-65.1764678955078,-44.8177337646484
27.8810783448589,160.381546020508,-65.7197494506836,-44.188720703125
27.8977454786482,160.015167236328,-66.1024856567383,-43.5245132446289
27.9144126124374,160.36376953125,-66.4234924316406,-43.5350952148438
27.9310797462267,161.264373779297,-66.7532119750977,-43.7744255065918
27.947746880016,161.75993347168,-66.9854583740234,-43.9376220703125
27.9644140138053,162.357955932617,-67.0819244384766,-44.26953125
27.9810811475954,163.336975097656,-67.0482025146484,-44.7925224304199
27.9977482813838,164.260040283203,-66.8557510375977,-45.3283348083496
28.014415415174,164.946685791016,-66.5164947509766,-45.6722259521484
28.0310825489632,165.481964111328,-66.1220779418945,-45.8544387817383
28.0477496827525,165.900802612305,-65.7203521728516,-45.9622268676758
28.0644168165418,166.374786376953,-65.282341003418,-46.1126441955566
28.081083950331,166.893661499023,-64.8270568847656,-46.2084159851074
28.0977510841203,167.369079589844,-64.351692199707,-46.2657356262207
28.1144182179096,167.834289550781,-63.866382598877,-46.303596496582
28.1310853516998,168.383453369141,-63.3981170654297,-46.3776702880859
28.1477524854881,169.047088623047,-62.9532661437988,-46.5319061279297
28.1644196192783,169.762496948242,-62.5670280456543,-46.7538452148438
28.1810867530676,170.500869750977,-62.2682800292969,-47.031665802002
28.1977538868568,171.28776550293,-62.0788536071777,-47.3447799682617
28.2144210206461,171.87922668457,-61.9874229431152,-47.5248870849609
28.2310881544354,172.123428344727,-61.9839553833008,-47.5274887084961
28.2477552882247,172.109115600586,-62.0236434936523,-47.3406066894531
28.2644224220139,171.685409545898,-62.0815010070801,-46.8310012817383
28.2810895558041,170.631713867188,-62.1726722717285,-45.9266929626465
28.2977566895925,169.668701171875,-62.2750625610352,-45.2507019042969
28.3144238233826,169.86962890625,-62.2845649719238,-45.3711166381836
28.3310909571719,169.196075439453,-62.5294609069824,-44.740234375
28.3477580909612,168.282409667969,-62.6797943115234,-44.3669891357422
28.3644252247504,168.690795898438,-62.8429985046387,-44.7846298217773
28.3810923585397,169.29182434082,-62.8969039916992,-45.3635482788086
28.397759492329,168.795166015625,-62.9146614074707,-45.4627799987793
28.4144266261183,168.994415283203,-62.6894111633301,-46.1095428466797
28.4310937599084,169.861679077148,-62.3185043334961,-46.8925285339355
28.4477608936968,169.94303894043,-61.9640083312988,-47.3049964904785
28.464428027487,170.236907958984,-61.6330528259277,-47.9075202941895
28.4810951612762,171.001052856445,-61.4144439697266,-48.6307334899902
28.4977622950655,171.383575439453,-61.3616142272949,-49.1170845031738
28.5144294288548,171.540817260742,-61.5110168457031,-49.466136932373
28.5310965626441,172.031341552734,-61.831714630127,-49.9761619567871
28.5477636964333,172.554473876953,-62.2397117614746,-50.4572257995605
28.5644308302226,172.70622253418,-62.7336769104004,-50.6882209777832
28.5810979640128,172.702178955078,-63.2144737243652,-50.8328056335449
28.5977650978011,172.700317382812,-63.6236839294434,-50.8917617797852
28.6144322315913,172.473648071289,-64.0216827392578,-50.8220405578613
28.6310993653806,171.885391235352,-64.3212585449219,-50.5160331726074
28.6477664991698,170.944061279297,-64.5918121337891,-49.9197006225586
28.6644336329591,170.054718017578,-64.8856811523438,-49.4360160827637
28.6811007667484,169.320083618164,-65.1373977661133,-49.1172561645508
28.6977679005377,168.858108520508,-65.3055267333984,-49.0478515625
28.7144350343269,168.687881469727,-65.39453125,-49.1371536254883
28.7311021681171,168.70817565918,-65.4034194946289,-49.3535461425781
28.7477693019055,168.871520996094,-65.3522186279297,-49.6359977722168
28.7644364356956,168.945648193359,-65.2384719848633,-49.7977485656738
28.7811035694849,168.628326416016,-65.0945816040039,-49.6387710571289
28.7977707032742,168.017791748047,-64.9333419799805,-49.2242469787598
28.8144378370635,167.419708251953,-64.7378005981445,-48.7575225830078
28.8311049708527,167.01969909668,-64.5499038696289,-48.3868713378906
28.847772104642,166.786026000977,-64.3926544189453,-48.1180000305176
28.8644392384313,166.731506347656,-64.2895889282227,-48.0097579956055
28.8811063722214,167.885055541992,-64.1481323242188,-48.8549156188965
28.8977735060098,169.205795288086,-63.992992401123,-49.3694267272949
28.9144406398,168.326278686523,-63.9236450195312,-48.5995826721191
28.9311077735892,169.011154174805,-63.8687934875488,-48.9576988220215
28.9477749073785,170.079696655273,-63.8932571411133,-49.0800552368164
28.9644420411678,169.711212158203,-64.0705642700195,-48.6603736877441
28.9811091749571,168.701095581055,-64.4013137817383,-47.966236114502
28.9977763087463,168.710845947266,-64.7440338134766,-47.9472503662109
29.0144434425356,168.743377685547,-65.1324081420898,-47.8816146850586
29.0311105763258,169.166381835938,-65.4523773193359,-48.3602523803711
29.0477777101141,170.056243896484,-65.7710647583008,-48.9784355163574
29.0644448439043,170.58918762207,-66.0556716918945,-49.5247383117676
29.0811119776936,171.126068115234,-66.2602920532227,-50.1252784729004
29.0977791114829,171.845748901367,-66.3522262573242,-50.7872657775879
29.1144462452721,172.494384765625,-66.3097686767578,-51.4442939758301
29.1311133790614,173.003799438477,-66.1407012939453,-51.9773254394531
29.1477805128507,173.38053894043,-65.8625259399414,-52.3622169494629
29.1644476466399,173.606109619141,-65.5107345581055,-52.5891456604004
29.1811147804301,173.642044067383,-65.1454315185547,-52.6394462585449
29.1977819142185,173.558792114258,-64.775749206543,-52.5647239685059
29.2144490480086,173.372436523438,-64.4061431884766,-52.3840827941895
29.2311161817979,173.19514465332,-64.0432434082031,-52.1866683959961
29.2477833155872,173.152389526367,-63.704532623291,-52.0768966674805
29.2644504493765,173.196563720703,-63.4000015258789,-52.0274505615234
29.2811175831657,173.389770507812,-63.1284599304199,-52.0994186401367
29.297784716955,173.63786315918,-62.9282875061035,-52.1784515380859
29.3144518507443,173.833892822266,-62.7895545959473,-52.2091026306152
29.3311189845344,174.084075927734,-62.6567687988281,-52.2414207458496
29.3477861183228,174.058731079102,-62.5483741760254,-52.046947479248
29.364453252113,173.606079101562,-62.4414253234863,-51.585880279541
29.3811203859022,173.037445068359,-62.3473281860352,-51.0433311462402
29.3977875196915,172.415985107422,-62.2568283081055,-50.3760375976562
29.4144546534808,171.336807250977,-62.2259330749512,-49.4257621765137
29.4311217872701,170.236145019531,-62.2347183227539,-48.5860939025879
29.4477889210593,169.890609741211,-62.3041648864746,-48.3400497436523
29.4644560548486,170.635604858398,-62.297966003418,-48.8438568115234
29.4811231886388,170.491622924805,-62.386058807373,-48.6173057556152
29.4977903224271,168.724853515625,-62.5056076049805,-47.6398239135742
29.5144574562173,169.130676269531,-62.5385360717773,-48.0928916931152
29.5311245900066,170.148910522461,-62.6076202392578,-48.4506607055664
29.5477917237959,169.176803588867,-62.5264892578125,-47.9859466552734
29.5644588575851,167.071914672852,-62.417423248291,-46.795711517334
29.5811259913744,165.913269042969,-62.1683158874512,-46.1104011535645
29.5977931251637,166.13932800293,-61.8467826843262,-46.2866744995117
29.6144602589529,166.402694702148,-61.5755767822266,-46.5045433044434
29.6311273927431,166.249969482422,-61.4014892578125,-46.6064033508301
29.6477945265315,166.347763061523,-61.3599395751953,-46.7790336608887
29.6644616603216,166.778274536133,-61.4736442565918,-47.159610748291
29.6811287941109,167.264923095703,-61.7547187805176,-47.5816802978516
29.6977959279002,167.748626708984,-62.1531715393066,-47.9382133483887
29.7144630616895,168.26025390625,-62.618408203125,-48.2886657714844
29.7311301954787,168.840179443359,-63.1254959106445,-48.6488952636719
29.747797329268,169.488739013672,-63.6523628234863,-49.0707626342773
29.7644644630573,169.868988037109,-64.1544799804688,-49.1944847106934
29.7811315968474,169.905380249023,-64.6519927978516,-49.1369247436523
29.7977987306358,169.828536987305,-65.1200408935547,-49.0055618286133
29.814465864426,169.710861206055,-65.5473556518555,-48.8594169616699
29.8311329982153,169.588088989258,-65.9220657348633,-48.7334251403809
29.8478001320045,169.537506103516,-66.2299880981445,-48.6534271240234
29.8644672657938,169.52946472168,-66.4682388305664,-48.5902442932129
29.8811343995831,169.403167724609,-66.6548843383789,-48.4517097473145
29.8978015333723,169.357772827148,-66.7618026733398,-48.3878479003906
29.9144686671616,169.449859619141,-66.7949676513672,-48.3437538146973
29.9311358009518,169.207412719727,-66.8431930541992,-47.9930152893066
29.9478029347401,168.60368347168,-66.895622253418,-47.4140319824219
29.9644700685303,167.886932373047,-66.890266418457,-46.7246742248535
29.9811372023196,167.057357788086,-66.8180694580078,-45.9751052856445
29.9978043361089,166.335815429688,-66.7127532958984,-45.357292175293
30.0144714698981,166.094589233398,-66.6064224243164,-45.1139335632324
30.0311386036874,166.652404785156,-66.5199890136719,-45.5340309143066
30.0478057374767,169.028182983398,-66.369758605957,-47.0923881530762
30.0644728712659,168.984497070312,-66.3078155517578,-46.5148849487305
30.0811400050561,168.415176391602,-66.2284317016602,-45.9283866882324
30.0978071388445,168.987335205078,-66.1663360595703,-45.5512657165527
30.1144742726347,168.376159667969,-66.1814880371094,-44.4457054138184
30.1311414064239,166.564956665039,-66.4138336181641,-42.8567314147949
30.1478085402132,165.263580322266,-66.8744888305664,-41.6557884216309
30.1644756740025,165.003189086914,-67.3500366210938,-41.206729888916
30.1811428077917,164.720336914062,-67.9987030029297,-40.8730010986328
30.197809941581,164.661071777344,-68.6390914916992,-40.9547386169434
30.2144770753703,164.861465454102,-69.2139892578125,-41.2480125427246
30.2311442091604,164.983184814453,-69.6680526733398,-41.6082763671875
30.2478113429488,165.051544189453,-69.9501342773438,-42.0055274963379
30.264478476739,165.258102416992,-70.0369262695312,-42.5621032714844
30.2811456105283,165.547149658203,-69.9384689331055,-43.1677436828613
30.2978127443175,165.807983398438,-69.7071075439453,-43.7619361877441
30.3144798781068,166.146530151367,-69.3792037963867,-44.3528366088867
30.3311470118961,166.463394165039,-68.98095703125,-44.8358192443848
30.3478141456853,166.758239746094,-68.541877746582,-45.2586631774902
30.3644812794746,167.037551879883,-68.0804290771484,-45.5745315551758
30.3811484132648,167.120834350586,-67.6199493408203,-45.7106781005859
30.3978155470531,167.101272583008,-67.153694152832,-45.766242980957
30.4144826808433,167.218063354492,-66.6855316162109,-45.8874244689941
30.4311498146326,167.500030517578,-66.2189483642578,-46.1098747253418
30.4478169484219,167.971572875977,-65.7729415893555,-46.4820175170898
30.4644840822111,168.713500976562,-65.4059143066406,-46.9897003173828
30.4811512160004,169.499572753906,-65.141975402832,-47.4960250854492
30.4978183497897,169.782669067383,-65.0017395019531,-47.6026916503906
30.5144854835789,169.507904052734,-64.931396484375,-47.364631652832
30.5311526173691,169.083679199219,-64.8852462768555,-46.9707641601562
30.5478197511575,168.235397338867,-64.8507614135742,-46.1742134094238
30.5644868849477,166.92041015625,-64.8972091674805,-45.2118263244629
30.5811540187369,166.199523925781,-64.9865264892578,-44.8263816833496
30.5978211525262,166.442764282227,-65.1312408447266,-45.1378936767578
30.6144882863155,167.266082763672,-65.2678146362305,-45.7968292236328
30.6311554201047,165.811019897461,-65.4946441650391,-44.9264106750488
30.647822553894,164.316757202148,-65.6587219238281,-44.490909576416
30.6644896876833,165.607803344727,-65.7375640869141,-45.5556411743164
30.6811568214735,165.660903930664,-65.8199920654297,-45.564826965332
30.6978239552618,162.984741210938,-65.8271560668945,-44.2224540710449
30.714491089052,161.866287231445,-65.69189453125,-44.0461044311523
30.7311582228413,162.570053100586,-65.5104446411133,-44.6956253051758
30.7478253566305,162.801406860352,-65.2673797607422,-45.2428436279297
30.7644924904198,163.247833251953,-65.1041641235352,-46.0469589233398
30.7811596242091,164.210540771484,-65.0593338012695,-47.0493354797363
30.7978267579983,164.773315429688,-65.1828765869141,-47.8924598693848
30.8144938917876,165.213973999023,-65.4495468139648,-48.6884765625
30.8311610255778,165.927139282227,-65.7523498535156,-49.6038055419922
30.8478281593661,166.607925415039,-66.0472183227539,-50.4301071166992
30.8644952931563,167.081573486328,-66.3695602416992,-51.0651168823242
30.8811624269456,167.532165527344,-66.6830520629883,-51.6411056518555
30.8978295607349,167.826919555664,-66.9585342407227,-51.9901390075684
30.9144966945241,167.761642456055,-67.2062683105469,-52.064868927002
30.9311638283134,167.491561889648,-67.4423904418945,-52.0001564025879
30.9478309621027,167.167037963867,-67.6334457397461,-51.8698234558105
30.9644980958919,166.846252441406,-67.7716522216797,-51.7222213745117
30.9811652296821,166.583206176758,-67.8750228881836,-51.6171531677246
30.9978323634714,166.487167358398,-67.9681015014648,-51.6378211975098
31.0144994972607,166.408264160156,-68.0539245605469,-51.6383895874023
31.0311666310499,166.251098632812,-68.1176528930664,-51.6239852905273
31.0478337648392,166.237976074219,-68.1401138305664,-51.730884552002
31.0645008986285,166.234390258789,-68.1004867553711,-51.786376953125
31.0811680324177,165.966720581055,-67.9962692260742,-51.6236381530762
31.097835166207,165.553985595703,-67.8283996582031,-51.3131523132324
31.1145022999963,165.126037597656,-67.6011505126953,-50.9236259460449
31.1311694337865,164.728851318359,-67.3140335083008,-50.5450057983398
31.1478365675757,164.472229003906,-67.0507278442383,-50.2976417541504
31.164503701365,165.522048950195,-66.7756195068359,-50.9949035644531
31.1811708351543,165.972747802734,-66.8586044311523,-50.8300285339355
31.1978379689435,164.173370361328,-66.9074172973633,-49.3326568603516
31.2145051027328,162.843978881836,-67.1587524414062,-48.3080024719238
31.2311722365221,162.936126708984,-67.5395889282227,-47.9819068908691
31.2478393703113,162.767822265625,-68.1743698120117,-47.641975402832
31.2645065041006,161.987731933594,-69.0494766235352,-47.1512145996094
31.2811736378908,160.581665039062,-70.0392303466797,-46.145679473877
31.2978407716801,159.65283203125,-70.9975967407227,-45.7430458068848
31.3145079054693,160.286819458008,-71.8531646728516,-46.403018951416
31.3311750392586,161.843460083008,-72.452507019043,-47.615161895752
31.3478421730479,162.902069091797,-72.8744049072266,-48.6269607543945
31.3645093068371,163.74348449707,-73.0981903076172,-49.5772743225098
31.3811764406264,164.912536621094,-73.1242980957031,-50.7859764099121
31.3978435744157,166.071517944336,-72.8988418579102,-51.9094581604004
31.4145107082049,167.056777954102,-72.4875030517578,-52.8091239929199
31.4311778419951,167.853424072266,-71.9748992919922,-53.4467620849609
31.4478449757844,168.262313842773,-71.4199142456055,-53.6935424804688
31.4645121095737,168.278884887695,-70.886589050293,-53.586555480957
31.4811792433629,168.069625854492,-70.3979187011719,-53.2694129943848
31.4978463771522,167.789291381836,-69.9380416870117,-52.8623924255371
31.5145135109415,167.481689453125,-69.4982681274414,-52.4058685302734
31.5311806447307,167.11116027832,-69.0947113037109,-51.9201889038086
31.54784777852,166.759979248047,-68.7488632202148,-51.4974479675293
31.5645149123093,166.540435791016,-68.4828567504883,-51.2510414123535
31.5811820460995,166.754730224609,-68.3075332641602,-51.403507232666
31.5978491798887,167.433364868164,-68.2185211181641,-51.8963165283203
31.614516313678,168.096130371094,-68.2538681030273,-52.4031105041504
31.6311834474673,168.493453979492,-68.394157409668,-52.8259773254395
31.6478505812565,168.842056274414,-68.566291809082,-53.2801170349121
31.6645177150458,169.00260925293,-68.7192153930664,-53.5419578552246
31.6811848488351,168.865783691406,-68.8478546142578,-53.6383171081543
31.6978519826243,168.803451538086,-68.9690628051758,-53.9085998535156
31.7145191164136,169.4404296875,-69.0919952392578,-54.6910858154297
31.7311862502038,170.856399536133,-69.2491760253906,-55.9455490112305
31.7478533839931,171.416488647461,-69.7061004638672,-56.4729385375977
31.7645205177823,170.469787597656,-70.1624221801758,-56.1942329406738
31.7811876515716,171.155960083008,-70.3780822753906,-57.0664253234863
31.7978547853609,171.516235351562,-70.6311416625977,-57.3225288391113
31.8145219191501,169.581085205078,-70.9054718017578,-56.2839775085449
31.8311890529394,168.552932739258,-70.8183975219727,-56.1927299499512
31.8478561867287,169.155258178711,-70.5597991943359,-56.8907356262207
31.8645233205179,168.903793334961,-70.195426940918,-57.1413459777832
31.8811904543081,169.081451416016,-69.7049713134766,-57.9234466552734
31.8978575880974,170.300674438477,-69.2857513427734,-59.257007598877
31.9145247218867,171.142501831055,-69.1023178100586,-60.30810546875
31.9311918556759,171.743881225586,-69.1251907348633,-61.2386283874512
31.9478589894652,172.730361938477,-69.3339004516602,-62.4528388977051
31.9645261232545,173.768035888672,-69.6623840332031,-63.6771049499512
31.9811932570437,174.766952514648,-70.0321960449219,-64.8817138671875
31.997860390833,175.781524658203,-70.4093933105469,-66.1034851074219
32.0145275246223,176.857177734375,-70.7882843017578,-67.3684921264648
32.0311946584125,177.994750976562,-71.1292190551758,-68.753303527832
32.0478617922017,178.836242675781,-71.404182434082,-69.8259887695312
32.064528925991,179.327606201172,-71.6542282104492,-70.6994476318359
32.0811960597803,179.599807739258,-71.8237609863281,-71.3955688476562
32.0978631935695,179.853530883789,-71.9224472045898,-72.0541839599609
32.1145303273588,-179.945602416992,-71.9754791259766,-72.6409072875977
32.1311974611481,-179.817459106445,-71.9898147583008,-73.1690902709961
32.1478645949373,-179.754455566406,-71.9583053588867,-73.6475448608398
32.1645317287266,-179.54020690918,-71.8472213745117,-74.2927551269531
32.1811988625168,-179.038238525391,-71.6084518432617,-75.2438812255859
32.1978659963061,-178.832504272461,-71.2130661010742,-76.0795211791992
32.2145331300953,-179.322418212891,-70.647705078125,-76.7541732788086
32.2312002638846,179.550323486328,-70.0360336303711,-77.2222442626953
32.2478673976739,178.158294677734,-69.4252471923828,-77.6605072021484
32.2645345314631,176.518798828125,-68.8847503662109,-78.0436553955078
32.2812016652524,175.068923950195,-68.4397201538086,-78.6631393432617
32.2978687990417,175.194625854492,-68.0115127563477,-80.3412475585938
32.3145359328309,174.944915771484,-68.2299575805664,-81.3662719726562
32.3312030666211,172.752578735352,-68.4202270507812,-81.2396011352539
32.3478702004104,172.647018432617,-68.4967880249023,-82.2154235839844
32.3645373341997,172.994293212891,-68.7221450805664,-82.9833831787109
32.3812044679889,172.086380004883,-69.2869567871094,-83.2306747436523
32.3978716017782,171.429656982422,-70.0126876831055,-83.6581649780273
32.4145387355675,171.946166992188,-70.7006301879883,-84.7346954345703
32.4312058693567,172.094085693359,-71.3341293334961,-85.540641784668
32.447873003146,172.544525146484,-71.7505264282227,-86.6469039916992
32.4645401369353,173.734954833984,-72.0646514892578,-88.1647644042969
32.4812072707255,175.02001953125,-72.2704696655273,-89.8291168212891
32.4978744045147,176.190567016602,-72.2671966552734,-91.2836608886719
32.514541538304,177.526107788086,-72.1202163696289,-92.7857208251953
32.5312086720933,178.734130859375,-71.8238525390625,-94.0604705810547
32.5478758058825,179.613891601562,-71.4177322387695,-95.0025329589844
32.5645429396718,-179.853485107422,-70.9798583984375,-95.5589981079102
32.5812100734611,-179.727279663086,-70.5707397460938,-95.7479629516602
32.5978772072503,179.997360229492,-70.2090148925781,-95.6230621337891
32.6145443410396,179.495986938477,-69.8597412109375,-95.2793807983398
32.6312114748298,178.817596435547,-69.4950866699219,-94.6919937133789
32.6478786086191,177.936096191406,-69.1317138671875,-93.8765487670898
32.6645457424083,176.831420898438,-68.8076705932617,-92.8588333129883
32.6812128761976,175.650588989258,-68.5151443481445,-91.7802047729492
32.6978800099869,174.56950378418,-68.2455139160156,-90.838623046875
32.7145471437761,173.702423095703,-67.9463119506836,-90.1732864379883
32.7312142775654,173.127197265625,-67.626091003418,-89.7558441162109
32.7478814113547,173.040679931641,-67.3382720947266,-89.7005004882812
32.764548545144,173.184417724609,-67.115348815918,-89.7824935913086
32.7812156789341,173.303848266602,-66.9588317871094,-89.908317565918
32.7978828127234,173.338439941406,-66.8781661987305,-90.0124893188477
32.8145499465127,173.194641113281,-66.8544540405273,-90.0242080688477
32.8312170803019,172.803695678711,-66.8967666625977,-89.9236068725586
32.8478842140912,172.553451538086,-66.9653396606445,-90.0188446044922
32.8645513478805,172.754577636719,-66.9998397827148,-90.4855270385742
32.8812184816697,173.498138427734,-66.9822769165039,-91.2622833251953
32.897885615459,173.810348510742,-67.1414794921875,-91.7680740356445
32.9145527492483,173.151565551758,-67.2978515625,-91.6884765625
32.9312198830385,173.483627319336,-67.2334594726562,-92.0615921020508
32.9478870168277,173.911422729492,-67.2137832641602,-92.2309875488281
32.964554150617,171.509460449219,-67.5912628173828,-90.5402069091797
32.9812212844063,168.756286621094,-67.6147918701172,-88.8878860473633
32.9978884181955,168.144226074219,-67.3201370239258,-88.3468475341797
33.0145555519848,167.349731445312,-66.9366912841797,-87.7018051147461
33.0312226857741,166.02018737793,-66.3910522460938,-87.0601425170898
33.0478898195634,165.785949707031,-65.8574066162109,-87.1670379638672
33.0645569533526,166.374725341797,-65.365608215332,-87.9019088745117
33.0812240871428,167.185073852539,-64.9977645874023,-88.9037094116211
33.0978912209321,168.131958007812,-64.7795181274414,-90.072868347168
33.1145583547213,169.15266418457,-64.7043609619141,-91.2732543945312
33.1312254885106,170.026748657227,-64.7127075195312,-92.362548828125
33.1478926222999,170.679992675781,-64.7624588012695,-93.2710952758789
33.1645597560891,171.272979736328,-64.8441314697266,-94.1038055419922
33.1812268898784,171.739685058594,-64.9580001831055,-94.8143692016602
33.1978940236677,171.959915161133,-65.0995712280273,-95.3072891235352
33.214561157457,171.989990234375,-65.2671737670898,-95.639533996582
33.2312282912471,171.918792724609,-65.4691467285156,-95.907958984375
33.2478954250364,171.825790405273,-65.6957244873047,-96.1871490478516
33.2645625588257,171.6650390625,-65.8722229003906,-96.3537979125977
33.2812296926149,171.419357299805,-66.0728073120117,-96.3605194091797
33.2978968264042,171.061111450195,-66.3011474609375,-96.3284301757812
33.3145639601935,170.92399597168,-66.501091003418,-96.5121841430664
33.3312310939828,171.125686645508,-66.6653060913086,-96.9080810546875
33.347898227772,171.413223266602,-66.7667999267578,-97.3195037841797
33.3645653615613,171.640914916992,-66.7614059448242,-97.6017913818359
33.3812324953515,171.736083984375,-66.7073135375977,-97.6616668701172
33.3978996291407,171.255432128906,-66.6706695556641,-97.222297668457
33.41456676293,170.140075683594,-66.7117309570312,-96.2791519165039
33.4312338967193,168.829742431641,-66.8942413330078,-95.1404495239258
33.4479010305085,167.594909667969,-67.1355895996094,-94.1185150146484
33.4645681642978,167.150894165039,-67.2920227050781,-93.7734069824219
33.4812352980871,166.814239501953,-67.6767807006836,-93.2539367675781
33.4979024318764,164.405548095703,-67.9493179321289,-91.3047103881836
33.5145695656656,163.244110107422,-68.0038528442383,-90.5926055908203
33.5312366994558,162.300842285156,-68.1899261474609,-89.5669937133789
33.5479038332451,160.48161315918,-68.445442199707,-88.4136276245117
33.5645709670343,158.9755859375,-68.8326873779297,-87.7781524658203
33.5812381008236,158.524108886719,-69.3401870727539,-87.9229583740234
33.5979052346129,158.807220458984,-69.8168411254883,-88.7324295043945
33.6145723684022,159.728286743164,-70.2637252807617,-89.979736328125
33.6312395021914,161.3232421875,-70.6042022705078,-91.7936935424805
33.6479066359807,162.989852905273,-70.771125793457,-93.6871109008789
33.66457376977,164.336456298828,-70.7435073852539,-95.3223266601562
33.6812409035601,165.50634765625,-70.5508575439453,-96.8095703125
33.6979080373494,166.477645874023,-70.2219772338867,-98.0703125
33.7145751711387,167.228378295898,-69.8095169067383,-99.0763702392578
33.7312423049279,167.761245727539,-69.3636322021484,-99.8180999755859
33.7479094387172,168.038131713867,-68.9302520751953,-100.270210266113
33.7645765725065,168.020217895508,-68.5343475341797,-100.399932861328
33.7812437062958,167.769058227539,-68.191276550293,-100.283866882324
33.797910840085,167.330947875977,-67.8980484008789,-99.967887878418
33.8145779738743,166.734375,-67.6434173583984,-99.4832305908203
33.8312451076645,166.180038452148,-67.3989028930664,-98.9875946044922
33.8479122414537,165.825332641602,-67.1428833007812,-98.6156463623047
33.864579375243,165.720642089844,-66.8913726806641,-98.4083404541016
33.8812465090323,165.89436340332,-66.6252365112305,-98.3905334472656
33.8979136428215,166.267913818359,-66.3616333007812,-98.5265731811523
33.9145807766108,166.833648681641,-66.1337203979492,-98.8358154296875
33.9312479104001,167.582748413086,-65.937744140625,-99.2541961669922
33.9479150441903,168.196746826172,-65.7881088256836,-99.5700454711914
33.9645821779786,168.488510131836,-65.6486434936523,-99.6874084472656
33.9812493117688,168.505569458008,-65.5174713134766,-99.6240234375
33.9979164455581,168.214111328125,-65.4353408813477,-99.3517150878906
34.0145835793473,167.620559692383,-65.3795394897461,-98.8616333007812
34.0312507131366,167.181579589844,-65.3584671020508,-98.5487442016602
34.0479178469259,167.416610717773,-65.3419494628906,-98.8012313842773
34.0645849807152,167.901611328125,-65.4011154174805,-99.0428085327148
34.0812521145044,166.705535888672,-65.5277328491211,-98.2232208251953
34.0979192482946,166.379318237305,-65.5463333129883,-98.2058792114258
34.114586382083,166.667129516602,-65.5432662963867,-98.2438201904297
34.1312535158731,165.802062988281,-65.4653015136719,-97.8015213012695
34.1479206496624,165.04069519043,-65.2503280639648,-97.5989532470703
34.1645877834517,165.795196533203,-64.8753662109375,-98.280517578125
34.1812549172409,166.191925048828,-64.5210494995117,-98.6160202026367
34.1979220510302,166.006759643555,-64.1898651123047,-98.7722473144531
34.2145891848195,166.544891357422,-63.9120216369629,-99.3433303833008
34.2312563186088,167.259048461914,-63.7173652648926,-99.9181823730469
34.2479234523989,167.335052490234,-63.6140480041504,-100.098442077637
34.2645905861873,167.282897949219,-63.5742263793945,-100.127784729004
34.2812577199775,167.430541992188,-63.598503112793,-100.23974609375
34.2979248537667,167.65544128418,-63.6450843811035,-100.40404510498
34.314591987556,167.855255126953,-63.7061920166016,-100.51717376709
34.3312591213453,167.857803344727,-63.7829170227051,-100.431198120117
34.3479262551346,167.702423095703,-63.867057800293,-100.253936767578
34.3645933889238,167.467803955078,-63.9460945129395,-100.01155090332
34.3812605227131,167.206970214844,-64.0370788574219,-99.7543334960938
34.3979276565033,166.854263305664,-64.1312713623047,-99.4397964477539
34.4145947902916,166.233062744141,-64.186164855957,-98.8761444091797
34.4312619240818,165.641540527344,-64.2535552978516,-98.4422607421875
34.4479290578711,165.247283935547,-64.2909698486328,-98.1430053710938
34.4645961916603,164.888168334961,-64.3233947753906,-97.8706893920898
34.4812633254496,164.437728881836,-64.3573913574219,-97.5423583984375
34.4979304592389,164.159729003906,-64.4018249511719,-97.363899230957
34.5145975930282,164.056945800781,-64.4119491577148,-97.2663650512695
34.5312647268174,163.784606933594,-64.3539733886719,-96.9771194458008
34.5479318606076,163.370697021484,-64.1649627685547,-96.5149078369141
34.564598994396,162.978332519531,-63.8838119506836,-96.0192565917969
34.5812661281861,162.541732788086,-63.5442695617676,-95.4381561279297
34.5979332619754,162.092224121094,-63.2332763671875,-94.8493041992188
34.6146003957647,161.851745605469,-63.040412902832,-94.4622650146484
34.631267529554,162.500793457031,-62.9279670715332,-94.833366394043
34.6479346633432,162.812881469727,-62.7977905273438,-94.6202545166016
34.6646017971325,161.859878540039,-62.6923866271973,-93.7362442016602
34.6812689309218,161.883087158203,-62.5966300964355,-93.4315185546875
34.6979360647119,162.338043212891,-62.5671424865723,-93.3710861206055
34.7146031985003,162.286499023438,-62.614673614502,-92.932487487793
34.7312703322905,161.558776855469,-62.8307075500488,-92.0477752685547
34.7479374660797,160.717971801758,-63.1238098144531,-91.1181869506836
34.764604599869,159.523956298828,-63.4444808959961,-89.7416610717773
34.7812717336583,157.944549560547,-63.7415466308594,-88.0617828369141
34.7979388674476,157.349899291992,-64.0304870605469,-86.9616928100586
34.8146060012368,157.017044067383,-64.3368835449219,-85.887092590332
34.8312731350261,156.3916015625,-64.5654983520508,-84.4809417724609
34.8479402688163,155.908905029297,-64.7948532104492,-83.035888671875
34.8646074026046,155.656723022461,-65.0238494873047,-81.6601638793945
34.8812745363948,155.453857421875,-65.2131729125977,-80.2627868652344
34.8979416701841,155.3720703125,-65.3298645019531,-78.9699249267578
34.9146088039734,155.379669189453,-65.369499206543,-77.8055877685547
34.9312759377626,155.430938720703,-65.3155364990234,-76.7508239746094
34.9479430715519,155.47721862793,-65.1724472045898,-75.7819290161133
34.9646102053412,155.510192871094,-64.9338684082031,-74.9317169189453
34.9812773391304,155.578903198242,-64.6120147705078,-74.2261734008789
34.9979444729206,155.65950012207,-64.2463073730469,-73.6861419677734
35.014611606709,155.742904663086,-63.8515853881836,-73.286506652832
35.0312787404991,155.898666381836,-63.4607429504395,-73.0819931030273
35.0479458742884,156.083938598633,-63.1065444946289,-72.9775619506836
35.0646130080777,156.29167175293,-62.8101005554199,-72.9538269042969
35.081280141867,156.658813476562,-62.5886917114258,-73.10498046875
35.0979472756562,157.038040161133,-62.4455375671387,-73.2858810424805
35.1146144094455,157.28205871582,-62.3401145935059,-73.3691558837891
35.1312815432348,157.279632568359,-62.2529258728027,-73.2768707275391
35.1479486770249,157.050003051758,-62.1138229370117,-73.0257949829102
35.1646158108133,156.504837036133,-61.8291816711426,-72.4671173095703
35.1812829446035,155.812728881836,-61.4769020080566,-71.9375762939453
35.1979500783928,154.916595458984,-61.1062278747559,-71.2895965576172
35.214617212182,154.211349487305,-60.9057807922363,-70.8125686645508
35.2312843459713,153.664703369141,-60.7422332763672,-70.4262313842773
35.2479514797606,152.420303344727,-60.539722442627,-69.4240264892578
35.2646186135498,151.63459777832,-60.3791885375977,-68.8900909423828
35.2812857473391,151.510879516602,-60.3087615966797,-68.8226165771484
35.2979528811293,151.054107666016,-60.0316963195801,-68.380729675293
35.3146200149176,150.703201293945,-59.6789627075195,-68.0558395385742
35.3312871487078,151.466796875,-59.2947235107422,-68.5376586914062
35.3479542824971,151.996688842773,-58.9033012390137,-68.6163330078125
35.3646214162864,152.519393920898,-58.6106338500977,-68.6191635131836
35.3812885500756,153.406311035156,-58.4637069702148,-68.8017425537109
35.3979556838649,154.132446289062,-58.4353904724121,-68.750602722168
35.4146228176542,154.689590454102,-58.5938453674316,-68.4504318237305
35.4312899514434,155.183456420898,-59.0083084106445,-68.0632705688477
35.4479570852336,155.604568481445,-59.5707244873047,-67.6500701904297
35.464624219022,155.911209106445,-60.1417007446289,-67.080207824707
35.4812913528121,156.15087890625,-60.7737197875977,-66.5164947509766
35.4979584866014,156.401824951172,-61.4347114562988,-66.0100326538086
35.5146256203907,156.635192871094,-62.0822410583496,-65.5560607910156
35.53129275418,156.796401977539,-62.6933364868164,-65.0971603393555
35.5479598879692,156.876754760742,-63.2523803710938,-64.6466827392578
35.5646270217585,156.878005981445,-63.7360000610352,-64.1991348266602
35.5812941555478,156.781295776367,-64.1486282348633,-63.7440528869629
35.5979612893379,156.688278198242,-64.5065689086914,-63.367073059082
35.6146284231263,156.611618041992,-64.7724990844727,-63.0060386657715
35.6312955569165,156.617477416992,-64.9945755004883,-62.7608184814453
35.6479626907058,156.740936279297,-65.1696395874023,-62.6801261901855
35.664629824495,157.012115478516,-65.2763290405273,-62.7349472045898
35.6812969582843,157.164321899414,-65.2826538085938,-62.6988410949707
35.6979640920736,157.135299682617,-65.2164306640625,-62.5365447998047
35.7146312258628,157.02815246582,-65.0768585205078,-62.3501663208008
35.7312983596521,156.811584472656,-64.877555847168,-62.0834083557129
35.7479654934423,156.562286376953,-64.6156997680664,-61.8521728515625
35.7646326272306,156.271987915039,-64.3280792236328,-61.6477737426758
35.7812997610208,156.001892089844,-64.1266021728516,-61.5264129638672
35.7979668948101,156.275543212891,-64.0807800292969,-61.8935890197754
35.8146340285994,156.67692565918,-63.9724540710449,-62.2059211730957
35.8313011623886,155.884063720703,-63.9863243103027,-61.5923233032227
35.8479682961779,156.391784667969,-64.0252838134766,-61.9596786499023
35.8646354299672,156.798110961914,-64.1255874633789,-62.1603507995605
35.8813025637564,156.21452331543,-64.1359939575195,-61.6479911804199
35.8979696975466,155.523620605469,-64.2531661987305,-61.051025390625
35.914636831335,154.734970092773,-64.4996643066406,-60.3543663024902
35.9313039651252,153.291809082031,-64.897705078125,-59.1876678466797
35.9479710989144,152.042587280273,-65.4156875610352,-58.2149124145508
35.9646382327037,151.176177978516,-66.0402221679688,-57.5484619140625
35.981305366493,150.264984130859,-66.6249618530273,-56.9204788208008
35.9979725002822,149.548477172852,-67.1178207397461,-56.5172157287598
36.0146396340715,149.345001220703,-67.4965362548828,-56.6023330688477
36.0313067678608,149.685333251953,-67.7208251953125,-57.173210144043
36.0479739016509,150.423156738281,-67.8065643310547,-58.053092956543
36.0646410354393,151.431686401367,-67.7940902709961,-59.1213607788086
36.0813081692295,152.566696166992,-67.6942825317383,-60.2512168884277
36.0979753030188,153.694641113281,-67.5293426513672,-61.3194923400879
36.114642436808,154.675827026367,-67.3078231811523,-62.2070007324219
36.1313095705973,155.435836791992,-67.0587387084961,-62.8424530029297
36.1479767043866,155.94255065918,-66.8302612304688,-63.2027130126953
36.1646438381758,156.36604309082,-66.6399459838867,-63.484260559082
36.1813109719651,156.775283813477,-66.5157241821289,-63.7623291015625
36.1979781057553,157.114364624023,-66.4357528686523,-63.9705276489258
36.2146452395436,157.377059936523,-66.3937454223633,-64.1214447021484
36.2313123733338,157.633514404297,-66.3448944091797,-64.3022994995117
36.2479795071231,157.898498535156,-66.2702026367188,-64.51220703125
36.2646466409124,158.032897949219,-66.1636047363281,-64.6414489746094
36.2813137747016,157.863464355469,-66.0200805664062,-64.5549545288086
36.2979809084909,157.446929931641,-65.8323593139648,-64.3517303466797
36.3146480422802,156.812637329102,-65.6087646484375,-64.0785369873047
36.3313151760694,155.955352783203,-65.4327850341797,-63.7687568664551
36.3479823098596,155.277084350586,-65.4286575317383,-63.7570152282715
36.364649443648,155.564056396484,-65.5937118530273,-64.6707611083984
36.3813165774382,155.608184814453,-65.8413696289062,-65.2842102050781
36.3979837112274,155.094055175781,-66.0538482666016,-65.7485046386719
36.4146508450167,155.676895141602,-66.3704605102539,-67.13427734375
36.431317978806,155.2998046875,-66.6848831176758,-67.7345657348633
36.4479851125952,154.641738891602,-66.7942123413086,-68.2399673461914
36.4646522463845,154.617858886719,-66.8309173583984,-69.2222595214844
36.4813193801738,154.43635559082,-66.8656921386719,-70.0879211425781
36.497986513964,154.269134521484,-66.9032440185547,-70.9881210327148
36.5146536477523,154.750579833984,-67.0399017333984,-72.3952255249023
36.5313207815425,155.383697509766,-67.2270965576172,-73.8641204833984
36.5479879153318,155.80827331543,-67.4552383422852,-75.0563583374023
36.564655049121,156.203948974609,-67.7288589477539,-76.1575698852539
36.5813221829103,156.591873168945,-68.0420227050781,-77.1745376586914
36.5979893166996,156.85791015625,-68.3697814941406,-78.0079498291016
36.6146564504888,156.961456298828,-68.6828002929688,-78.6570129394531
36.6313235842781,156.990249633789,-68.9470825195312,-79.2014923095703
36.6479907180683,157.038696289062,-69.1473083496094,-79.7432250976562
36.6646578518566,157.045028686523,-69.267463684082,-80.2302703857422
36.6813249856468,156.907608032227,-69.3311920166016,-80.5839157104492
36.6979921194361,156.63298034668,-69.3836822509766,-80.8188323974609
36.7146592532254,156.402450561523,-69.4452285766602,-81.0996322631836
36.7313263870146,156.326263427734,-69.5651168823242,-81.4917907714844
36.7479935208039,156.457427978516,-69.7592926025391,-82.0370407104492
36.7646606545932,156.737442016602,-70.0087509155273,-82.6729354858398
36.7813277883824,157.222732543945,-70.2837982177734,-83.4524078369141
36.7979949221726,157.985778808594,-70.5389709472656,-84.3944931030273
36.814662055961,158.738922119141,-70.7242660522461,-85.2441253662109
36.8313291897512,159.253875732422,-70.7890014648438,-85.805046081543
36.8479963235404,159.522994995117,-70.7583312988281,-86.1273345947266
36.8646634573297,159.427291870117,-70.6876754760742,-86.1036224365234
36.881330591119,158.894805908203,-70.5849914550781,-85.6863555908203
36.8979977249082,158.559234619141,-70.4538955688477,-85.4737014770508
36.9146648586975,158.727203369141,-70.366828918457,-85.7180938720703
36.9313319924868,160.125762939453,-70.3354415893555,-86.9115676879883
36.947999126277,159.265213012695,-70.3504104614258,-86.0485305786133
36.9646662600653,158.746124267578,-70.2832565307617,-85.7098159790039
36.9813333938555,158.992126464844,-70.2650909423828,-85.7055740356445
36.9980005276448,158.639389038086,-70.2227096557617,-85.3272323608398
37.014667661434,157.822570800781,-70.3385696411133,-84.6021881103516
37.0313347952233,157.187911987305,-70.5725708007812,-84.0642929077148
37.0480019290126,156.083267211914,-70.9612884521484,-83.1103134155273
37.0646690628018,154.932662963867,-71.4601058959961,-82.190055847168
37.0813361965911,154.895202636719,-72.1258392333984,-82.1947326660156
37.0980033303813,155.173904418945,-72.863525390625,-82.5941543579102
37.1146704641696,155.693084716797,-73.4789428710938,-83.2642669677734
37.1313375979598,156.671615600586,-73.961540222168,-84.3836822509766
37.1480047317491,157.83024597168,-74.2959213256836,-85.6919937133789
37.1646718655384,159.248565673828,-74.4557189941406,-87.2488021850586
37.1813389993276,161.106063842773,-74.4503860473633,-89.1545944213867
37.1980061331169,163.124450683594,-74.2851486206055,-91.1275482177734
37.2146732669062,165.053833007812,-73.9814682006836,-92.9317398071289
37.2313404006954,166.728851318359,-73.5873260498047,-94.4273910522461
37.2480075344856,167.865417480469,-73.151725769043,-95.36865234375
37.264674668274,168.520706176758,-72.7040481567383,-95.8556518554688
37.2813418020642,168.88752746582,-72.2566986083984,-96.0782699584961
37.2980089358534,169.128234863281,-71.8787612915039,-96.182991027832
37.3146760696427,169.420074462891,-71.5363235473633,-96.3291702270508
37.331343203432,169.711669921875,-71.2254867553711,-96.4937286376953
37.3480103372212,170.135803222656,-70.9742889404297,-96.7929458618164
37.3646774710105,170.716781616211,-70.7707977294922,-97.2203063964844
37.3813446047998,171.245132446289,-70.58544921875,-97.638801574707
37.39801173859,171.427337646484,-70.3837966918945,-97.7647247314453
37.4146788723783,171.263259887695,-70.1474380493164,-97.660774230957
37.4313460061685,170.746810913086,-69.9616775512695,-97.3203353881836
37.4480131399578,170.135360717773,-69.7826232910156,-96.9911193847656
37.464680273747,169.76579284668,-69.6937789916992,-96.9953689575195
37.4813474075363,169.700500488281,-69.8086700439453,-97.4067001342773
37.4980145413256,170.784637451172,-70.0322341918945,-98.864128112793
37.5146816751148,170.545501708984,-70.5050201416016,-99.0226669311523
37.5313488089041,169.399230957031,-70.7272109985352,-98.719108581543
37.5480159426943,170.690170288086,-70.8231048583984,-100.248481750488
37.5646830764827,171.082626342773,-70.8861312866211,-100.971534729004
37.5813502102728,170.275375366211,-70.6759338378906,-100.988914489746
37.5980173440621,170.140975952148,-70.4187927246094,-101.397300720215
37.6146844778514,170.859115600586,-70.0874938964844,-102.451095581055
37.6313516116406,172.368453979492,-69.7711639404297,-104.098175048828
37.6480187454299,174.221221923828,-69.5573654174805,-105.924789428711
37.6646858792192,176.040512084961,-69.423454284668,-107.61563873291
37.6813530130084,177.667266845703,-69.3795928955078,-109.067962646484
37.6980201467986,178.974792480469,-69.3994903564453,-110.189422607422
37.714687280587,179.882888793945,-69.5163192749023,-110.931198120117
37.7313544143772,-179.606414794922,-69.7042922973633,-111.328979492188
37.7480215481664,-179.318374633789,-69.9066848754883,-111.530403137207
37.7646886819557,-179.172058105469,-70.074462890625,-111.619384765625
37.781355815745,-179.460647583008,-70.183708190918,-111.274536132812
37.7980229495342,179.969360351562,-70.2815780639648,-110.739593505859
37.8146900833235,179.183288574219,-70.370246887207,-110.054321289062
37.8313572171128,178.280059814453,-70.4661712646484,-109.293464660645
37.848024350903,177.366561889648,-70.5605163574219,-108.564682006836
37.8646914846913,176.45915222168,-70.6417617797852,-107.879760742188
37.8813586184815,175.605178833008,-70.7068862915039,-107.232803344727
37.8980257522708,174.78971862793,-70.7730178833008,-106.644317626953
37.91469288606,174.370910644531,-70.8103713989258,-106.430870056152
37.9313600198493,174.078674316406,-70.8504257202148,-106.266006469727
37.9480271536386,173.520202636719,-70.8826446533203,-105.81428527832
37.9646942874278,172.824417114258,-70.7773742675781,-105.131256103516
37.9813614212171,172.127487182617,-70.5500793457031,-104.437042236328
37.9980285550073,171.024459838867,-70.1675720214844,-103.290710449219
38.0146956887957,170.018814086914,-69.7009887695312,-102.242660522461
38.0313628225858,169.213333129883,-69.2583236694336,-101.369255065918
38.0480299563751,169.43034362793,-68.8556976318359,-101.514144897461
38.0646970901644,170.048828125,-68.5823974609375,-101.845085144043
38.0813642239536,169.278182983398,-68.2847213745117,-100.872985839844
38.0980313577429,170.554443359375,-67.7966995239258,-101.622421264648
38.1146984915322,171.806213378906,-67.3091583251953,-102.237991333008
38.1313656253215,171.494827270508,-66.741943359375,-101.660362243652
38.1480327591116,170.645233154297,-66.3883743286133,-100.718338012695
38.1646998929,169.550735473633,-66.19189453125,-99.6332168579102
38.1813670266902,168.361694335938,-66.2047958374023,-98.4773712158203
38.1980341604794,167.591171264648,-66.3271942138672,-97.6963729858398
38.2147012942687,167.416564941406,-66.5868377685547,-97.4353561401367
38.231368428058,167.079299926758,-66.97509765625,-97.1188659667969
38.2480355618472,166.723388671875,-67.3727874755859,-96.846321105957
38.2647026956365,166.587417602539,-67.7673034667969,-96.7968826293945
38.2813698294258,166.568374633789,-68.0789947509766,-96.8870391845703
38.298036963216,166.586288452148,-68.234016418457,-97.0044479370117
38.3147040970043,166.710342407227,-68.2353897094727,-97.2104721069336
38.3313712307945,166.878112792969,-68.1167602539062,-97.4708023071289
38.3480383645838,167.10481262207,-67.9220962524414,-97.7788696289062
38.364705498373,167.324020385742,-67.6657943725586,-98.0555877685547
38.3813726321623,167.514602661133,-67.3600387573242,-98.269660949707
38.3980397659516,167.697143554688,-67.0013198852539,-98.4390335083008
38.4147068997408,167.920639038086,-66.5868148803711,-98.6056518554688
38.4313740335301,168.21403503418,-66.1378402709961,-98.80908203125
38.4480411673203,168.507766723633,-65.6754150390625,-99.0103912353516
38.4647083011087,168.802490234375,-65.2154998779297,-99.2258834838867
38.4813754348988,169.077697753906,-64.8113708496094,-99.4605560302734
38.4980425686881,169.402557373047,-64.4638977050781,-99.7276992797852
38.5147097024774,169.626007080078,-64.1779708862305,-99.8941650390625
38.5313768362666,169.499267578125,-63.9440612792969,-99.7749710083008
38.5480439700559,169.191528320312,-63.7654991149902,-99.488883972168
38.5647111038452,168.860229492188,-63.6763877868652,-99.2054901123047
38.5813782376345,168.385940551758,-63.612434387207,-98.7901992797852
38.5980453714246,167.71923828125,-63.577709197998,-98.2747497558594
38.614712505213,167.338134765625,-63.4963226318359,-98.0338134765625
38.6313796390032,167.319091796875,-63.397159576416,-98.126838684082
38.6480467727924,166.321212768555,-63.3443565368652,-97.3768539428711
38.6647139065817,165.138687133789,-63.1830215454102,-96.6999893188477
38.681381040371,164.854217529297,-63.025016784668,-96.6825408935547
38.6980481741602,164.999420166016,-62.8976020812988,-97.0806884765625
38.7147153079495,166.065460205078,-62.661808013916,-98.2716598510742
38.7313824417388,167.478469848633,-62.4184226989746,-99.430046081543
38.748049575529,168.071060180664,-62.0996284484863,-99.8582153320312
38.7647167093173,168.620208740234,-61.7623977661133,-100.205238342285
38.7813838431075,169.607223510742,-61.5183181762695,-100.725448608398
38.7980509768968,170.456573486328,-61.4405899047852,-101.017250061035
38.814718110686,170.770355224609,-61.5178413391113,-100.766494750977
38.8313852444753,170.890060424805,-61.7199401855469,-100.232238769531
38.8480523782646,170.872756958008,-61.9680938720703,-99.4252090454102
38.8647195120539,170.735992431641,-62.2630271911621,-98.3329696655273
38.8813866458431,170.480834960938,-62.6332778930664,-96.8883056640625
38.8980537796333,170.064956665039,-63.1318435668945,-95.0869216918945
38.9147209134217,169.617233276367,-63.6421585083008,-93.0324325561523
38.9313880472118,169.021194458008,-64.0773010253906,-90.4925537109375
38.9480551810011,168.255844116211,-64.500602722168,-87.6836700439453
38.9647223147904,167.33024597168,-64.8584289550781,-84.6458282470703
38.9813894485796,166.354339599609,-65.1383056640625,-81.484001159668
38.9980565823689,165.054000854492,-65.3761901855469,-77.9909362792969
39.0147237161582,163.724945068359,-65.5903472900391,-74.5378036499023
39.0313908499475,162.408950805664,-65.7527923583984,-71.1603546142578
39.0480579837376,161.029006958008,-65.8857192993164,-67.8256912231445
39.0647251175269,159.756774902344,-66.0000228881836,-64.7818298339844
39.0813922513162,158.724822998047,-66.0853042602539,-62.1100463867188
39.0980593851054,157.747177124023,-66.0922546386719,-59.5328178405762
39.1147265188947,157.037689208984,-66.0632400512695,-57.407154083252
39.131393652684,156.608306884766,-65.9368286132812,-55.6539611816406
39.1480607864733,156.181533813477,-65.7426986694336,-54.0210418701172
39.1647279202625,155.667709350586,-65.5042572021484,-52.5125465393066
39.1813950540518,155.19352722168,-65.2923202514648,-51.2274475097656
39.198062187842,154.851654052734,-65.1564407348633,-50.1369819641113
39.2147293216312,154.885604858398,-65.0858612060547,-49.4951515197754
39.2313964554205,154.639556884766,-64.9968032836914,-48.616455078125
39.2480635892098,154.341995239258,-65.0589294433594,-47.8366775512695
39.264730722999,154.294097900391,-65.4211883544922,-47.380859375
39.2813978567883,154.39631652832,-66.0113983154297,-47.1511192321777
39.2980649905776,154.822631835938,-66.576057434082,-47.1705169677734
39.3147321243669,155.506546020508,-66.9584732055664,-47.446647644043
39.3313992581561,156.226715087891,-67.0452270507812,-47.6992950439453
39.3480663919463,156.073913574219,-67.0076522827148,-47.2248039245605
39.3647335257356,155.81916809082,-67.0668258666992,-46.5582427978516
39.3814006595248,155.647964477539,-67.3290557861328,-45.9124031066895
39.3980677933141,155.469497680664,-67.7638626098633,-45.2391967773438
39.4147349271034,155.040344238281,-68.2873001098633,-44.3707542419434
39.4314020608927,154.669982910156,-68.8470916748047,-43.5493469238281
39.4480691946819,154.500991821289,-69.3655853271484,-42.8798408508301
39.4647363284712,154.572296142578,-69.7432479858398,-42.3792686462402
39.4814034622605,154.980255126953,-69.9615936279297,-42.1170692443848
39.4980705960506,155.648330688477,-69.9852447509766,-41.9849548339844
39.5147377298399,156.444686889648,-69.825439453125,-41.8980484008789
39.5314048636292,157.256195068359,-69.5374984741211,-41.7100868225098
39.5480719974184,158.031387329102,-69.1757431030273,-41.388973236084
39.5647391312077,158.683120727539,-68.787727355957,-40.9164581298828
39.581406264997,159.298934936523,-68.3469390869141,-40.3964042663574
39.5980733987863,159.922897338867,-67.8671035766602,-39.8602066040039
39.6147405325755,160.540634155273,-67.3801422119141,-39.3548355102539
39.6314076663648,161.305648803711,-66.9048767089844,-39.0035858154297
39.648074800155,162.151748657227,-66.4912185668945,-38.7482566833496
39.6647419339442,163.044723510742,-66.1873779296875,-38.6249465942383
39.6814090677335,163.962036132812,-65.9739379882812,-38.6181793212891
39.6980762015228,164.76806640625,-65.8217926025391,-38.6402015686035
39.7147433353121,165.295333862305,-65.6970443725586,-38.5591430664062
39.7314104691013,165.472503662109,-65.5780181884766,-38.3716430664062
39.7480776028906,165.383041381836,-65.4758605957031,-38.1161842346191
39.7647447366799,165.114929199219,-65.4242095947266,-37.8680381774902
39.7814118704691,164.81233215332,-65.3754196166992,-37.854663848877
39.7980790042593,164.742462158203,-65.2481384277344,-38.2820701599121
39.8147461380486,165.361877441406,-65.0467529296875,-39.4848785400391
39.8314132718378,165.736236572266,-64.7580490112305,-40.441707611084
39.8480804056271,165.887664794922,-64.483528137207,-41.3233337402344
39.8647475394164,166.770874023438,-64.4194183349609,-42.7854614257812
39.8814146732057,167.980087280273,-64.5447082519531,-44.4339408874512
39.8980818069949,169.702499389648,-64.7087783813477,-46.4706077575684
39.9147489407842,172.286239624023,-64.7486038208008,-48.9895286560059
39.9314160745735,174.461151123047,-64.6596374511719,-50.8313751220703
39.9480832083636,176.577880859375,-64.5310440063477,-52.4339294433594
39.9647503421529,179.08821105957,-64.492790222168,-54.2553367614746
39.9814174759422,-178.411560058594,-64.678581237793,-55.9842987060547
39.9980846097314,-175.885681152344,-65.0737152099609,-57.6473579406738
40.0147517435207,-173.2802734375,-65.5840682983398,-59.3816871643066
40.03141887731,-170.765502929688,-66.1718368530273,-61.1078109741211
40.0480860110993,-168.458099365234,-66.8054428100586,-62.7004547119141
40.0647531448885,-166.554046630859,-67.4731216430664,-64.0026702880859
40.0814202786778,-165.080017089844,-68.0867538452148,-64.9839096069336
40.098087412468,-164.344512939453,-68.6379547119141,-65.185676574707
40.1147545462572,-164.151931762695,-69.1259994506836,-64.9492340087891
40.1314216800465,-164.164901733398,-69.4901657104492,-64.5869522094727
40.1480888138358,-164.615692138672,-69.8016815185547,-63.8489990234375
40.1647559476251,-165.468399047852,-70.0994644165039,-62.7820663452148
40.1814230814143,-166.461349487305,-70.3967819213867,-61.6596832275391
40.1980902152036,-167.522094726562,-70.7737884521484,-60.5273895263672
40.2147573489929,-168.664779663086,-71.2376174926758,-59.412239074707
40.2314244827821,-169.727386474609,-71.6718063354492,-58.4331169128418
40.2480916165723,-170.636108398438,-72.0424194335938,-57.6196556091309
40.2647587503616,-171.274993896484,-72.3664932250977,-57.0854873657227
40.2814258841508,-171.655120849609,-72.6769790649414,-56.7893142700195
40.2980930179401,-172.475296020508,-73.0280151367188,-56.0674133300781
40.3147601517294,-173.754913330078,-73.3155517578125,-54.9040641784668
40.3314272855187,-175.287567138672,-73.5424423217773,-53.5922050476074
40.3480944193079,-177.009552001953,-73.6952972412109,-52.1065139770508
40.3647615530972,-177.878494262695,-73.7326126098633,-51.4361686706543
40.3814286868865,-177.727569580078,-73.6575317382812,-51.6998634338379
40.3980958206766,-175.971557617188,-73.3857727050781,-53.3310661315918
40.4147629544659,-174.952178955078,-73.1464309692383,-53.8896484375
40.4314300882552,-173.669036865234,-72.6637115478516,-54.4851303100586
40.4480972220445,-171.625640869141,-72.0345077514648,-55.6556587219238
40.4647643558337,-171.181671142578,-71.3409423828125,-55.3087348937988
40.481431489623,-171.2880859375,-70.765380859375,-54.4221267700195
40.4980986234123,-171.618438720703,-70.3376541137695,-53.3880386352539
40.5147657572015,-172.15315246582,-70.2623138427734,-52.247428894043
40.5314328909908,-172.208694458008,-70.4010696411133,-51.6385383605957
40.548100024781,-171.592391967773,-70.7972106933594,-51.7244911193848
40.5647671585702,-170.589874267578,-71.3839721679688,-52.1982803344727
40.5814342923595,-169.283508300781,-72.1184921264648,-53.0232543945312
40.5981014261488,-167.864288330078,-72.9529495239258,-54.0188789367676
40.6147685599381,-166.574356079102,-73.6168670654297,-54.934196472168
40.6314356937273,-165.766830444336,-73.9704818725586,-55.3870048522949
40.6481028275166,-165.561614990234,-74.046142578125,-55.2452697753906
40.6647699613059,-165.839050292969,-73.8799285888672,-54.6240158081055
40.6814370950951,-166.436233520508,-73.5265655517578,-53.6626930236816
40.6981042288853,-167.151321411133,-73.0348892211914,-52.5340538024902
40.7147713626746,-167.899948120117,-72.4291229248047,-51.3262023925781
40.7314384964639,-168.633651733398,-71.7674026489258,-50.1079292297363
40.7481056302531,-169.342086791992,-71.1222534179688,-48.9101409912109
40.7647727640424,-169.94270324707,-70.5080261230469,-47.8247947692871
40.7814398978317,-170.368499755859,-69.9454345703125,-46.9428176879883
40.7981070316209,-170.599319458008,-69.44384765625,-46.2803840637207
40.8147741654102,-170.718627929688,-69.0649185180664,-45.7508392333984
40.8314412991995,-170.797058105469,-68.7596817016602,-45.2953071594238
40.8481084329896,-170.83479309082,-68.4976348876953,-44.9238967895508
40.8647755667789,-170.934204101562,-68.2289733886719,-44.5529403686523
40.8814427005682,-171.177597045898,-68.0127944946289,-44.099178314209
40.8981098343575,-171.736099243164,-67.8861694335938,-43.4042320251465
40.9147769681467,-172.685775756836,-67.7826232910156,-42.4034118652344
40.931444101936,-173.727310180664,-67.6956176757812,-41.4194526672363
40.9481112357253,-174.314208984375,-67.6446228027344,-40.9501991271973
40.9647783695145,-175.152084350586,-67.7799301147461,-40.2603187561035
40.9814455033038,-176.17301940918,-67.8967514038086,-39.4610786437988
40.998112637094,-176.44157409668,-67.9369125366211,-39.3454170227051
41.0147797708833,-176.654388427734,-68.0084533691406,-39.3501739501953
41.0314469046725,-176.614868164062,-68.0105590820312,-39.4537582397461
41.0481140384618,-175.439086914062,-67.7925643920898,-40.6481285095215
41.0647811722511,-174.575698852539,-67.5512084960938,-41.4021072387695
41.0814483060403,-173.929656982422,-67.2839736938477,-41.8779449462891
41.0981154398296,-173.359451293945,-67.0655975341797,-42.268871307373
41.1147825736189,-172.785690307617,-66.9058456420898,-42.7118225097656
41.1314497074081,-172.326248168945,-66.8622894287109,-43.0302658081055
41.1481168411983,-172.103591918945,-66.9515686035156,-43.1376800537109
41.1647839749876,-171.896301269531,-67.1579360961914,-43.2947959899902
41.1814511087769,-171.769744873047,-67.4665603637695,-43.4270553588867
41.1981182425661,-171.616470336914,-67.8361511230469,-43.6776275634766
41.2147853763554,-171.447906494141,-68.2186050415039,-43.9800071716309
41.2314525101447,-171.627746582031,-68.5986633300781,-43.9173164367676
41.2481196439339,-171.792190551758,-68.9095687866211,-43.9440879821777
41.2647867777232,-172.068878173828,-69.1546478271484,-43.8833770751953
41.2814539115125,-172.495635986328,-69.3566207885742,-43.6838684082031
41.2981210453027,-173.092636108398,-69.5354537963867,-43.3285446166992
41.3147881790919,-173.665908813477,-69.6879348754883,-43.0049819946289
41.3314553128812,-174.124038696289,-69.822395324707,-42.7786407470703
41.3481224466705,-174.40510559082,-69.9369735717773,-42.6897125244141
41.3647895804597,-174.603958129883,-70.0137481689453,-42.6142196655273
41.381456714249,-174.846862792969,-70.0831680297852,-42.4392127990723
41.3981238480383,-175.043853759766,-70.1479721069336,-42.3005447387695
41.4147909818275,-175.107559204102,-70.1563949584961,-42.267822265625
41.4314581156168,-175.030319213867,-70.1109466552734,-42.3128433227539
41.448125249407,-174.777221679688,-69.9840774536133,-42.4525833129883
41.4647923831963,-174.506866455078,-69.7885513305664,-42.5448951721191
41.4814595169855,-174.496063232422,-69.6256484985352,-42.3547821044922
41.4981266507748,-174.742279052734,-69.5375595092773,-41.8958015441895
41.5147937845641,-174.819244384766,-69.5091781616211,-41.6539039611816
41.5314609183533,-174.872833251953,-69.7015075683594,-41.465763092041
41.5481280521426,-174.32746887207,-69.8685760498047,-41.7976913452148
41.5647951859319,-175.20719909668,-70.1744537353516,-40.7332038879395
41.5814623197211,-176.176391601562,-70.2882537841797,-39.5831069946289
41.5981294535113,-176.840728759766,-70.3595809936523,-38.7553100585938
41.6147965873006,-178.152435302734,-70.4503936767578,-37.4885368347168
41.6314637210899,-178.873641967773,-70.5888824462891,-36.9353332519531
41.6481308548791,-179.606704711914,-70.8549728393555,-36.5219230651855
41.6647979886684,179.871429443359,-71.1346893310547,-36.3260154724121
41.6814651224577,179.837066650391,-71.4321365356445,-36.5503959655762
41.6981322562469,179.99333190918,-71.7417907714844,-36.9181823730469
41.7147993900362,-179.053970336914,-72.0234298706055,-37.9438247680664
41.7314665238255,-178.048538208008,-72.2803726196289,-38.9312210083008
41.7481336576157,-177.088088989258,-72.4515991210938,-39.7976989746094
41.7648007914049,-176.357360839844,-72.5475234985352,-40.3860397338867
41.7814679251942,-175.782821655273,-72.5446929931641,-40.7731475830078
41.7981350589835,-175.287811279297,-72.4366683959961,-41.0638542175293
41.8148021927727,-174.92268371582,-72.2302398681641,-41.2287712097168
41.831469326562,-174.671691894531,-71.9306182861328,-41.320686340332
41.8481364603513,-174.505249023438,-71.5506057739258,-41.3761596679688
41.8648035941405,-174.361557006836,-71.1663818359375,-41.4736595153809
41.8814707279298,-174.073364257812,-70.7849197387695,-41.7388000488281
41.89813786172,-173.625076293945,-70.4557723999023,-42.2141265869141
41.9148049955093,-172.931304931641,-70.2093200683594,-43.0056076049805
41.9314721292985,-171.949630737305,-70.0646133422852,-44.1729164123535
41.9481392630878,-170.571182250977,-70.0066986083984,-45.8677177429199
41.9648063968771,-168.713745117188,-70.0271987915039,-48.1658058166504
41.9814735306663,-166.38720703125,-70.1321716308594,-51.054313659668
41.9981406644556,-163.618774414062,-70.2597427368164,-54.4750213623047
42.0148077982458,-160.455078125,-70.3013534545898,-58.3595275878906
42.0314749320341,-157.214431762695,-70.1989135742188,-62.3901863098145
42.0481420658243,-154.225280761719,-69.9588623046875,-66.2744979858398
42.0648091996136,-151.70442199707,-69.6261444091797,-69.8120956420898
42.0814763334029,-149.712310791016,-69.2240676879883,-72.8865509033203
42.0981434671921,-148.120452880859,-68.8008422851562,-75.585563659668
42.1148106009814,-146.320983886719,-68.3247604370117,-78.4148178100586
42.1314777347707,-144.35417175293,-67.9207916259766,-81.3543930053711
42.1481448685599,-143.086761474609,-67.8070297241211,-83.6101455688477
42.1648120023501,-141.691772460938,-67.5731506347656,-85.9160614013672
42.1814791361385,-140.527770996094,-67.370246887207,-87.9735107421875
42.1981462699287,-139.658340454102,-67.1071319580078,-89.680061340332
42.2148134037179,-138.748123168945,-66.6601257324219,-91.2698440551758
42.2314805375072,-137.748245239258,-65.9970169067383,-92.8074493408203
42.2481476712965,-136.797317504883,-65.480339050293,-94.2183303833008
42.2648148050857,-136.312545776367,-65.2511672973633,-95.1095657348633
42.281481938875,-135.716995239258,-64.9864654541016,-96.1316604614258
42.2981490726643,-134.977966308594,-64.8063049316406,-97.3600616455078
42.3148162064545,-134.196426391602,-64.7611083984375,-98.619270324707
42.3314833402428,-133.124816894531,-64.6777572631836,-100.163330078125
42.348150474033,-131.955215454102,-64.5826187133789,-101.805778503418
42.3648176078223,-130.782760620117,-64.5034866333008,-103.472023010254
42.3814847416115,-129.711410522461,-64.4572296142578,-105.041046142578
42.3981518754008,-128.804153442383,-64.4405212402344,-106.463356018066
42.4148190091901,-128.107894897461,-64.4371719360352,-107.679389953613
42.4314861429793,-127.716850280762,-64.5470809936523,-108.536315917969
42.4481532767686,-127.437438964844,-64.7006988525391,-109.300933837891
42.4648204105588,-127.195579528809,-64.8322830200195,-110.041351318359
42.4814875443471,-127.011138916016,-65.0140762329102,-110.678451538086
42.4981546781373,-126.829986572266,-65.1411514282227,-111.313148498535
42.5148218119266,-126.646705627441,-65.2092666625977,-111.947540283203
42.5314889457159,-126.491073608398,-65.2403335571289,-112.538642883301
42.5481560795051,-126.468971252441,-65.2709274291992,-113.00407409668
42.5648232132944,-126.621070861816,-65.3069686889648,-113.26961517334
42.5814903470837,-126.828758239746,-65.257926940918,-113.454208374023
42.5981574808729,-127.121147155762,-65.1817092895508,-113.517700195312
42.6148246146631,-127.500305175781,-65.1569900512695,-113.453804016113
42.6314917484515,-127.966873168945,-65.18359375,-113.274642944336
42.6481588822417,-128.646728515625,-65.3272476196289,-112.857398986816
42.6648260160309,-129.465194702148,-65.5124893188477,-112.232093811035
42.6814931498202,-130.352005004883,-65.6949157714844,-111.438621520996
42.6981602836095,-131.301666259766,-65.8703308105469,-110.480117797852
42.7148274173987,-131.566650390625,-65.4160690307617,-109.928092956543
42.731494551188,-131.737228393555,-65.7100296020508,-109.245254516602
42.7481616849773,-133.954605102539,-66.2088775634766,-107.100791931152
42.7648288187675,-134.731201171875,-66.4668502807617,-105.594024658203
42.7814959525558,-136.51025390625,-66.7979049682617,-103.650192260742
42.798163086346,-138.438247680664,-67.327766418457,-101.74201965332
42.8148302201353,-139.808776855469,-67.7860794067383,-100.252456665039
42.8314973539245,-140.470474243164,-68.1736679077148,-99.5526733398438
42.8481644877138,-140.420074462891,-68.4108581542969,-99.6166229248047
42.8648316215031,-139.354446411133,-68.442024230957,-100.468627929688
42.8814987552923,-137.804779052734,-68.3535842895508,-101.705406188965
42.8981658890816,-136.248046875,-68.2268295288086,-103.013984680176
42.9148330228718,-135.019943237305,-68.079963684082,-104.019691467285
42.9315001566601,-134.425247192383,-67.9635238647461,-104.491149902344
42.9481672904503,-134.508712768555,-67.873405456543,-104.367835998535
42.9648344242396,-135.178649902344,-67.8003921508789,-103.677993774414
42.9815015580289,-136.275192260742,-67.7084579467773,-102.529182434082
42.9981686918181,-137.59880065918,-67.5851593017578,-101.099685668945
43.0148358256074,-139.013595581055,-67.4495086669922,-99.5406951904297
43.0315029593967,-140.495223999023,-67.2845611572266,-97.8689193725586
43.0481700931859,-141.916870117188,-67.0840530395508,-96.1913909912109
43.0648372269761,-143.216018676758,-66.9038696289062,-94.5802459716797
43.0815043607645,-144.480087280273,-66.7289657592773,-93.0149459838867
43.0981714945547,-145.673583984375,-66.5238342285156,-91.4711303710938
43.1148386283439,-146.860794067383,-66.2732925415039,-89.8823165893555
43.1315057621332,-147.933364868164,-65.9923324584961,-88.3353042602539
43.1481728959225,-148.813461303711,-65.8203201293945,-87.0053939819336
43.1648400297117,-149.783950805664,-65.8620452880859,-85.8361663818359
43.181507163501,-150.674774169922,-65.9740524291992,-84.8822860717773
43.1981742972903,-151.487319946289,-66.1890106201172,-84.1033020019531
43.2148414310805,-152.429397583008,-66.515380859375,-83.3199996948242
43.2315085648688,-153.57405090332,-66.9251708984375,-82.568603515625
43.248175698659,-154.414627075195,-67.2427597045898,-82.2204360961914
43.2648428324483,-154.874130249023,-67.6955642700195,-82.2542724609375
43.2815099662375,-155.697937011719,-68.1552658081055,-82.1964797973633
43.2981771000268,-155.794082641602,-68.4692840576172,-82.5918426513672
43.3148442338161,-156.390655517578,-68.8062362670898,-82.6727905273438
43.3315113676053,-157.479446411133,-68.9331970214844,-82.4880599975586
43.3481785013946,-158.713073730469,-68.8574295043945,-82.1126480102539
43.3648456351848,-159.833969116211,-68.4731369018555,-81.6637649536133
43.3815127689732,-160.979385375977,-67.9474029541016,-81.0185470581055
43.3981799027633,-162.147415161133,-67.334831237793,-80.3010177612305
43.4148470365526,-162.974166870117,-66.6207122802734,-79.7866897583008
43.4315141703419,-163.791931152344,-65.9862823486328,-79.3102722167969
43.4481813041311,-164.913558959961,-65.4382019042969,-78.6996231079102
43.4648484379204,-165.916885375977,-64.9435653686523,-78.1309127807617
43.4815155717097,-166.7119140625,-64.4869766235352,-77.6942901611328
43.4981827054989,-167.296890258789,-64.0754165649414,-77.408821105957
43.5148498392891,-167.757080078125,-63.7403106689453,-77.1709899902344
43.5315169730775,-168.275985717773,-63.5069427490234,-76.8874969482422
43.5481841068677,-168.755813598633,-63.3598289489746,-76.629264831543
43.5648512406569,-169.113845825195,-63.3169937133789,-76.4620590209961
43.5815183744462,-169.613739013672,-63.3713569641113,-76.1113739013672
43.5981855082355,-170.249816894531,-63.5587768554688,-75.7095031738281
43.6148526420247,-170.788711547852,-63.7793159484863,-75.3930892944336
43.631519775814,-171.298675537109,-64.0694122314453,-75.0924224853516
43.6481869096033,-171.87451171875,-64.4162521362305,-74.7448654174805
43.6648540433935,-172.347808837891,-64.7870330810547,-74.4253158569336
43.6815211771818,-172.830612182617,-65.1990661621094,-74.0472412109375
43.698188310972,-173.306442260742,-65.5709228515625,-73.6323852539062
43.7148554447613,-173.564376831055,-65.8257293701172,-73.2256698608398
43.7315225785505,-173.965118408203,-66.0362701416016,-72.6048965454102
43.7481897123398,-174.753967285156,-66.1952972412109,-71.7005844116211
43.7648568461291,-175.752166748047,-66.2987213134766,-70.6323699951172
43.7815239799183,-176.928237915039,-66.3203125,-69.4349517822266
43.7981911137076,-177.921676635742,-66.1785202026367,-68.3131942749023
43.8148582474978,-178.350082397461,-65.9186401367188,-67.629753112793
43.8315253812862,-177.920043945312,-65.5993881225586,-67.4824905395508
43.8481925150763,-179.036407470703,-65.4197006225586,-66.3775253295898
43.8648596488656,-179.491577148438,-65.2105026245117,-65.7377548217773
43.8815267826549,-179.09977722168,-65.0169830322266,-65.6026000976562
43.8981939164441,-178.80517578125,-64.9777069091797,-65.5868682861328
43.9148610502334,-178.372833251953,-65.1410140991211,-65.8590927124023
43.9315281840227,-177.988372802734,-65.5384979248047,-66.3310852050781
43.948195317812,-177.910385131836,-66.1093292236328,-66.7324523925781
43.9648624516021,-177.914962768555,-66.6487731933594,-67.150260925293
43.9815295853905,-176.765472412109,-67.023811340332,-68.2554931640625
43.9981967191807,-175.490798950195,-67.2260971069336,-69.3278503417969
44.0148638529699,-174.955383300781,-67.3661880493164,-69.9450073242188
44.0315309867592,-174.657501220703,-67.4000930786133,-70.3286819458008
44.0481981205485,-174.433334350586,-67.3255310058594,-70.5580596923828
44.0648652543377,-174.450637817383,-67.0965728759766,-70.5908126831055
44.081532388127,-174.668609619141,-66.6878433227539,-70.39208984375
44.0981995219163,-175.053924560547,-66.115234375,-69.9647979736328
44.1148666557065,-175.708953857422,-65.4305801391602,-69.2914886474609
44.1315337894948,-176.562576293945,-64.6650695800781,-68.4381103515625
44.148200923285,-177.495803833008,-63.8254547119141,-67.4326934814453
44.1648680570743,-178.576995849609,-62.9478378295898,-66.2064666748047
44.1815351908635,-179.974853515625,-62.0799522399902,-64.7138748168945
44.1982023246528,178.346206665039,-61.276912689209,-63.0361175537109
44.2148694584421,176.602722167969,-60.5205917358398,-61.3177642822266
44.2315365922314,175.022216796875,-59.8137245178223,-59.7344093322754
44.2482037260206,173.758209228516,-59.1391372680664,-58.3613166809082
44.2648708598108,172.79084777832,-58.5301742553711,-57.1956787109375
44.2815379935992,172.242568969727,-58.0009002685547,-56.3150291442871
44.2982051273893,172.089157104492,-57.5830917358398,-55.6901206970215
44.3148722611786,171.949264526367,-57.3498191833496,-55.0911102294922
44.3315393949679,171.626846313477,-57.3069953918457,-54.4050254821777
44.3482065287571,171.220916748047,-57.431468963623,-53.6751251220703
44.3648736625464,170.628204345703,-57.6590766906738,-52.8211975097656
44.3815407963357,169.785018920898,-57.9767723083496,-51.9038848876953
44.398207930125,169.300064086914,-58.3717880249023,-51.3885307312012
44.4148750639151,169.483261108398,-58.7837905883789,-51.3563690185547
44.4315421977035,168.918716430664,-59.2549781799316,-50.8945350646973
44.4482093314937,168.192504882812,-59.6268882751465,-50.5849876403809
44.4648764652829,168.153945922852,-60.0070838928223,-50.7226333618164
44.4815435990722,168.311538696289,-60.3252410888672,-51.0327644348145
44.4982107328615,168.601699829102,-60.4627799987793,-51.4873390197754
44.5148778666507,168.549377441406,-60.5089797973633,-51.7240715026855
44.53154500044,168.620544433594,-60.3398323059082,-52.0126266479492
44.5482121342293,168.548248291016,-60.0911903381348,-52.0710754394531
44.5648792680195,168.470687866211,-59.7616424560547,-52.1167449951172
44.5815464018078,168.955902099609,-59.4520721435547,-52.4861335754395
44.598213535598,169.615859985352,-59.2615547180176,-52.8944206237793
44.6148806693873,169.942092895508,-59.2245216369629,-53.1621704101562
44.6315478031765,170.243957519531,-59.3374824523926,-53.4621353149414
44.6482149369658,170.766876220703,-59.557243347168,-53.9378318786621
44.6648820707551,171.32795715332,-59.8654594421387,-54.4420776367188
44.6815492045444,171.74201965332,-60.2592277526855,-54.8509063720703
44.6982163383336,172.100631713867,-60.695671081543,-55.2314491271973
44.7148834721238,172.431015014648,-61.1485137939453,-55.5770263671875
44.7315506059122,172.58073425293,-61.6551971435547,-55.7883415222168
44.7482177397023,172.49626159668,-62.1832237243652,-55.8503112792969
44.7648848734916,172.348342895508,-62.7487182617188,-55.9219169616699
44.7815520072809,171.852722167969,-63.1976509094238,-55.5210304260254
44.7982191410701,171.347732543945,-63.6795196533203,-55.2649002075195
44.8148862748594,170.954162597656,-64.1211013793945,-55.0635223388672
44.8315534086487,170.421279907227,-64.534912109375,-54.7243385314941
44.848220542438,169.785690307617,-64.8874359130859,-54.3388900756836
44.8648876762281,169.499893188477,-65.163330078125,-54.1884117126465
44.8815548100165,169.341613769531,-65.3437042236328,-54.0392570495605
44.8982219438067,168.890060424805,-65.4247741699219,-53.6207542419434
44.9148890775959,168.379348754883,-65.4238662719727,-53.1028747558594
44.9315562113852,167.752746582031,-65.4051361083984,-52.4146270751953
44.9482233451745,166.925094604492,-65.3960876464844,-51.6118431091309
44.9648904789638,166.506439208984,-65.4287490844727,-51.1482467651367
44.981557612753,167.406921386719,-65.4462585449219,-51.499095916748
44.9982247465423,166.918151855469,-65.6735000610352,-50.5313034057617
45.0148918803325,165.572937011719,-65.8857574462891,-49.4538154602051
45.0315590141208,165.520492553711,-66.0728225708008,-49.0330047607422
45.048226147911,165.691329956055,-66.4342193603516,-48.7104797363281
45.0648932817003,165.530380249023,-66.9365615844727,-48.3586921691895
45.0815604154895,165.301406860352,-67.5879440307617,-48.0127754211426
45.0982275492788,164.184722900391,-68.3591156005859,-47.1674613952637
45.1148946830681,163.166610717773,-68.9950637817383,-46.6901626586914
45.1315618168574,163.595962524414,-69.4565505981445,-47.2291297912598
45.1482289506466,165.364105224609,-69.8145980834961,-48.7191963195801
45.1648960844368,166.432067871094,-70.0828857421875,-49.7795066833496
45.1815632182252,167.136840820312,-70.208251953125,-50.7651062011719
45.1982303520153,168.321304321289,-70.2103500366211,-51.9698371887207
45.2148974858046,169.679000854492,-70.0670318603516,-53.2805824279785
45.2315646195939,170.63703918457,-69.7983627319336,-54.2239074707031
45.2482317533832,171.276138305664,-69.4203872680664,-54.8118743896484
45.2648988871724,171.72492980957,-68.9470367431641,-55.157154083252
45.2815660209617,171.912796020508,-68.3986511230469,-55.207592010498
45.298233154751,171.845336914062,-67.7915802001953,-54.9448471069336
45.3149002885411,171.735061645508,-67.1323623657227,-54.5109024047852
45.3315674223295,171.591506958008,-66.4421997070312,-53.9140357971191
45.3482345561197,171.311111450195,-65.7379455566406,-53.1033401489258
45.3649016899089,170.985382080078,-65.0570526123047,-52.1145095825195
45.3815688236982,170.812072753906,-64.426155090332,-51.0415954589844
45.3982359574875,170.825531005859,-63.8681488037109,-49.8737678527832
45.4149030912768,170.761322021484,-63.4621963500977,-48.3670883178711
45.431570225066,170.729187011719,-63.2247734069824,-46.70654296875
45.4482373588553,170.777297973633,-63.1811828613281,-44.9302444458008
45.4649044926455,170.609146118164,-63.3169555664062,-42.8750762939453
45.4815716264338,170.045928955078,-63.5017433166504,-40.400520324707
45.498238760224,169.184997558594,-63.6328163146973,-37.7218551635742
45.5149058940133,167.659759521484,-63.7086181640625,-34.6846733093262
45.5315730278026,166.177124023438,-63.7196884155273,-31.8956031799316
45.5482401615918,165.503265380859,-63.813304901123,-30.0136642456055
45.5649072953811,164.98210144043,-64.092529296875,-28.2066478729248
45.5815744291704,164.156097412109,-64.3922958374023,-26.3141803741455
45.5982415629596,163.876358032227,-64.6741333007812,-24.9628658294678
45.6149086967498,164.236953735352,-64.9779357910156,-24.0970134735107
45.6315758305382,164.263107299805,-65.2552337646484,-22.8483123779297
45.6482429643283,163.928497314453,-65.5178527832031,-21.0609912872314
45.6649100981176,163.498321533203,-65.6735229492188,-19.0062847137451
45.6815772319069,163.393142700195,-65.7298889160156,-16.962682723999
45.6982443656962,163.205780029297,-65.8189315795898,-14.6523199081421
45.7149114994854,163.564422607422,-66.0094604492188,-12.7125425338745
45.7315786332747,164.178558349609,-66.3709259033203,-10.87353515625
45.748245767064,164.569885253906,-66.8309631347656,-8.74452590942383
45.7649129008541,164.820770263672,-67.4702453613281,-6.53315544128418
45.7815800346425,164.772216796875,-68.2921447753906,-4.14730596542358
45.7982471684327,164.51237487793,-69.2119903564453,-1.65986478328705
45.814914302222,164.105117797852,-70.1053466796875,0.87873911857605
45.8315814360112,163.784210205078,-70.9070281982422,3.17572593688965
45.8482485698005,163.291122436523,-71.5598678588867,5.52548694610596
45.8649157035898,162.808670043945,-72.0629348754883,7.64350843429565
45.881582837379,162.33708190918,-72.4148178100586,9.55231094360352
45.8982499711683,161.793472290039,-72.6202392578125,11.3356103897095
45.9149171049585,161.21858215332,-72.7569885253906,12.9033126831055
45.9315842387468,160.587982177734,-72.9038162231445,14.3068523406982
45.948251372537,159.93962097168,-73.0197296142578,15.5411825180054
45.9649185063263,159.271087646484,-73.086669921875,16.6607704162598
45.9815856401156,158.765884399414,-73.0511093139648,17.5393753051758
45.9982527739048,158.610076904297,-72.9096145629883,18.071891784668
46.0149199076941,158.446228027344,-72.8295669555664,18.6079521179199
46.0315870414834,158.326461791992,-72.6377410888672,19.1612377166748
46.0482541752726,158.274291992188,-72.2866592407227,19.7070255279541
46.0649213090628,158.167129516602,-71.859375,20.2901077270508
46.0815884428512,158.202941894531,-71.455451965332,20.6387844085693
46.0982555766413,158.558670043945,-71.1426162719727,20.5406970977783
46.1149227104306,159.930572509766,-70.7888336181641,19.3632259368896
46.1315898442199,161.047973632812,-70.6620101928711,18.2711658477783
46.1482569780092,162.211181640625,-70.3967742919922,16.9446544647217
46.1649241117984,162.896560668945,-70.2976913452148,15.8481140136719
46.1815912455877,162.941635131836,-70.4463882446289,14.9280548095703
46.198258379377,162.745223999023,-70.4772567749023,13.963493347168
46.2149255131671,162.528015136719,-70.3029708862305,12.7711839675903
46.2315926469555,161.920303344727,-70.1002960205078,11.8293657302856
46.2482597807457,161.296508789062,-70.0490798950195,10.8553991317749
46.264926914535,160.55419921875,-70.1832275390625,10.0045156478882
46.2815940483242,159.988952636719,-70.5349426269531,9.02071762084961
46.2982611821135,159.288192749023,-71.0193939208984,8.20963191986084
46.3149283159028,158.559783935547,-71.5267562866211,7.46840572357178
46.331595449692,158.028839111328,-71.987419128418,6.61807107925415
46.3482625834813,157.768615722656,-72.3359222412109,5.58831977844238
46.3649297172715,157.819366455078,-72.5747833251953,4.35173368453979
46.3815968510598,158.106964111328,-72.6776428222656,3.01533317565918
46.39826398485,158.4384765625,-72.6331481933594,1.7433375120163
46.4149311186393,158.787994384766,-72.451286315918,0.538511157035828
46.4315982524286,159.316772460938,-72.1315078735352,-0.766834616661072
46.4482653862178,160.048324584961,-71.7002410888672,-2.25805926322937
46.4649325200071,160.568496704102,-71.133544921875,-3.47617173194885
46.4815996537964,160.915908813477,-70.4789886474609,-4.50276136398315
46.4982667875856,161.22200012207,-69.7495803833008,-5.45393896102905
46.5149339213758,161.531768798828,-69.0309295654297,-6.39235210418701
46.5316010551642,161.696319580078,-68.3827590942383,-7.16941499710083
46.5482681889544,161.919998168945,-67.8397369384766,-7.9970440864563
46.5649353227436,162.364791870117,-67.422119140625,-9.03626823425293
46.5816024565329,163.128723144531,-67.1499252319336,-10.3644018173218
46.5982695903222,163.78971862793,-66.9888000488281,-11.5807018280029
46.6149367241114,163.949859619141,-66.9018783569336,-12.3641223907471
46.6316038579007,163.563064575195,-66.8294525146484,-12.6511859893799
46.64827099169,162.824066162109,-66.7090682983398,-12.6483716964722
46.6649381254801,161.662109375,-66.6224822998047,-12.3213958740234
46.6816052592685,160.295349121094,-66.6658325195312,-11.8885459899902
46.6982723930587,159.3515625,-66.8312683105469,-11.838493347168
46.714939526848,158.755905151367,-67.0625381469727,-12.0027465820312
46.7316066606372,157.195327758789,-67.2841873168945,-11.3589458465576
46.7482737944265,156.147399902344,-67.4981689453125,-11.3211603164673
46.7649409282158,156.290451049805,-67.7447662353516,-12.2314577102661
46.781608062005,156.524917602539,-67.9593048095703,-13.2118463516235
46.7982751957943,157.21516418457,-68.1024551391602,-14.6664123535156
46.8149423295845,158.160247802734,-68.0653076171875,-16.2856559753418
46.8316094633728,158.714508056641,-67.8188552856445,-17.5505676269531
46.848276597163,159.260665893555,-67.4449081420898,-18.8025493621826
46.8649437309523,160.11799621582,-67.0781784057617,-20.2634239196777
46.8816108647416,161.077301025391,-66.8202590942383,-21.7551498413086
46.8982779985308,161.688827514648,-66.6655654907227,-22.8670101165771
46.9149451323201,162.090560913086,-66.6534118652344,-23.7882175445557
46.9316122661094,162.313171386719,-66.8238906860352,-24.5301151275635
46.9482793998986,162.501358032227,-67.19580078125,-25.3111324310303
46.9649465336888,162.483535766602,-67.6450805664062,-25.779634475708
46.9816136674781,162.177169799805,-68.1266174316406,-25.9200897216797
46.9982808012674,161.86344909668,-68.5524673461914,-26.0354480743408
47.0149479350566,161.646560668945,-68.9214172363281,-26.2227993011475
47.0316150688459,161.199645996094,-69.2222671508789,-26.1595249176025
47.0482822026352,160.48762512207,-69.4245452880859,-25.8146667480469
47.0649493364244,159.699188232422,-69.5546646118164,-25.4045066833496
47.0816164702137,158.743041992188,-69.5992965698242,-24.8202438354492
47.098283604003,157.81037902832,-69.6111068725586,-24.2881698608398
47.1149507377932,156.894836425781,-69.5685501098633,-23.6956024169922
47.1316178715824,155.869201660156,-69.5396499633789,-22.9135284423828
47.1482850053717,155.061004638672,-69.5283889770508,-22.3362922668457
47.164952139161,154.734344482422,-69.5495147705078,-22.1571006774902
47.1816192729502,154.583404541016,-69.495231628418,-22.0772590637207
47.1982864067395,154.398315429688,-69.3441009521484,-21.9670677185059
47.2149535405288,154.201416015625,-69.1118469238281,-21.8292236328125
47.231620674318,153.955627441406,-68.8333587646484,-21.6255588531494
47.2482878081073,153.720840454102,-68.5026473999023,-21.4387760162354
47.2649549418975,153.797973632812,-68.1902389526367,-21.5292530059814
47.2816220756868,154.993408203125,-67.879035949707,-22.6173973083496
47.298289209476,156.110015869141,-67.7977676391602,-23.3498363494873
47.3149563432653,155.52717590332,-67.7675704956055,-22.7996711730957
47.3316234770546,155.480072021484,-67.8126602172852,-22.8222198486328
47.3482906108438,156.457901000977,-68.0027008056641,-23.5453109741211
47.3649577446331,157.07307434082,-68.3115997314453,-24.0125484466553
47.3816248784224,157.570175170898,-68.7972030639648,-24.4964389801025
47.3982920122116,157.681411743164,-69.395149230957,-24.4392318725586
47.4149591460018,156.720809936523,-69.9450607299805,-23.8507823944092
47.4316262797911,155.941772460938,-70.4741821289062,-23.4868144989014
47.4482934135804,156.595428466797,-70.8735580444336,-24.0944290161133
47.4649605473696,157.832809448242,-71.2124481201172,-25.1149959564209
47.4816276811589,158.364105224609,-71.4273223876953,-25.6658706665039
47.4982948149482,159.115341186523,-71.5060577392578,-26.3863544464111
47.5149619487374,160.036575317383,-71.442756652832,-27.172550201416
47.5316290825267,160.923767089844,-71.2528915405273,-27.9484043121338
47.548296216316,161.654479980469,-70.9267578125,-28.576150894165
47.5649633501062,162.198455810547,-70.4851150512695,-29.0310459136963
47.5816304838954,162.535675048828,-69.959228515625,-29.290714263916
47.5982976176847,162.600189208984,-69.4065551757812,-29.3004188537598
47.614964751474,162.43489074707,-68.8475341796875,-29.1008110046387
47.6316318852632,162.192276000977,-68.2881088256836,-28.8063735961914
47.6482990190525,161.963623046875,-67.7377090454102,-28.4999046325684
47.6649661528418,161.755126953125,-67.2467193603516,-28.2075519561768
47.681633286631,161.721557617188,-66.8054428100586,-28.061990737915
47.6983004204203,161.783325195312,-66.4177703857422,-27.9921379089355
47.7149675542105,161.753189086914,-66.1078262329102,-27.8833198547363
47.7316346879998,161.819854736328,-65.8598556518555,-27.9034156799316
47.748301821789,161.89518737793,-65.68896484375,-27.943286895752
47.7649689555783,161.664596557617,-65.5973358154297,-27.7599678039551
47.7816360893676,161.123580932617,-65.5186920166016,-27.4410648345947
47.7983032231568,160.392456054688,-65.4333267211914,-27.0095863342285
47.8149703569461,159.438858032227,-65.3223419189453,-26.4906253814697
47.8316374907354,158.241424560547,-65.2453842163086,-25.8790416717529
47.8483046245246,157.297912597656,-65.2181701660156,-25.5649833679199
47.8649717583148,157.067077636719,-65.2989501953125,-25.8889904022217
47.8816388921041,156.766143798828,-65.5461044311523,-26.0620212554932
47.8983060258934,156.15412902832,-65.7072143554688,-26.1895542144775
47.9149731596826,156.857009887695,-65.8214874267578,-27.5242080688477
47.9316402934719,158.468566894531,-65.942985534668,-29.325891494751
47.9483074272612,159.104293823242,-65.9269027709961,-30.5093555450439
47.9649745610504,159.858535766602,-65.7285079956055,-31.913064956665
47.9816416948397,160.368377685547,-65.4318466186523,-33.031494140625
47.998308828629,160.446823120117,-64.9952392578125,-33.8478584289551
48.0149759624192,160.907455444336,-64.4778747558594,-34.890739440918
48.0316430962084,161.919448852539,-63.9942779541016,-36.2934722900391
48.0483102299977,162.850708007812,-63.6226196289062,-37.5424041748047
48.064977363787,163.530624389648,-63.3669357299805,-38.5223999023438
48.0816444975762,164.140731811523,-63.2517471313477,-39.4089012145996
48.0983116313655,164.69792175293,-63.2703056335449,-40.2107315063477
48.1149787651548,165.234451293945,-63.4309577941895,-40.93408203125
48.131645898944,165.759719848633,-63.7394752502441,-41.580078125
48.1483130327333,166.376327514648,-64.1450881958008,-42.2762680053711
48.1649801665235,167.055160522461,-64.6207733154297,-42.9299125671387
48.1816473003128,167.536514282227,-65.113655090332,-43.3155288696289
48.198314434102,167.892639160156,-65.6025314331055,-43.561580657959
48.2149815678913,167.890716552734,-66.0631256103516,-43.4438018798828
48.2316487016806,167.604736328125,-66.5098495483398,-43.1077919006348
48.2483158354698,167.120147705078,-66.9353713989258,-42.6019973754883
48.2649829692591,166.408813476562,-67.3403625488281,-41.929126739502
48.2816501030484,165.526275634766,-67.699951171875,-41.1188507080078
48.2983172368376,164.612045288086,-67.9927062988281,-40.3103523254395
48.3149843706278,163.866455078125,-68.1727905273438,-39.6445503234863
48.3316515044171,163.246444702148,-68.2258987426758,-39.0801315307617
48.3483186382064,162.383560180664,-68.1552963256836,-38.2901191711426
48.3649857719956,161.280868530273,-68.0247802734375,-37.302677154541
48.3816529057849,160.146224975586,-67.8629684448242,-36.2654266357422
48.3983200395742,159.068908691406,-67.6840438842773,-35.2538833618164
48.4149871733634,158.041854858398,-67.5062408447266,-34.2780303955078
48.4316543071527,157.262542724609,-67.3560409545898,-33.5471496582031
48.448321440942,157.681625366211,-67.2117614746094,-33.8216133117676
48.4649885747322,158.318374633789,-67.1667556762695,-33.8439140319824
48.4816557085214,157.621917724609,-67.1030654907227,-32.9666023254395
48.4983228423107,157.82243347168,-67.0860443115234,-32.998893737793
48.5149899761,159.033508300781,-67.0881881713867,-33.5030670166016
48.5316571098892,159.646774291992,-67.2722702026367,-33.5846710205078
48.5483242436785,159.493026733398,-67.6576309204102,-33.2919540405273
48.5649913774678,159.493377685547,-68.2054672241211,-33.2154235839844
48.581658511257,159.551712036133,-68.8261032104492,-33.1868286132812
48.5983256450463,159.137725830078,-69.441650390625,-32.9061698913574
48.6149927788365,159.666717529297,-69.9967727661133,-33.4672927856445
48.6316599126258,160.987884521484,-70.5458450317383,-34.5670509338379
48.648327046415,162.125122070312,-70.9829330444336,-35.6451148986816
48.6649941802043,163.380096435547,-71.2800598144531,-36.9006233215332
48.6816613139936,164.849746704102,-71.4045257568359,-38.3088073730469
48.6983284477828,166.231170654297,-71.3396530151367,-39.660400390625
48.7149955815721,167.500717163086,-71.0840225219727,-40.8748664855957
48.7316627153614,168.672805786133,-70.6572036743164,-41.892276763916
48.7483298491507,169.553466796875,-70.1040420532227,-42.5746726989746
48.7649969829408,170.082763671875,-69.4674987792969,-42.886157989502
48.7816641167301,170.403366088867,-68.7885055541992,-42.9274635314941
48.7983312505194,170.574508666992,-68.1204299926758,-42.7842597961426
48.8149983843086,170.564041137695,-67.5067977905273,-42.453010559082
48.8316655180979,170.505218505859,-66.9599151611328,-42.0884475708008
48.8483326518872,170.548202514648,-66.4617233276367,-41.8396911621094
48.8649997856764,170.744140625,-66.0282592773438,-41.759162902832
48.8816669194657,170.96501159668,-65.6878356933594,-41.7762641906738
48.898334053255,171.362503051758,-65.4392242431641,-42.0145721435547
48.9150011870452,171.991439819336,-65.2583923339844,-42.4657859802246
48.9316683208344,172.539398193359,-65.1626892089844,-42.882942199707
48.9483354546237,172.899688720703,-65.1227645874023,-43.1907272338867
48.965002588413,173.081085205078,-65.1040115356445,-43.3703498840332
48.9816697222022,172.912994384766,-65.1265335083008,-43.2234344482422
48.9983368559915,172.168930053711,-65.2006225585938,-42.7253456115723
49.0150039897808,171.157745361328,-65.3312072753906,-42.0912704467773
49.03167112357,170.561737060547,-65.5416717529297,-41.9213371276855
49.0483382573593,169.966430664062,-65.9569320678711,-41.7348785400391
49.0650053911495,168.992767333984,-66.359977722168,-41.2646942138672
49.0816725249388,168.566421508789,-66.6834411621094,-41.3335380554199
49.098339658728,168.089218139648,-66.9132690429688,-41.3437690734863
49.1150067925173,167.620010375977,-66.936149597168,-41.5044288635254
49.1316739263066,167.73225402832,-66.7256317138672,-42.1572608947754
49.1483410600958,168.082550048828,-66.3045501708984,-42.8819961547852
49.1650081938851,168.169387817383,-65.7588500976562,-43.2888946533203
49.1816753276744,168.186370849609,-65.1811447143555,-43.6280860900879
49.1983424614637,168.600387573242,-64.6752700805664,-44.256290435791
49.2150095952538,169.448272705078,-64.3348388671875,-45.1516952514648
49.2316767290431,170.260757446289,-64.2055435180664,-45.9876708984375
49.2483438628324,171.116287231445,-64.2311782836914,-46.8664169311523
49.2650109966216,172.293731689453,-64.3627471923828,-48.0159645080566
49.2816781304109,173.701416015625,-64.5890350341797,-49.3646965026855
49.2983452642002,175.215774536133,-64.893913269043,-50.8044013977051
49.3150123979894,176.774612426758,-65.2369079589844,-52.272403717041
49.3316795317787,178.261047363281,-65.6177368164062,-53.6858367919922
49.348346665568,179.468658447266,-65.9706878662109,-54.803165435791
49.3650137993582,-179.707336425781,-66.3140716552734,-55.5717277526855
49.3816809331474,-179.205780029297,-66.6509094238281,-56.0790023803711
49.3983480669367,-179.005279541016,-66.9768371582031,-56.2855186462402
49.415015200726,-179.093887329102,-67.3074722290039,-56.2035179138184
49.4316823345152,-179.370468139648,-67.6435394287109,-55.8749542236328
49.4483494683045,-179.749771118164,-67.9621124267578,-55.3904609680176
49.4650166020938,179.545455932617,-68.2567443847656,-54.5288772583008
49.4816837358831,178.562881469727,-68.5101852416992,-53.3755264282227
49.4983508696723,177.495162963867,-68.6848907470703,-52.0984573364258
49.5150180034625,176.065780639648,-68.8044204711914,-50.431583404541
49.5316851372518,174.221984863281,-68.8653182983398,-48.3643646240234
49.548352271041,172.393203735352,-68.859375,-46.2757835388184
49.5650194048303,170.667297363281,-68.7952423095703,-44.2606391906738
49.5816865386196,168.938919067383,-68.6892852783203,-42.2882499694824
49.5983536724088,167.398544311523,-68.5697784423828,-40.5558738708496
49.6150208061981,166.307830810547,-68.4781188964844,-39.2671966552734
49.6316879399874,166.697494506836,-68.441650390625,-39.4017143249512
49.6483550737767,167.338333129883,-68.6160278320312,-39.3849906921387
49.6650222075668,166.281356811523,-68.779914855957,-38.2524337768555
49.6816893413561,166.851119995117,-68.8734512329102,-38.5442657470703
49.6983564751454,167.527267456055,-68.9765701293945,-38.5149612426758
49.7150236089346,166.451873779297,-69.0916519165039,-37.4614715576172
49.7316907427239,165.131774902344,-69.2413558959961,-36.2604675292969
49.7483578765132,163.675170898438,-69.5317001342773,-34.9252891540527
49.7650250103025,162.042541503906,-69.9157943725586,-33.6442794799805
49.7816921440917,161.330123901367,-70.3952789306641,-33.1585464477539
49.798359277881,161.666687011719,-70.9076843261719,-33.5066184997559
49.8150264116712,162.063278198242,-71.4223251342773,-33.9315986633301
49.8316935454604,162.660385131836,-71.8602676391602,-34.5610427856445
49.8483606792497,163.641479492188,-72.1872482299805,-35.4827499389648
49.865027813039,164.831680297852,-72.3322219848633,-36.5976028442383
49.8816949468282,165.952392578125,-72.2936553955078,-37.6120910644531
49.8983620806175,166.897583007812,-72.1331787109375,-38.4482421875
49.9150292144068,167.575668334961,-71.8503723144531,-38.9954414367676
49.931696348197,168.081130981445,-71.4423294067383,-39.3235702514648
49.9483634819853,168.343902587891,-70.9586791992188,-39.3573188781738
49.9650306157755,168.260513305664,-70.4502639770508,-39.0468864440918
49.9816977495648,167.981002807617,-69.9492797851562,-38.5359153747559
49.998364883354,167.584014892578,-69.4777374267578,-37.8875312805176
50.0150320171433,167.180786132812,-69.0557022094727,-37.2238082885742
50.0316991509326,167.004699707031,-68.6941070556641,-36.7935333251953
50.0483662847219,166.765182495117,-68.4239044189453,-36.3117027282715
50.0650334185111,166.479919433594,-68.2132568359375,-35.8412284851074
50.0817005523013,166.415954589844,-68.0242080688477,-35.5894775390625
50.0983676860897,166.45622253418,-67.8654327392578,-35.4255218505859
50.1150348198798,166.174331665039,-67.7705535888672,-35.0172653198242
50.1317019536691,165.720443725586,-67.6616821289062,-34.5432090759277
50.1483690874584,165.143051147461,-67.5467529296875,-34.0060119628906
50.1650362212476,164.236572265625,-67.4261627197266,-33.2363891601562
50.1817033550369,163.176666259766,-67.3645477294922,-32.4437370300293
50.1983704888262,162.477920532227,-67.3738327026367,-32.0613555908203
50.2150376226155,162.85725402832,-67.4542007446289,-32.6776695251465
50.2317047564056,163.221755981445,-67.7432556152344,-33.0482444763184
50.248371890194,162.686798095703,-67.9694061279297,-32.7981834411621
50.2650390239842,163.233306884766,-68.0828399658203,-33.5696144104004
50.2817061577734,164.052993774414,-68.2130584716797,-34.301342010498
50.2983732915627,163.524459838867,-68.1880569458008,-34.1702613830566
50.315040425352,163.20622253418,-67.9897918701172,-34.2521018981934
50.3317075591413,162.448455810547,-67.6768493652344,-33.930534362793
50.3483746929305,161.972030639648,-67.1954040527344,-33.9917411804199
50.3650418267198,162.330001831055,-66.6828842163086,-34.6024322509766
50.38170896051,163.016632080078,-66.2194137573242,-35.4912567138672
50.3983760942983,164.046463012695,-65.8447418212891,-36.6944007873535
50.4150432280885,164.935272216797,-65.6260833740234,-37.761589050293
50.4317103618778,165.50634765625,-65.5568084716797,-38.5862426757812
50.448377495667,165.968765258789,-65.6138229370117,-39.3260917663574
50.4650446294563,166.46321105957,-65.7750778198242,-40.1013793945312
50.4817117632456,167.048095703125,-66.0066223144531,-40.9708213806152
50.4983788970349,167.695129394531,-66.2664566040039,-41.901912689209
50.5150460308241,168.255386352539,-66.5476608276367,-42.804859161377
50.5317131646143,168.645202636719,-66.8468551635742,-43.7282562255859
50.5483802984027,168.794586181641,-67.1195831298828,-44.6521835327148
50.5650474321928,168.685699462891,-67.407470703125,-45.6239891052246
50.5817145659821,168.415145874023,-67.7003326416016,-46.7989616394043
50.5983816997714,168.031494140625,-67.9551773071289,-48.2339782714844
50.6150488335606,167.540237426758,-68.1260986328125,-49.8021354675293
50.6317159673499,167.216812133789,-68.2356643676758,-51.6393089294434
50.6483831011392,167.236694335938,-68.3461761474609,-53.8910179138184
50.6650502349285,167.416625976562,-68.4449920654297,-56.2974128723145
50.6817173687186,167.809097290039,-68.5515289306641,-58.8584518432617
50.698384502507,168.414627075195,-68.6368026733398,-61.475528717041
50.7150516362972,168.804122924805,-68.6955337524414,-63.7699508666992
50.7317187700864,168.816131591797,-68.7194137573242,-65.5827102661133
50.7483859038757,168.507263183594,-68.7871475219727,-66.9261093139648
50.765053037665,167.915893554688,-68.9003982543945,-67.9049606323242
50.7817201714543,167.219696044922,-69.0217208862305,-68.7647094726562
50.7983873052435,167.050003051758,-69.0519256591797,-69.965690612793
50.8150544390328,168.023361206055,-68.9324493408203,-71.7009887695312
50.831721572823,168.562545776367,-69.0868301391602,-72.8831024169922
50.8483887066113,168.485107421875,-68.9460525512695,-73.8710327148438
50.8650558404015,169.317428588867,-68.8108596801758,-74.940673828125
50.8817229741908,169.551574707031,-68.7881088256836,-75.5758590698242
50.89839010798,169.460174560547,-68.9780502319336,-76.1190719604492
50.9150572417693,169.616363525391,-69.3667221069336,-76.8921966552734
50.9317243755586,169.906311035156,-69.8305816650391,-77.8112716674805
50.9483915093479,170.254577636719,-70.2681274414062,-78.889892578125
50.9650586431371,171.291168212891,-70.5836029052734,-80.3723068237305
50.9817257769273,172.614562988281,-70.8302536010742,-81.8799591064453
50.9983929107157,173.730041503906,-70.971923828125,-83.2883453369141
51.0150600445058,174.877304077148,-71.002571105957,-84.6202621459961
51.0317271782951,175.880905151367,-70.9397888183594,-85.7298202514648
51.0483943120844,176.589050292969,-70.7874374389648,-86.4790573120117
51.0650614458737,177.057144165039,-70.5644607543945,-86.8656234741211
51.0817285796629,177.267547607422,-70.2748489379883,-86.8840560913086
51.0983957134522,177.250366210938,-69.9261016845703,-86.5559310913086
51.1150628472415,177.073486328125,-69.5395126342773,-85.9515075683594
51.1317299810316,176.860733032227,-69.1108779907227,-85.1822357177734
51.14839711482,176.632888793945,-68.6507339477539,-84.2676696777344
51.1650642486102,176.309020996094,-68.2004699707031,-83.1959991455078
51.1817313823994,175.896240234375,-67.7593536376953,-82.0423583984375
51.1983985161887,175.486083984375,-67.3318405151367,-80.8905563354492
51.215065649978,175.053695678711,-66.9442443847656,-79.7820739746094
51.2317327837673,174.605575561523,-66.5770034790039,-78.772834777832
51.2483999175565,174.39079284668,-66.1897201538086,-78.0296401977539
51.2650670513458,174.310546875,-65.7992172241211,-77.3991622924805
51.281734185136,173.904281616211,-65.4905624389648,-76.612060546875
51.2984013189243,173.212463378906,-65.2709503173828,-75.7359771728516
51.3150684527145,172.366882324219,-65.142936706543,-74.8178405761719
51.3317355865038,171.42561340332,-65.0821762084961,-73.846923828125
51.3484027202931,170.285018920898,-65.0623474121094,-72.7336883544922
51.3650698540823,169.020477294922,-65.0249710083008,-71.608757019043
51.3817369878716,168.178512573242,-64.8892593383789,-70.8117370605469
51.3984041216609,167.894500732422,-64.7884140014648,-70.3411102294922
51.4150712554501,167.195663452148,-64.8649826049805,-69.815315246582
51.4317383892403,167.135787963867,-64.8120193481445,-69.7514190673828
51.4484055230287,167.586395263672,-64.882942199707,-69.833251953125
51.4650726568188,167.456893920898,-64.9909439086914,-69.7028427124023
51.4817397906081,167.11897277832,-65.0371932983398,-69.4240951538086
51.4984069243974,167.088302612305,-64.9599533081055,-69.3594207763672
51.5150740581867,166.85139465332,-64.8058319091797,-69.1919174194336
51.5317411919759,166.662948608398,-64.5379104614258,-69.0804443359375
51.5484083257652,166.86589050293,-64.1735992431641,-69.256477355957
51.5650754595545,167.497207641602,-63.7786674499512,-69.7508697509766
51.5817425933446,168.117523193359,-63.4883155822754,-70.3020706176758
51.598409727133,168.669845581055,-63.2714653015137,-70.8711929321289
51.6150768609232,169.457382202148,-63.0882301330566,-71.6009216308594
51.6317439947125,170.454177856445,-62.9202156066895,-72.408203125
51.6484111285017,171.431427001953,-62.780933380127,-73.1354141235352
51.665078262291,172.180648803711,-62.7208023071289,-73.7051315307617
51.6817453960803,172.809936523438,-62.7028503417969,-74.204948425293
51.6984125298695,173.355255126953,-62.7406311035156,-74.6229019165039
51.7150796636588,173.711898803711,-62.8295364379883,-74.8965225219727
51.731746797449,173.915328979492,-62.9792404174805,-75.0735931396484
51.7484139312373,173.933410644531,-63.1798515319824,-75.1501541137695
51.7650810650275,173.836242675781,-63.390739440918,-75.1694183349609
51.7817481988168,173.638763427734,-63.600700378418,-75.1304397583008
51.7984153326061,173.416580200195,-63.778190612793,-75.0728912353516
51.8150824663953,173.26203918457,-63.9160232543945,-75.0540618896484
51.8317496001846,173.186340332031,-64.011833190918,-75.0680389404297
51.8484167339739,173.315490722656,-64.0820159912109,-75.2251510620117
51.8650838677631,173.427429199219,-64.1621780395508,-75.3505325317383
51.8817510015533,173.495986938477,-64.1802520751953,-75.4131774902344
51.8984181353417,173.472854614258,-64.1553268432617,-75.3167495727539
51.9150852691319,173.362609863281,-64.1454391479492,-75.1251525878906
51.9317524029211,173.122100830078,-64.1642227172852,-74.82666015625
51.9484195367104,172.669723510742,-64.2237243652344,-74.3588256835938
51.9650866704997,171.886474609375,-64.293342590332,-73.7310333251953
51.9817538042889,171.304901123047,-64.3614196777344,-73.2805099487305
51.9984209380782,171.326446533203,-64.4859619140625,-73.1888656616211
52.0150880718675,170.231430053711,-64.7127685546875,-72.4427185058594
52.0317552056576,169.880798339844,-64.7908325195312,-72.2703094482422
52.048422339446,169.985214233398,-64.9247207641602,-72.1085510253906
52.0650894732362,169.363998413086,-65.0609817504883,-71.6769180297852
52.0817566070255,168.884353637695,-65.2510604858398,-71.310920715332
52.0984237408147,168.500045776367,-65.5877838134766,-71.012825012207
52.115090874604,167.822494506836,-66.0615081787109,-70.6509399414062
52.1317580083933,166.853622436523,-66.6251068115234,-70.1348266601562
52.1484251421825,166.056045532227,-67.0411071777344,-69.816047668457
52.1650922759718,165.963958740234,-67.3741607666016,-69.8033065795898
52.181759409762,166.030563354492,-67.660041809082,-69.9512100219727
52.1984265435503,166.380889892578,-67.8605041503906,-70.3855133056641
52.2150936773405,167.191909790039,-67.9244995117188,-71.0868301391602
52.2317608111298,168.2490234375,-67.8064880371094,-71.9201736450195
52.2484279449191,169.511810302734,-67.5041580200195,-72.7873153686523
52.2650950787083,170.846694946289,-67.0527420043945,-73.5436172485352
52.2817622124976,172.035568237305,-66.5176315307617,-74.0098266601562
52.2984293462869,172.964706420898,-65.9585647583008,-74.0975570678711
52.3150964800761,173.58935546875,-65.4418792724609,-73.7869262695312
52.3317636138663,173.832672119141,-65.0078201293945,-73.0534362792969
52.3484307476547,173.832489013672,-64.6538314819336,-71.9968414306641
52.3650978814449,173.7373046875,-64.3907852172852,-70.7104721069336
52.3817650152341,173.559005737305,-64.1235427856445,-69.2842712402344
52.3984321490234,173.177368164062,-63.889045715332,-67.7008666992188
52.4150992828127,172.682327270508,-63.6496047973633,-66.0958251953125
52.4317664166019,172.135116577148,-63.4157791137695,-64.5447998046875
52.4484335503912,171.647369384766,-63.1967849731445,-63.1901168823242
52.4651006841805,171.426406860352,-63.0310287475586,-62.1303100585938
52.4817678179706,171.29963684082,-62.9478225708008,-61.2227363586426
52.498434951759,170.947021484375,-62.9179153442383,-60.3364524841309
52.5151020855492,170.375854492188,-62.9160614013672,-59.4051666259766
52.5317692193385,169.683013916016,-62.9467430114746,-58.4154586791992
52.5484363531277,168.756820678711,-62.9996490478516,-57.2817878723145
52.565103486917,167.667510986328,-63.1191368103027,-56.0924530029297
52.5817706207063,166.952438354492,-63.2825927734375,-55.2565650939941
52.5984377544955,167.051742553711,-63.4939651489258,-54.9941940307617
52.6151048882848,166.669677734375,-63.8648796081543,-54.2924041748047
52.631772022075,166.328536987305,-64.1236724853516,-53.7387237548828
52.6484391558633,166.993103027344,-64.3925552368164,-53.6679267883301
52.6651062896535,167.1748046875,-64.6907119750977,-53.1926078796387
52.6817734234428,167.093002319336,-64.8089370727539,-52.5974884033203
52.6984405572321,167.287185668945,-64.8237457275391,-52.0619583129883
52.7151076910213,167.01139831543,-64.7730331420898,-51.1874618530273
52.7317748248106,165.944915771484,-64.6393432617188,-49.7430381774902
52.7484419585999,165.112289428711,-64.3869247436523,-48.560375213623
52.7651090923891,165.015472412109,-64.1290817260742,-47.9341735839844
52.7817762261793,164.867782592773,-64.0010147094727,-47.2957878112793
52.7984433599677,164.55192565918,-63.9687995910645,-46.6832656860352
52.8151104937579,164.553802490234,-64.0388946533203,-46.3792343139648
52.8317776275471,164.877548217773,-64.1943206787109,-46.3617973327637
52.8484447613364,165.246734619141,-64.4248809814453,-46.4418869018555
52.8651118951257,165.589218139648,-64.7211837768555,-46.543571472168
52.8817790289149,165.949020385742,-65.0195007324219,-46.7137031555176
52.8984461627042,166.257507324219,-65.3437957763672,-46.8398818969727
52.9151132964935,166.377502441406,-65.6526641845703,-46.8353233337402
52.9317804302837,166.27131652832,-65.964729309082,-46.7071380615234
52.948447564072,165.872375488281,-66.2588500976562,-46.3586196899414
52.9651146978622,165.240081787109,-66.5346908569336,-45.8575439453125
52.9817818316515,164.539031982422,-66.7673797607422,-45.314998626709
52.9984489654407,163.836822509766,-66.9643936157227,-44.7653503417969
53.01511609923,163.1689453125,-67.1288299560547,-44.2350044250488
53.0317832330193,162.551132202148,-67.2679901123047,-43.7145576477051
53.0484503668085,162.070877075195,-67.3720703125,-43.2921333312988
53.0651175005978,161.621994018555,-67.4299468994141,-42.8612594604492
53.081784634388,161.175643920898,-67.3913726806641,-42.3801879882812
53.0984517681763,160.776916503906,-67.2389526367188,-41.8973236083984
53.1151189019665,160.303039550781,-67.013916015625,-41.3377151489258
53.1317860357558,159.680038452148,-66.7569046020508,-40.6261672973633
53.1484531695451,159.118362426758,-66.5464630126953,-40.0296897888184
53.1651203033343,159.113021850586,-66.3830413818359,-39.9149398803711
53.1817874371236,160.421905517578,-66.2488708496094,-40.7636947631836
53.1984545709129,161.427978515625,-66.2752304077148,-40.958122253418
53.2151217047021,160.725601196289,-66.2628402709961,-40.2426147460938
53.2317888384923,161.248931884766,-66.2376174926758,-40.5267295837402
53.2484559722807,162.55940246582,-66.3326568603516,-40.9718856811523
53.2651231060709,163.21272277832,-66.5891571044922,-41.0941390991211
53.2817902398601,163.097045898438,-67.0129852294922,-40.7452354431152
53.2984573736494,161.663955688477,-67.5803451538086,-39.507381439209
53.3151245074387,160.198181152344,-68.2023849487305,-38.4169921875
53.3317916412279,159.497177124023,-68.9140930175781,-37.8527526855469
53.3484587750172,159.631088256836,-69.5949020385742,-38.0312995910645
53.3651259088065,160.03547668457,-70.2565078735352,-38.4327049255371
53.3817930425967,160.39274597168,-70.7517700195312,-38.9528770446777
53.398460176385,160.984634399414,-71.0273361206055,-39.7093353271484
53.4151273101752,161.928695678711,-71.0919723510742,-40.6968612670898
53.4317944439645,162.972244262695,-70.9174346923828,-41.7133102416992
53.4484615777537,163.90364074707,-70.5267944335938,-42.5708465576172
53.465128711543,164.723236083984,-69.9485092163086,-43.2135124206543
53.4817958453323,165.380187988281,-69.3126983642578,-43.5867919921875
53.4984629791215,165.670166015625,-68.7397079467773,-43.5607414245605
53.5151301129108,165.497406005859,-68.2126846313477,-43.1785926818848
53.531797246701,164.964141845703,-67.5767517089844,-42.599796295166
53.5484643804893,164.344436645508,-66.748893737793,-42.0353660583496
53.5651315142795,163.939712524414,-65.76904296875,-41.5832099914551
53.5817986480688,163.878189086914,-64.7658309936523,-41.3499603271484
53.5984657818581,164.121780395508,-63.8473052978516,-41.2836532592773
53.6151329156473,164.574035644531,-63.0621147155762,-41.3807983398438
53.6318000494366,165.320404052734,-62.4593696594238,-41.6800346374512
53.6484671832259,166.19367980957,-62.107723236084,-42.0203285217285
53.6651343170151,166.888854980469,-61.8997573852539,-42.2493743896484
53.6818014508053,167.47135925293,-61.8358688354492,-42.4442710876465
53.6984685845937,167.902450561523,-61.8785972595215,-42.5669364929199
53.7151357183839,168.053207397461,-61.8959007263184,-42.4645347595215
53.7318028521731,167.807647705078,-61.9493370056152,-42.1379699707031
53.7484699859624,167.632385253906,-62.1311798095703,-42.033878326416
53.7651371197517,168.100173950195,-62.3619918823242,-42.3376426696777
53.7818042535409,168.05632019043,-62.6765747070312,-42.1946640014648
53.7984713873302,167.047088623047,-62.8408813476562,-41.7020225524902
53.8151385211195,166.507705688477,-62.7128105163574,-41.6867218017578
53.8318056549097,166.152847290039,-62.393123626709,-41.754753112793
53.848472788698,165.620529174805,-61.8750038146973,-41.835033416748
53.8651399224882,164.739135742188,-61.2416915893555,-41.7076530456543
53.8818070562775,164.109878540039,-60.4703712463379,-41.8784866333008
53.8984741900667,163.826187133789,-59.6234931945801,-42.1456604003906
53.915141323856,163.438980102539,-58.7868041992188,-42.2899322509766
53.9318084576453,163.300918579102,-58.0228118896484,-42.629451751709
53.9484755914345,163.7001953125,-57.4491195678711,-43.2041358947754
53.9651427252238,163.972457885742,-57.1156005859375,-43.5594100952148
53.981809859014,164.047256469727,-57.005802154541,-43.7592658996582
53.9984769928024,164.198745727539,-57.1482391357422,-43.9971542358398
54.0151441265925,164.458724975586,-57.4985122680664,-44.3065071105957
54.0318112603818,164.728713989258,-57.970287322998,-44.601318359375
54.0484783941711,164.945999145508,-58.5451774597168,-44.8605079650879
54.0651455279603,165.160507202148,-59.1744117736816,-45.1705360412598
54.0818126617496,165.307800292969,-59.8437690734863,-45.4781303405762
54.0984797955389,165.247451782227,-60.5251007080078,-45.70556640625
54.1151469293281,165.074844360352,-61.2089195251465,-46.0167770385742
54.1318140631183,164.700576782227,-61.7748069763184,-45.9956741333008
54.1484811969067,164.281845092773,-62.3074798583984,-46.078426361084
54.1651483306969,164.109619140625,-62.7858123779297,-46.3744125366211
54.1818154644861,163.999465942383,-63.1964492797852,-46.6450347900391
54.1984825982754,163.956298828125,-63.5485916137695,-46.953010559082
54.2151497320647,164.006530761719,-63.8253860473633,-47.3147888183594
54.2318168658539,164.384262084961,-64.0158157348633,-47.8801383972168
54.2484839996432,165.091567993164,-64.0874938964844,-48.5757713317871
54.2651511334325,165.719970703125,-64.0445022583008,-49.0584487915039
54.2818182672227,165.989364624023,-63.9441566467285,-49.2193946838379
54.298485401011,165.921997070312,-63.853214263916,-49.111026763916
54.3151525348012,165.570190429688,-63.7883605957031,-48.7704811096191
54.3318196685905,165.342224121094,-63.7610931396484,-48.4929122924805
54.3484868023797,165.576782226562,-63.8950271606445,-48.5701866149902
54.365153936169,166.65022277832,-64.1709671020508,-49.2015533447266
54.3818210699583,166.874984741211,-64.5833358764648,-48.726993560791
54.3984882037475,165.1416015625,-64.9780883789062,-47.3938980102539
54.4151553375368,165.013809204102,-65.2676391601562,-46.9629058837891
54.431822471327,164.561614990234,-65.7029113769531,-45.8884201049805
54.4484896051154,162.958190917969,-66.1721115112305,-44.3237991333008
54.4651567389055,161.385498046875,-66.7787704467773,-42.7511177062988
54.4818238726948,159.99626159668,-67.5444641113281,-41.2240867614746
54.4984910064841,158.167449951172,-68.2882614135742,-39.4694671630859
54.5151581402733,157.192489624023,-68.9617233276367,-38.3945617675781
54.5318252740626,157.137542724609,-69.6351852416992,-37.985538482666
54.5484924078519,157.35026550293,-70.1347198486328,-37.8328170776367
54.5651595416412,157.931274414062,-70.4493713378906,-38.0053024291992
54.5818266754313,158.908920288086,-70.6457366943359,-38.394645690918
54.5984938092197,159.638687133789,-70.7332382202148,-38.6780700683594
54.6151609430099,160.16194152832,-70.6205902099609,-38.8413887023926
54.6318280767991,160.85139465332,-70.3487167358398,-39.0223426818848
54.6484952105884,161.67317199707,-69.9480743408203,-39.2237701416016
54.6651623443777,162.336944580078,-69.4463043212891,-39.2613945007324
54.6818294781669,162.752593994141,-68.8784561157227,-39.0468826293945
54.6984966119562,162.893524169922,-68.282829284668,-38.5763397216797
54.7151637457455,162.837310791016,-67.666748046875,-37.9493446350098
54.7318308795357,162.671783447266,-67.0408248901367,-37.2037658691406
54.748498013324,162.366714477539,-66.4212417602539,-36.338321685791
54.7651651471142,162.173126220703,-65.8370971679688,-35.6221809387207
54.7818322809035,162.101104736328,-65.3066253662109,-35.0164566040039
54.7984994146927,161.995101928711,-64.869140625,-34.4461326599121
54.815166548482,161.911376953125,-64.5693817138672,-33.9537925720215
54.8318336822713,161.79362487793,-64.4315719604492,-33.4727897644043
54.8485008160606,161.734909057617,-64.4122619628906,-33.1316261291504
54.8651679498498,161.638305664062,-64.4198760986328,-32.792839050293
54.88183508364,161.245010375977,-64.4473037719727,-32.1904907226562
54.8985022174293,160.484298706055,-64.4905624389648,-31.3055362701416
54.9151693512185,159.515548706055,-64.5436019897461,-30.3647747039795
54.9318364850078,158.605377197266,-64.6012191772461,-29.5649967193604
54.9485036187971,158.163635253906,-64.6794891357422,-29.2106971740723
54.9651707525863,157.061660766602,-64.8861389160156,-28.15989112854
54.9818378863756,155.350387573242,-64.870849609375,-27.0304222106934
54.9985050201649,154.738693237305,-64.8606414794922,-26.8625755310059
55.0151721539542,155.015090942383,-64.8552017211914,-27.3018379211426
55.0318392877443,155.559906005859,-64.8466262817383,-28.110767364502
55.0485064215336,157.240341186523,-64.7969436645508,-29.8259925842285
55.0651735553229,158.80143737793,-64.6477355957031,-31.1884784698486
55.0818406891121,159.322616577148,-64.2643051147461,-31.8958148956299
55.0985078229014,159.623733520508,-63.6996078491211,-32.4196853637695
55.1151749566907,160.052352905273,-63.1181259155273,-33.0244445800781
55.1318420904799,160.364837646484,-62.6410446166992,-33.4858779907227
55.1485092242692,160.597839355469,-62.3885803222656,-33.888542175293
55.1651763580585,160.838745117188,-62.3587951660156,-34.2907485961914
55.1818434918487,161.123733520508,-62.5328216552734,-34.7598762512207
55.1985106256379,161.360656738281,-62.8531837463379,-35.1678314208984
55.2151777594272,161.474380493164,-63.3105354309082,-35.424373626709
55.2318448932165,161.439743041992,-63.8877334594727,-35.5549583435059
55.2485120270057,161.278930664062,-64.4472808837891,-35.4740753173828
55.265179160795,160.950042724609,-65.0392608642578,-35.250659942627
55.2818462945843,160.559768676758,-65.5836868286133,-35.0020713806152
55.2985134283736,159.981323242188,-66.0680694580078,-34.5827980041504
55.3151805621628,159.216400146484,-66.4964370727539,-34.0002021789551
55.331847695953,158.381866455078,-66.8645324707031,-33.370246887207
55.3485148297423,157.487091064453,-67.199333190918,-32.6859931945801
55.3651819635315,156.663177490234,-67.5289459228516,-32.0678215026855
55.3818490973208,156.028060913086,-67.8372802734375,-31.5836658477783
55.3985162311101,155.637420654297,-68.1278610229492,-31.3146800994873
55.4151833648993,155.461288452148,-68.347900390625,-31.2153930664062
55.4318504986886,155.495910644531,-68.4579772949219,-31.2466411590576
55.4485176324779,155.569915771484,-68.4660873413086,-31.2904586791992
55.4651847662672,155.601593017578,-68.4227447509766,-31.269495010376
55.4818519000573,155.350143432617,-68.3663330078125,-30.933032989502
55.4985190338466,154.815490722656,-68.3034210205078,-30.3612422943115
55.5151861676359,153.780227661133,-68.2352905273438,-29.4172706604004
55.5318533014251,152.656143188477,-68.2616729736328,-28.4633483886719
55.5485204352144,152.508407592773,-68.4429397583008,-28.3962497711182
55.5651875690037,152.581893920898,-68.7710876464844,-28.169490814209
55.581854702793,150.624664306641,-69.0696868896484,-26.3293628692627
55.5985218365822,149.410232543945,-69.2854843139648,-25.5520915985107
55.6151889703715,149.817230224609,-69.5931091308594,-25.5996723175049
55.6318561041617,150.036636352539,-69.8329620361328,-25.6271152496338
55.6485232379509,150.335327148438,-70.1006927490234,-25.7457008361816
55.6651903717402,150.54460144043,-70.4887161254883,-25.5835418701172
55.6818575055295,149.613845825195,-70.9123840332031,-24.5780696868896
55.6985246393187,148.11213684082,-71.3091049194336,-23.3149795532227
55.715191773108,147.233871459961,-71.7407836914062,-22.5516090393066
55.7318589068973,147.113357543945,-72.1660690307617,-22.4197444915771
55.7485260406866,147.145614624023,-72.5828399658203,-22.4339065551758
55.7651931744758,147.472961425781,-72.9352493286133,-22.7225742340088
55.781860308266,148.252456665039,-73.1953125,-23.4285373687744
55.7985274420553,149.451278686523,-73.3235778808594,-24.5043354034424
55.8151945758445,150.928833007812,-73.3090972900391,-25.8125057220459
55.8318617096338,152.477233886719,-73.1383438110352,-27.1481037139893
55.8485288434231,153.945465087891,-72.8330917358398,-28.377836227417
55.8651959772124,155.098510742188,-72.4161376953125,-29.2685871124268
55.8818631110016,155.856399536133,-71.932746887207,-29.7692832946777
55.8985302447909,156.333145141602,-71.4049530029297,-29.9563426971436
55.9151973785802,156.562057495117,-70.8654022216797,-29.8705272674561
55.9318645123703,156.474014282227,-70.3054733276367,-29.4645862579346
55.9485316461596,156.320404052734,-69.7356033325195,-28.9665451049805
55.9651987799489,156.242660522461,-69.1646194458008,-28.4590511322021
55.9818659137381,156.289443969727,-68.6407623291016,-27.9479942321777
55.9985330475274,156.536514282227,-68.1799468994141,-27.4278888702393
56.0152001813167,156.767211914062,-67.830680847168,-26.7740840911865
56.031867315106,157.037475585938,-67.5671997070312,-26.0894374847412
56.0485344488952,157.178039550781,-67.3938064575195,-25.2563076019287
56.0652015826845,157.016159057617,-67.2805252075195,-24.2308692932129
56.0818687164747,156.64404296875,-67.1770324707031,-23.104923248291
56.0985358502639,156.096420288086,-67.0363845825195,-21.9011211395264
56.1152029840532,155.294769287109,-66.8656463623047,-20.6007900238037
56.1318701178425,154.485885620117,-66.7288208007812,-19.4697170257568
56.1485372516318,154.073715209961,-66.6536407470703,-18.8035907745361
56.165204385421,153.467346191406,-66.6301727294922,-18.0230407714844
56.1818715192103,152.994689941406,-66.5197372436523,-17.5231304168701
56.1985386529996,152.718078613281,-66.4663772583008,-17.2583408355713
56.2152057867888,152.46044921875,-66.4033203125,-17.1985950469971
56.231872920579,152.847915649414,-66.3179779052734,-17.8164367675781
56.2485400543683,154.494323730469,-66.1008224487305,-19.2872734069824
56.2652071881575,156.13313293457,-65.7745895385742,-20.5494499206543
56.2818743219468,156.566024780273,-65.3714981079102,-20.8406009674072
56.2985414557361,156.814437866211,-65.0215148925781,-20.9783515930176
56.3152085895254,157.419830322266,-64.8239898681641,-21.3728942871094
56.3318757233146,157.844329833984,-64.7451019287109,-21.5927066802979
56.3485428571039,157.871810913086,-64.768684387207,-21.4348373413086
56.3652099908932,157.627227783203,-64.8708648681641,-21.0787162780762
56.3818771246833,157.149475097656,-65.025016784668,-20.5249996185303
56.3985442584726,156.673629760742,-65.3006744384766,-20.1182193756104
56.4152113922619,156.037811279297,-65.5156021118164,-19.4306049346924
56.4318785260512,155.264511108398,-65.811279296875,-18.7563457489014
56.4485456598404,154.491180419922,-66.1017608642578,-18.132495880127
56.4652127936297,153.677841186523,-66.3737182617188,-17.5160808563232
56.481879927419,152.703338623047,-66.6216354370117,-16.8165912628174
56.4985470612082,151.58186340332,-66.8498687744141,-16.0313491821289
56.5152141949975,150.41471862793,-67.0615539550781,-15.2457780838013
56.5318813287877,149.168014526367,-67.2732849121094,-14.4328680038452
56.5485484625769,147.860366821289,-67.5150985717773,-13.6024961471558
56.5652155963662,146.740875244141,-67.7353363037109,-12.8795833587646
56.5818827301555,145.878845214844,-67.9550704956055,-12.3667964935303
56.5985498639448,145.636672973633,-68.1657257080078,-12.3729753494263
56.615216997734,145.934860229492,-68.3273544311523,-12.7315053939819
56.6318841315233,146.429870605469,-68.4044189453125,-13.184289932251
56.6485512653126,146.803283691406,-68.3771438598633,-13.4358472824097
56.6652183991018,146.658477783203,-68.237419128418,-13.18372631073
56.681885532892,146.130416870117,-68.001838684082,-12.61692237854
56.6985526666813,145.482955932617,-67.7372817993164,-11.962477684021
56.7152198004705,145.129684448242,-67.6152191162109,-11.6408605575562
56.7318869342598,145.4423828125,-67.5740966796875,-11.7021837234497
56.7485540680491,144.603332519531,-67.630012512207,-10.6759424209595
56.7652212018384,143.642013549805,-67.734001159668,-9.71434783935547
56.7818883356276,143.5576171875,-68.1305313110352,-9.36257648468018
56.7985554694169,143.616744995117,-68.7838821411133,-9.0963077545166
56.8152226032062,143.952301025391,-69.6333160400391,-9.07887554168701
56.8318897369963,144.709594726562,-70.5224685668945,-9.36216640472412
56.8485568707856,144.893188476562,-71.3293685913086,-9.05381679534912
56.8652240045749,144.118743896484,-71.9122543334961,-8.21644306182861
56.8818911383642,143.439239501953,-72.38330078125,-7.52388143539429
56.8985582721534,143.231597900391,-72.89306640625,-7.25880479812622
56.9152254059427,143.139724731445,-73.3297653198242,-7.14459705352783
56.931892539732,143.276016235352,-73.6657180786133,-7.26709079742432
56.9485596735212,143.786117553711,-73.8720779418945,-7.72583436965942
56.9652268073105,144.714065551758,-73.92919921875,-8.56506729125977
56.9818939411007,145.933700561523,-73.8484649658203,-9.63793087005615
56.9985610748899,147.16276550293,-73.6122283935547,-10.6901807785034
57.0152282086792,148.310882568359,-73.2340698242188,-11.6491870880127
57.0318953424685,149.3134765625,-72.7345581054688,-12.4389905929565
57.0485624762578,150.161666870117,-72.1613006591797,-13.0831384658813
57.065229610047,150.79133605957,-71.5239868164062,-13.515926361084
57.0818967438363,151.294738769531,-70.888427734375,-13.8374824523926
57.0985638776256,151.50016784668,-70.2350387573242,-13.8997173309326
57.1152310114148,151.621383666992,-69.6011276245117,-13.9135074615479
57.131898145205,151.831085205078,-69.0148162841797,-14.0317249298096
57.1485652789943,152.135726928711,-68.4906234741211,-14.2491464614868
57.1652324127836,152.610824584961,-68.0411987304688,-14.6256990432739
57.1818995465728,153.192901611328,-67.7110443115234,-15.0846538543701
57.1985666803621,153.679306030273,-67.4875564575195,-15.4598426818848
57.2152338141514,154.191268920898,-67.3323593139648,-15.8766078948975
57.2319009479406,154.68376159668,-67.1978302001953,-16.2862548828125
57.2485680817299,154.933853149414,-67.0611877441406,-16.5213088989258
57.2652352155192,154.957275390625,-66.9191589355469,-16.5982341766357
57.2819023493093,154.923370361328,-66.7283020019531,-16.7074069976807
57.2985694830986,154.54475402832,-66.5018768310547,-16.5366020202637
57.3152366168879,153.803558349609,-66.3018569946289,-16.1624031066895
57.3319037506772,152.658325195312,-66.1642456054688,-15.4828081130981
57.3485708844664,151.539611816406,-66.0502166748047,-14.9656705856323
57.3652380182557,151.141952514648,-66.0162506103516,-15.1142778396606
57.381905152045,150.875915527344,-66.1121292114258,-15.3561544418335
57.3985722858342,150.333541870117,-66.2371978759766,-15.5877122879028
57.4152394196235,151.01838684082,-66.3864822387695,-17.1227989196777
57.4319065534137,154.198135375977,-66.448127746582,-20.2079677581787
57.448573687203,157.572677612305,-66.4419021606445,-22.9985980987549
57.4652408209922,158.818176269531,-66.3397369384766,-24.3002090454102
57.4819079547815,158.984085083008,-66.1391143798828,-24.8094577789307
57.4985750885708,159.555450439453,-65.9511566162109,-25.6325454711914
57.51524222236,160.131561279297,-65.8388519287109,-26.3988552093506
57.5319093561493,160.486923217773,-65.8714141845703,-27.0083961486816
57.5485764899386,160.857437133789,-66.0009307861328,-27.6496429443359
57.5652436237278,161.259567260742,-66.2129516601562,-28.3682613372803
57.581910757518,161.414443969727,-66.4743347167969,-28.9180374145508
57.5985778913073,161.67658996582,-66.7650756835938,-29.6349182128906
57.6152450250966,161.717514038086,-67.0261993408203,-30.0132884979248
57.6319121588858,161.737426757812,-67.3374404907227,-30.5141086578369
57.6485792926751,161.818420410156,-67.6238021850586,-31.0513305664062
57.6652464264644,161.738586425781,-67.9146881103516,-31.442892074585
57.6819135602536,161.370315551758,-68.1774978637695,-31.5796966552734
57.6985806940429,160.801452636719,-68.4186859130859,-31.520378112793
57.7152478278322,160.165817260742,-68.6376190185547,-31.3982429504395
57.7319149616224,159.471694946289,-68.8293914794922,-31.1730079650879
57.7485820954116,158.77995300293,-69.0006713867188,-30.8752517700195
57.7652492292009,158.20182800293,-69.1417388916016,-30.6347713470459
57.7819163629902,157.772598266602,-69.2779846191406,-30.4932975769043
57.7985834967794,157.242492675781,-69.3704986572266,-30.2131099700928
57.8152506305687,156.551055908203,-69.4086608886719,-29.7833232879639
57.831917764358,155.707305908203,-69.3996047973633,-29.2481746673584
57.8485848981481,154.813690185547,-69.389289855957,-28.6798725128174
57.8652520319365,153.609329223633,-69.3946151733398,-27.8479022979736
57.8819191657267,152.270706176758,-69.3918838500977,-26.9839954376221
57.898586299516,151.450393676758,-69.4189071655273,-26.6566753387451
57.9152534333052,150.997344970703,-69.5306015014648,-26.5655574798584
57.9319205670945,149.368453979492,-69.6833801269531,-25.4332714080811
57.9485877008838,148.002304077148,-69.9173202514648,-24.693078994751
57.965254834673,147.809112548828,-70.2572250366211,-24.7891044616699
57.9819219684623,148.249893188477,-70.5706176757812,-25.3786430358887
57.9985891022525,149.00456237793,-70.9175262451172,-26.1319389343262
58.0152562360408,150.065338134766,-71.3490295410156,-26.9454116821289
58.031923369831,149.898193359375,-71.8676376342773,-26.6196479797363
58.0485905036203,148.896835327148,-72.2616806030273,-25.9111862182617
58.0652576374096,148.486999511719,-72.6890029907227,-25.5016632080078
58.0819247711988,148.999938964844,-73.1605834960938,-25.7508716583252
58.0985919049881,149.84440612793,-73.6234664916992,-26.2422027587891
58.1152590387774,151.172164916992,-74.0071868896484,-27.131965637207
58.1319261725666,152.689743041992,-74.2361907958984,-28.1688747406006
58.1485933063568,154.220474243164,-74.2911911010742,-29.2513313293457
58.1652604401452,155.722763061523,-74.1896209716797,-30.3511009216309
58.1819275739354,156.988021850586,-73.9226226806641,-31.2657165527344
58.1985947077246,158.142028808594,-73.5220718383789,-32.0887298583984
58.2152618415139,159.141845703125,-73.0336380004883,-32.764087677002
58.2319289753032,159.758666992188,-72.4951782226562,-33.0800743103027
58.2485961090924,160.120834350586,-71.9432754516602,-33.1588668823242
58.2652632428817,160.339614868164,-71.4029922485352,-33.0915412902832
58.281930376671,160.359359741211,-70.8867263793945,-32.8267784118652
58.2985975104611,160.343414306641,-70.3872375488281,-32.5234298706055
58.3152646442495,160.369277954102,-69.8929138183594,-32.2546501159668
58.3319317780397,160.461685180664,-69.4377059936523,-32.050479888916
58.348598911829,160.661209106445,-69.0431823730469,-31.9374523162842
58.3652660456182,160.79736328125,-68.7483978271484,-31.7798538208008
58.3819331794075,161.175079345703,-68.5103988647461,-31.8762378692627
58.3986003131968,161.890106201172,-68.3532180786133,-32.2714614868164
58.415267446986,162.413452148438,-68.2678298950195,-32.510124206543
58.4319345807753,162.699813842773,-68.1687622070312,-32.6010704040527
58.4486017145655,162.702941894531,-68.0631790161133,-32.4409675598145
58.4652688483538,162.134124755859,-67.9605484008789,-31.8456039428711
58.481935982144,161.302536010742,-67.9015274047852,-31.0252323150635
58.4986031159333,160.67822265625,-67.8559875488281,-30.5466003417969
58.5152702497226,159.546493530273,-67.871223449707,-29.5438060760498
58.5319373835118,157.942855834961,-67.6945953369141,-28.2552223205566
58.5486045173011,157.046875,-67.4929046630859,-27.5884876251221
58.5652716510904,156.53971862793,-67.2885055541992,-27.2580375671387
58.5819387848796,156.619186401367,-67.0003204345703,-27.6354427337646
58.5986059186698,157.666519165039,-66.6417465209961,-28.7248973846436
58.6152730524582,158.936233520508,-66.2542572021484,-29.965389251709
58.6319401862484,159.934204101562,-65.9026641845703,-30.9715518951416
58.6486073200376,160.731185913086,-65.6343154907227,-31.8100452423096
58.6652744538269,161.726104736328,-65.4575271606445,-32.8297309875488
58.6819415876162,162.736862182617,-65.4013595581055,-33.8111534118652
58.6986087214054,163.406036376953,-65.4236145019531,-34.4761810302734
58.7152758551947,163.821044921875,-65.5329132080078,-34.9268569946289
58.731942988984,164.062835693359,-65.7323303222656,-35.2575912475586
58.7486101227742,164.130661010742,-66.0353622436523,-35.4950103759766
58.7652772565625,164.153121948242,-66.3868408203125,-35.7348442077637
58.7819443903527,163.933319091797,-66.675666809082,-35.6398658752441
58.798611524142,163.728256225586,-66.9904861450195,-35.6314086914062
58.8152786579312,163.4873046875,-67.2975540161133,-35.5808029174805
58.8319457917205,163.117370605469,-67.6194763183594,-35.3954086303711
58.8486129255098,162.655090332031,-67.9508285522461,-35.158317565918
58.865280059299,162.08464050293,-68.2792129516602,-34.8072853088379
58.8819471930883,161.539733886719,-68.58154296875,-34.4672508239746
58.8986143268785,161.070617675781,-68.8491134643555,-34.1529922485352
58.9152814606668,160.614196777344,-69.0855102539062,-33.7560501098633
58.931948594457,160.268676757812,-69.2780075073242,-33.405632019043
58.9486157282463,160.1845703125,-69.4203262329102,-33.2794609069824
58.9652828620356,160.31217956543,-69.5123901367188,-33.2892837524414
58.9819499958248,160.400985717773,-69.5272598266602,-33.1940536499023
58.9986171296141,160.322113037109,-69.4608383178711,-32.9311904907227
59.0152842634034,160.026916503906,-69.3332748413086,-32.4731941223145
59.0319513971926,159.466415405273,-69.1888198852539,-31.788667678833
59.0486185309828,158.687026977539,-69.0306091308594,-30.9362945556641
59.0652856647712,157.950164794922,-68.8707809448242,-30.122615814209
59.0819527985614,157.73078918457,-68.7922286987305,-29.8612155914307
59.0986199323506,158.61083984375,-68.7971801757812,-30.5649299621582
59.1152870661399,158.437118530273,-69.0069351196289,-30.0776500701904
59.1319541999292,157.543121337891,-69.1597747802734,-29.4100360870361
59.1486213337184,157.538375854492,-69.3045043945312,-29.3080654144287
59.1652884675077,157.506195068359,-69.4825668334961,-29.2680339813232
59.181955601297,157.644088745117,-69.6952362060547,-29.4903316497803
59.1986227350872,157.698638916016,-70.1058120727539,-29.5978507995605
59.2152898688755,157.514389038086,-70.6104431152344,-29.5362243652344
59.2319570026657,156.664749145508,-71.1787872314453,-28.9381561279297
59.248624136455,156.152496337891,-71.7025375366211,-28.6548366546631
59.2652912702442,156.660842895508,-72.2401962280273,-29.1995334625244
59.2819584040335,157.331130981445,-72.7478561401367,-29.8852233886719
59.2986255378228,157.843399047852,-73.1490097045898,-30.4925422668457
59.315292671612,158.617950439453,-73.3880081176758,-31.3189582824707
59.3319598054013,159.593414306641,-73.4462280273438,-32.3128623962402
59.3486269391915,160.576400756836,-73.3560943603516,-33.3102912902832
59.3652940729799,161.520401000977,-73.1396636962891,-34.2301712036133
59.38196120677,162.412155151367,-72.8145751953125,-35.0655746459961
59.3986283405593,163.114624023438,-72.4068832397461,-35.6909027099609
59.4152954743486,163.542434692383,-71.938606262207,-36.0227508544922
59.4319626081378,163.727325439453,-71.4580383300781,-36.1012496948242
59.4486297419271,163.766632080078,-70.996208190918,-36.0202331542969
59.4652968757164,163.75032043457,-70.5432281494141,-35.860523223877
59.4819640095056,163.64421081543,-70.0947799682617,-35.6130828857422
59.4986311432958,163.486358642578,-69.6535339355469,-35.319881439209
59.5152982770842,163.393157958984,-69.2375640869141,-35.0861511230469
59.5319654108744,163.400726318359,-68.8557281494141,-34.9443130493164
59.5486325446636,163.634170532227,-68.5268783569336,-34.9884948730469
59.5652996784529,163.992126464844,-68.2691497802734,-35.1163291931152
59.5819668122422,164.315505981445,-68.0609817504883,-35.1703987121582
59.5986339460314,164.421325683594,-67.8845672607422,-35.0017852783203
59.6153010798207,164.112747192383,-67.7117919921875,-34.5280494689941
59.63196821361,163.425369262695,-67.5424270629883,-33.7636604309082
59.6486353474002,162.372360229492,-67.432861328125,-32.743782043457
59.6653024811885,161.29296875,-67.4036865234375,-31.7900638580322
59.6819696149787,160.716491699219,-67.4991302490234,-31.2744808197021
59.698636748768,159.679458618164,-67.7234878540039,-30.324333190918
59.7153038825572,158.457260131836,-67.8763427734375,-29.4813327789307
59.7319710163465,158.498779296875,-68.012077331543,-29.6295719146729
59.7486381501358,159.004348754883,-68.1991424560547,-30.0667419433594
59.765305283925,159.325531005859,-68.3023834228516,-30.5290336608887
59.7819724177143,160.545623779297,-68.2828521728516,-31.6770458221436
59.7986395515045,161.379592895508,-68.144645690918,-32.3595275878906
59.8153066852929,161.483947753906,-67.9306869506836,-32.576114654541
59.831973819083,161.816833496094,-67.6843338012695,-33.0039520263672
59.8486409528723,162.620544433594,-67.4803009033203,-33.7931747436523
59.8653080866616,163.199569702148,-67.3624649047852,-34.3540916442871
59.8819752204508,163.512542724609,-67.3170471191406,-34.6880226135254
59.8986423542401,163.792449951172,-67.3626403808594,-35.0134658813477
59.9153094880294,164.176147460938,-67.4778060913086,-35.4545059204102
59.9319766218186,164.47785949707,-67.6877899169922,-35.8316993713379
59.9486437556088,164.506652832031,-67.9027252197266,-35.8894309997559
59.9653108893972,164.432250976562,-68.1645050048828,-35.906566619873
59.9819780231874,164.330017089844,-68.4356307983398,-35.9088096618652
59.9986451569766,164.163879394531,-68.6985321044922,-35.8191223144531
60.0153122907659,163.731521606445,-68.9493408203125,-35.4912185668945
60.0319794245552,163.013671875,-69.1941375732422,-34.9634819030762
60.0486465583444,162.238464355469,-69.4097442626953,-34.3892097473145
60.0653136921337,161.548141479492,-69.6081237792969,-33.8987770080566
60.081980825923,160.883605957031,-69.7557220458984,-33.3940925598145
60.0986479597132,160.405502319336,-69.8753967285156,-33.0452079772949
60.1153150935015,160.075714111328,-69.961181640625,-32.8145294189453
60.1319822272917,159.901794433594,-69.990837097168,-32.7187957763672
60.148649361081,159.842681884766,-69.9480361938477,-32.6485137939453
60.1653164948702,159.62971496582,-69.8371200561523,-32.3927001953125
60.1819836286595,159.27326965332,-69.6394271850586,-31.9632530212402
60.1986507624488,158.766067504883,-69.4035491943359,-31.3589534759521
60.215317896238,157.998489379883,-69.108528137207,-30.5366325378418
60.2319850300273,157.200119018555,-68.7825775146484,-29.7070960998535
60.2486521638175,156.625595092773,-68.5375823974609,-29.1108818054199
60.2653192976059,157.196166992188,-68.4080200195312,-29.4685611724854
60.281986431396,156.687377929688,-68.3707733154297,-28.6323432922363
60.2986535651853,155.463317871094,-68.3125915527344,-27.5027103424072
60.3153206989746,155.530456542969,-68.3397369384766,-27.2371864318848
60.3319878327638,155.506713867188,-68.4380416870117,-26.8022594451904
60.3486549665531,154.989028930664,-68.6364593505859,-26.117317199707
60.3653221003424,154.023330688477,-69.0333938598633,-25.080265045166
60.3819892341317,152.548629760742,-69.5694961547852,-23.7385578155518
60.3986563679218,150.616134643555,-70.1701812744141,-22.0214080810547
60.4153235017102,148.933837890625,-70.7648620605469,-20.6450481414795
60.4319906355004,148.589660644531,-71.3312683105469,-20.3488006591797
60.4486577692896,148.726165771484,-71.8754653930664,-20.4713611602783
60.4653249030789,148.958847045898,-72.2792434692383,-20.7843589782715
60.4819920368682,149.653945922852,-72.5602340698242,-21.5231380462646
60.4986591706574,150.723175048828,-72.7018966674805,-22.6250762939453
60.5153263044467,151.913055419922,-72.6816711425781,-23.8697090148926
60.531993438236,153.323059082031,-72.5159606933594,-25.2819080352783
60.5486605720262,154.802658081055,-72.2012252807617,-26.6930637359619
60.5653277058145,156.269241333008,-71.7535858154297,-28.0412216186523
60.5819948396047,157.605834960938,-71.2175674438477,-29.2043113708496
60.598661973394,158.658660888672,-70.6332626342773,-30.0600833892822
60.6153291071832,159.488327026367,-70.0316009521484,-30.6715831756592
60.6319962409725,160.160308837891,-69.4552841186523,-31.0761795043945
60.6486633747618,160.550765991211,-68.9321441650391,-31.1839599609375
60.6653305085511,160.840515136719,-68.4606018066406,-31.2005805969238
60.6819976423403,161.140426635742,-68.0464706420898,-31.2291069030762
60.6986647761305,161.384963989258,-67.6822204589844,-31.2266426086426
60.7153319099189,161.617706298828,-67.3960342407227,-31.2296714782715
60.731999043709,161.852264404297,-67.1775131225586,-31.2494449615479
60.7486661774983,162.01530456543,-67.0175476074219,-31.216926574707
60.7653333112876,161.964202880859,-66.9164123535156,-31.0657844543457
60.7820004450768,161.657272338867,-66.8466186523438,-30.7492599487305
60.7986675788661,161.026031494141,-66.8126831054688,-30.1924514770508
60.8153347126554,159.880752563477,-66.8563690185547,-29.3126754760742
60.8320018464447,158.636428833008,-67.0020065307617,-28.5481548309326
60.8486689802348,158.28125,-67.1593704223633,-28.5668907165527
60.8653361140232,158.547973632812,-67.3435745239258,-28.8728866577148
60.8820032478134,157.883209228516,-67.498893737793,-28.6204662322998
60.8986703816026,157.696838378906,-67.5699157714844,-28.9379138946533
60.9153375153919,158.098205566406,-67.6029739379883,-29.5585422515869
60.9320046491812,158.151229858398,-67.5433578491211,-30.0722141265869
60.9486717829705,158.2138671875,-67.326789855957,-30.664831161499
60.9653389167597,158.90966796875,-66.9168395996094,-31.6558399200439
60.982006050549,159.378402709961,-66.4437866210938,-32.3537368774414
60.9986731843392,159.548309326172,-65.9518737792969,-32.7933158874512
61.0153403181275,160.119766235352,-65.4971466064453,-33.5040130615234
61.0320074519177,160.432571411133,-65.1828765869141,-33.905834197998
61.048674585707,160.169189453125,-65.0304565429688,-33.8262786865234
61.0653417194962,159.925842285156,-65.0234375,-33.7702293395996
61.0820088532855,159.867492675781,-65.120719909668,-33.8592872619629
61.0986759870748,159.900573730469,-65.3144149780273,-34.0248565673828
61.1153431208641,159.981918334961,-65.6031188964844,-34.2266387939453
61.1320102546533,159.984024047852,-65.9393768310547,-34.2944984436035
61.1486773884435,159.930053710938,-66.3412017822266,-34.3291664123535
61.1653445222319,159.922729492188,-66.7569351196289,-34.4316215515137
61.182011656022,159.751617431641,-67.1373443603516,-34.3567581176758
61.1986787898113,159.355880737305,-67.4911117553711,-34.1018600463867
61.2153459236006,158.832046508789,-67.7949676513672,-33.7521286010742
61.2320130573898,158.215393066406,-68.0631561279297,-33.3296279907227
61.2486801911791,157.461837768555,-68.276123046875,-32.753963470459
61.2653473249684,156.826431274414,-68.451057434082,-32.2766761779785
61.2820144587577,156.212860107422,-68.5837554931641,-31.798734664917
61.2986815925478,155.762832641602,-68.6505432128906,-31.4726886749268
61.3153487263362,155.562042236328,-68.6675109863281,-31.3573303222656
61.3320158601264,155.509704589844,-68.6157684326172,-31.3630542755127
61.3486829939156,155.417449951172,-68.5546417236328,-31.3292140960693
61.3653501277049,155.480514526367,-68.542724609375,-31.4236717224121
61.3820172614942,155.742797851562,-68.6721954345703,-31.7021389007568
61.3986843952835,156.071319580078,-69.0199203491211,-32.1209411621094
61.4153515290727,156.646591186523,-69.5598907470703,-32.8471183776855
61.432018662862,158.646301269531,-70.2060089111328,-34.9552345275879
61.4486857966522,161.482757568359,-71.140625,-37.4350776672363
61.4653529304405,162.805252075195,-72.0144500732422,-39.005054473877
61.4820200642307,165.995407104492,-72.7089385986328,-42.3994293212891
61.49868719802,170.376846313477,-73.333869934082,-46.6081237792969
61.5153543318092,174.697525024414,-73.9294891357422,-51.006404876709
61.5320214655985,179.711349487305,-74.4876708984375,-56.0972175598145
61.5486885993878,-174.672668457031,-74.9939041137695,-61.8194885253906
61.5653557331771,-168.795822143555,-75.374870300293,-67.9218673706055
61.5820228669663,-163.318008422852,-75.5457763671875,-73.7623672485352
61.5986900007565,-157.461853027344,-75.3317565917969,-79.9593353271484
61.6153571345449,-151.538986206055,-74.8729019165039,-86.1228942871094
61.632024268335,-147.063552856445,-74.3772735595703,-90.8662643432617
61.6486914021243,-143.588638305664,-73.7925872802734,-94.6356430053711
61.6653585359136,-141.182189941406,-73.1759948730469,-97.3390960693359
61.6820256697029,-139.796142578125,-72.6299896240234,-99.0328521728516
61.6986928034921,-139.102081298828,-72.1088256835938,-100.025268554688
61.7153599372814,-138.940383911133,-71.5869750976562,-100.391166687012
61.7320270710707,-139.199645996094,-71.0933380126953,-100.269813537598
61.7486942048608,-139.766647338867,-70.6410827636719,-99.7683715820312
61.7653613386492,-140.439392089844,-70.2249374389648,-99.1018829345703
61.7820284724394,-141.195022583008,-69.8725814819336,-98.3003311157227
61.7986956062286,-142.018463134766,-69.5424652099609,-97.3983306884766
61.8153627400179,-142.782379150391,-69.2056427001953,-96.5157775878906
61.8320298738072,-143.347640991211,-68.8394546508789,-95.7548217773438
61.8486970075965,-143.811050415039,-68.4278259277344,-95.0191192626953
61.8653641413857,-144.070602416992,-67.9399719238281,-94.42626953125
61.882031275175,-144.011291503906,-67.4235992431641,-94.0604476928711
61.8986984089652,-143.847290039062,-67.0311813354492,-93.7691421508789
61.9153655427535,-143.747024536133,-66.8093338012695,-93.4438705444336
61.9320326765437,-143.775207519531,-66.7732238769531,-93.0928726196289
61.948699810333,-143.91796875,-66.8929290771484,-92.7878494262695
61.9653669441223,-144.273193359375,-67.1534271240234,-92.3504180908203
61.9820340779115,-144.834823608398,-67.4373168945312,-91.7702713012695
61.9987012117008,-145.192108154297,-67.6117477416992,-91.3888397216797
62.0153683454901,-145.190719604492,-67.6877517700195,-91.3596038818359
62.0320354792793,-144.895751953125,-67.8688888549805,-91.6097412109375
62.0487026130695,-144.951507568359,-68.0548400878906,-91.609130859375
62.0653697468579,-144.390655517578,-68.0789184570312,-92.0780792236328
62.082036880648,-144.156616210938,-68.2201614379883,-92.2053527832031
62.0987040144373,-144.27458190918,-68.3123016357422,-92.0802154541016
62.1153711482266,-144.364761352539,-68.3351440429688,-91.8520965576172
62.1320382820159,-144.516998291016,-68.1794967651367,-91.4713973999023
62.1487054158051,-144.861389160156,-68.01953125,-90.7984085083008
62.1653725495944,-145.513916015625,-67.8871917724609,-89.7710571289062
62.1820396833837,-146.060958862305,-67.6781539916992,-88.8087844848633
62.1987068171738,-146.261520385742,-67.4003372192383,-88.1424789428711
62.2153739509622,-146.106399536133,-67.236946105957,-87.8004989624023
62.2320410847524,-145.822662353516,-67.1533889770508,-87.5904541015625
62.2487082185417,-145.1748046875,-67.1014556884766,-87.7874069213867
62.2653753523309,-144.446868896484,-67.1280059814453,-88.1183013916016
62.2820424861202,-143.642318725586,-67.1981430053711,-88.5806198120117
62.2987096199095,-142.845642089844,-67.2968902587891,-89.1127090454102
62.3153767536987,-142.146987915039,-67.4573440551758,-89.6221923828125
62.332043887488,-141.443710327148,-67.6891021728516,-90.2441482543945
62.3487110212782,-141.079010009766,-67.9859466552734,-90.5427322387695
62.3653781550665,-141.04216003418,-68.4039459228516,-90.5937118530273
62.3820452888567,-141.042587280273,-68.7580337524414,-90.7063522338867
62.398712422646,-141.116958618164,-69.09130859375,-90.7705535888672
62.4153795564353,-141.334777832031,-69.405158996582,-90.7228393554688
62.4320466902245,-141.542053222656,-69.6507110595703,-90.6987762451172
62.4487138240138,-141.722457885742,-69.8318328857422,-90.6740493774414
62.4653809578031,-142.041717529297,-70.0290756225586,-90.5364227294922
62.4820480915923,-142.600860595703,-70.1895523071289,-90.1675033569336
62.4987152253825,-143.222381591797,-70.2449417114258,-89.7109375
62.5153823591709,-144.146179199219,-70.2646102905273,-88.9699554443359
62.5320494929611,-145.2265625,-70.2237930297852,-88.014030456543
62.5487166267503,-146.205261230469,-70.1151351928711,-87.0764465332031
62.5653837605396,-147.131011962891,-69.9983291625977,-86.1255722045898
62.5820508943289,-147.817886352539,-69.908332824707,-85.3611145019531
62.5987180281181,-148.161117553711,-69.8473205566406,-84.8919143676758
62.6153851619074,-147.421966552734,-69.6798400878906,-85.4320831298828
62.6320522956967,-147.373626708984,-70.0877685546875,-85.2219848632812
62.6487194294868,-148.158126831055,-70.2833862304688,-84.1753005981445
62.6653865632752,-148.018341064453,-70.2997817993164,-83.9931564331055
62.6820536970654,-149.084869384766,-70.5081634521484,-82.7588958740234
62.6987208308547,-149.920333862305,-70.7902679443359,-81.7839126586914
62.7153879646439,-150.491790771484,-71.1635284423828,-81.2012939453125
62.7320550984332,-151.326934814453,-71.8205490112305,-80.5085983276367
62.7487222322225,-151.856079101562,-72.3668746948242,-80.1277923583984
62.7653893660117,-151.702529907227,-72.7453918457031,-80.3245620727539
62.782056499801,-151.017211914062,-72.9380798339844,-81.0043869018555
62.7987236335912,-150.053298950195,-73.0533065795898,-81.8726577758789
62.8153907673795,-149.045700073242,-73.0789642333984,-82.7178573608398
62.8320579011697,-148.066909790039,-72.9977416992188,-83.4833679199219
62.848725034959,-147.407592773438,-72.8253402709961,-83.8908386230469
62.8653921687483,-147.167816162109,-72.5940856933594,-83.844367980957
62.8820593025375,-147.372787475586,-72.3000564575195,-83.3468017578125
62.8987264363268,-148.007080078125,-71.9699859619141,-82.4208068847656
62.9153935701161,-148.97233581543,-71.6116027832031,-81.1521530151367
62.9320607039053,-150.100433349609,-71.2179107666016,-79.6968383789062
62.9487278376955,-151.241561889648,-70.8007888793945,-78.1871643066406
62.9653949714848,-152.258407592773,-70.3497467041016,-76.7506103515625
62.9820621052741,-153.117919921875,-69.8915328979492,-75.4230651855469
62.9987292390633,-153.808990478516,-69.4885406494141,-74.2413482666016
63.0153963728526,-154.348434448242,-69.1868667602539,-73.2315139770508
63.0320635066419,-154.738342285156,-68.9382400512695,-72.3676605224609
63.0487306404311,-154.913208007812,-68.699104309082,-71.7044982910156
63.0653977742204,-154.964233398438,-68.4715957641602,-71.1530075073242
63.0820649080097,-155.046401977539,-68.2849731445312,-70.5833206176758
63.0987320417998,-155.154067993164,-68.1592407226562,-70.0352172851562
63.1153991755891,-155.295471191406,-68.0985717773438,-69.5521469116211
63.1320663093784,-155.558563232422,-68.1081924438477,-69.0397415161133
63.1487334431677,-156.088256835938,-68.1829071044922,-68.3359527587891
63.1654005769569,-156.941116333008,-68.2737808227539,-67.6145172119141
63.1820677107462,-157.79377746582,-68.3669281005859,-66.9480819702148
63.1987348445355,-158.241958618164,-68.375,-66.7053527832031
63.2154019783247,-158.016571044922,-68.2584991455078,-67.1101303100586
63.232069112114,-158.289077758789,-68.4493255615234,-67.128532409668
63.2487362459042,-159.739761352539,-68.6820907592773,-66.1827392578125
63.2654033796935,-159.8837890625,-68.5817337036133,-66.3307723999023
63.2820705134827,-159.989334106445,-68.6048278808594,-66.5767974853516
63.298737647272,-160.918914794922,-68.6680526733398,-66.0722274780273
63.3154047810613,-161.825424194336,-68.6857452392578,-65.5209655761719
63.3320719148505,-163.017456054688,-68.5205383300781,-64.7105407714844
63.3487390486398,-164.161254882812,-68.1716232299805,-63.9305992126465
63.3654061824291,-165.30256652832,-67.671142578125,-63.2195091247559
63.3820733162183,-165.91455078125,-67.0440139770508,-63.0416145324707
63.3987404500085,-166.428253173828,-66.4738922119141,-62.9839744567871
63.4154075837978,-166.776275634766,-66.0265884399414,-63.1776237487793
63.4320747175871,-166.965744018555,-65.7211303710938,-63.6605072021484
63.4487418513763,-167.059097290039,-65.5317840576172,-64.3791885375977
63.4654089851656,-167.18913269043,-65.46044921875,-65.1127471923828
63.4820761189549,-167.32292175293,-65.4752502441406,-65.8680191040039
63.4987432527441,-167.471450805664,-65.5318450927734,-66.6069488525391
63.5154103865334,-167.650146484375,-65.6263656616211,-67.2607421875
63.5320775203227,-167.968353271484,-65.7775192260742,-67.77685546875
63.5487446541129,-168.593597412109,-65.9795837402344,-67.9577713012695
63.5654117879021,-169.504013061523,-66.170524597168,-67.8643035888672
63.5820789216914,-170.415237426758,-66.2861404418945,-67.7380981445312
63.5987460554807,-171.33967590332,-66.3464813232422,-67.5060195922852
63.6154131892699,-172.174270629883,-66.3949890136719,-67.2926788330078
63.6320803230592,-172.838272094727,-66.4167633056641,-67.1493835449219
63.6487474568485,-173.380401611328,-66.4555816650391,-67.0376815795898
63.6654145906377,-173.903915405273,-66.5112075805664,-66.9132843017578
63.682081724427,-174.394958496094,-66.5187149047852,-66.7514495849609
63.6987488582172,-174.805282592773,-66.4443893432617,-66.5518188476562
63.7154159920065,-175.286254882812,-66.3454360961914,-66.1825561523438
63.7320831257957,-175.886611938477,-66.2866973876953,-65.7001876831055
63.748750259585,-176.752731323242,-66.2626495361328,-65.008544921875
63.7654173933743,-177.843032836914,-66.2194900512695,-64.1396408081055
63.7820845271635,-179.113311767578,-66.1769790649414,-63.1707000732422
63.7987516609528,-179.70915222168,-66.0121994018555,-62.8436698913574
63.8154187947421,-179.838043212891,-65.9924011230469,-62.7218856811523
63.8320859285313,178.670272827148,-65.9299774169922,-61.8325500488281
63.8487530623215,177.836715698242,-65.6457214355469,-61.4836273193359
63.8654201961108,177.799774169922,-65.3264007568359,-61.398551940918
63.8820873299001,177.276000976562,-65.2094421386719,-61.0606346130371
63.8987544636893,175.989944458008,-65.3345794677734,-60.3854179382324
63.9154215974786,175.141494750977,-65.55810546875,-59.9994087219238
63.9320887312679,174.243743896484,-65.910774230957,-59.5728416442871
63.9487558650571,173.666961669922,-66.1885757446289,-59.5400505065918
63.9654229988464,174.067718505859,-66.4000625610352,-59.9985885620117
63.9820901326357,174.940551757812,-66.5338821411133,-60.6973838806152
63.9987572664259,175.777755737305,-66.626350402832,-61.3962631225586
64.0154244002151,176.750610351562,-66.6497497558594,-62.179630279541
64.0320915340044,177.913772583008,-66.5846176147461,-62.9785652160645
64.0487586677937,178.83544921875,-66.4834518432617,-63.5549774169922
64.0654258015829,179.313247680664,-66.3373718261719,-63.8095054626465
64.0820929353722,179.636154174805,-66.1518096923828,-63.8929557800293
64.0987600691615,179.955871582031,-65.9477005004883,-63.8842544555664
64.1154272029507,-179.914169311523,-65.7571868896484,-63.7099227905273
64.13209433674,-179.877334594727,-65.4752426147461,-63.4281692504883
64.1487614705302,-179.889495849609,-65.1510238647461,-63.0481719970703
64.1654286043195,179.937957763672,-64.7999267578125,-62.5398559570312
64.1820957381087,179.560592651367,-64.4530410766602,-61.905200958252
64.198762871898,178.977600097656,-64.1027908325195,-61.1543388366699
64.2154300056873,178.515014648438,-63.7069664001465,-60.4944000244141
64.2320971394765,178.215026855469,-63.3419036865234,-59.9429512023926
64.2487642732658,177.886138916016,-62.9713668823242,-59.4109878540039
64.2654314070551,177.670959472656,-62.6364479064941,-58.9964370727539
64.2820985408443,177.558837890625,-62.3628120422363,-58.69921875
64.2987656746345,177.221313476562,-62.1861190795898,-58.3081970214844
64.3154328084238,176.549346923828,-62.1862831115723,-57.7630729675293
64.3320999422131,175.735427856445,-62.3239822387695,-57.1955833435059
64.3487670760023,174.806396484375,-62.5638236999512,-56.5418243408203
64.3654342097916,173.661666870117,-62.8238563537598,-55.7891006469727
64.3821013435809,172.300003051758,-63.1218643188477,-54.9808120727539
64.3987684773701,171.342788696289,-63.4477577209473,-54.6175880432129
64.4154356111594,171.533813476562,-63.7797622680664,-55.112907409668
64.4321027449487,171.659484863281,-64.2189636230469,-55.4754371643066
64.4487698787389,170.826370239258,-64.6510467529297,-55.6145782470703
64.4654370125281,171.450408935547,-65.0554428100586,-56.986946105957
64.4821041463174,171.75666809082,-65.657112121582,-58.0679931640625
64.4987712801067,171.000122070312,-66.2541198730469,-59.0564918518066
64.5154384138959,170.436233520508,-66.8130035400391,-60.3427124023438
64.5321055476852,170.426162719727,-67.1542282104492,-62.244083404541
64.5487726814745,170.736679077148,-67.3206253051758,-64.429313659668
64.5654398152637,171.131103515625,-67.3256225585938,-66.7310485839844
64.582106949053,172.016876220703,-67.242790222168,-69.4184341430664
64.5987740828432,172.984603881836,-67.1745300292969,-72.1444778442383
64.6154412166325,173.808929443359,-67.1909332275391,-74.8096389770508
64.6321083504217,174.711334228516,-67.2719650268555,-77.6162185668945
64.648775484211,175.980041503906,-67.301628112793,-80.6240234375
64.6654426180003,177.40299987793,-67.2466201782227,-83.6260604858398
64.6821097517895,178.842880249023,-67.1497116088867,-86.5349273681641
64.6987768855788,-179.730560302734,-67.0532073974609,-89.301025390625
64.7154440193681,-178.437835693359,-66.9934921264648,-91.8304595947266
64.7321111531573,-177.238967895508,-66.9794616699219,-94.1384658813477
64.7487782869475,-176.168502807617,-67.0017471313477,-96.1953430175781
64.7654454207368,-175.267562866211,-67.0707397460938,-97.9680252075195
64.7821125545261,-174.621780395508,-67.2289657592773,-99.3866424560547
64.7987796883153,-174.215362548828,-67.3967742919922,-100.458305358887
64.8154468221046,-174.048706054688,-67.5864715576172,-101.169242858887
64.8321139558939,-174.106369018555,-67.8244323730469,-101.570579528809
64.8487810896831,-174.352203369141,-68.1056442260742,-101.703033447266
64.8654482234724,-174.797027587891,-68.4197692871094,-101.577110290527
64.8821153572617,-175.511169433594,-68.7794952392578,-101.222793579102
64.8987824910519,-176.463623046875,-69.1515655517578,-100.599365234375
64.9154496248411,-177.642288208008,-69.6072998046875,-99.6857223510742
64.9321167586304,-179.084320068359,-70.0637054443359,-98.506103515625
64.9487838924197,179.122528076172,-70.4745025634766,-97.0568313598633
64.9654510262089,177.337768554688,-70.8158340454102,-95.6046676635742
64.9821181599982,175.898208618164,-70.9447860717773,-94.4430313110352
64.9987852937875,174.997268676758,-70.8218383789062,-93.6338348388672
65.0154524275767,174.538391113281,-70.7769775390625,-93.1398391723633
65.032119561366,173.58674621582,-70.6305389404297,-92.7502365112305
65.0487866951562,173.456741333008,-70.4050750732422,-92.4596862792969
65.0654538289455,172.412170410156,-70.4217681884766,-91.7295989990234
65.0821209627347,170.466323852539,-70.5974273681641,-90.6084060668945
65.098788096524,168.756774902344,-70.9192810058594,-89.6424713134766
65.1154552303133,166.994827270508,-71.3524703979492,-88.9010391235352
65.1321223641025,165.914993286133,-71.7107238769531,-88.7412033081055
65.1487894978918,165.900924682617,-71.9706344604492,-89.3209609985352
65.1654566316811,166.387557983398,-72.1354904174805,-90.1665267944336
65.1821237654704,167.327484130859,-72.1788482666016,-91.3537826538086
65.1987908992605,168.458526611328,-72.0978012084961,-92.6071548461914
65.2154580330498,169.603805541992,-71.889533996582,-93.7210235595703
65.2321251668391,170.611343383789,-71.5517654418945,-94.5148849487305
65.2487923006283,171.325759887695,-71.1117782592773,-94.881965637207
65.2654594344176,171.63671875,-70.5951156616211,-94.728515625
65.2821265682069,171.480590820312,-70.0379028320312,-94.0599594116211
65.2987937019961,170.83576965332,-69.4503402709961,-92.9072265625
65.3154608357854,169.75016784668,-68.8637390136719,-91.3725051879883
65.3321279695747,168.325759887695,-68.2986297607422,-89.6004867553711
65.3487951033649,166.741897583008,-67.7516021728516,-87.7572555541992
65.3654622371541,165.169296264648,-67.2192230224609,-85.9945831298828
65.3821293709434,163.758102416992,-66.6905288696289,-84.4182739257812
65.3987965047327,162.567321777344,-66.1580963134766,-83.0810165405273
65.4154636385219,161.644638061523,-65.635856628418,-82.0138702392578
65.4321307723112,161.020492553711,-65.1374740600586,-81.2376403808594
65.4487979061005,160.565734863281,-64.6646041870117,-80.6535873413086
65.4654650398898,160.174346923828,-64.2253112792969,-80.1696472167969
65.482132173679,159.713470458984,-63.8355026245117,-79.6764526367188
65.4987993074692,159.137283325195,-63.5128707885742,-79.1139450073242
65.5154664412585,158.346878051758,-63.2790412902832,-78.4004058837891
65.5321335750477,157.390533447266,-63.1169052124023,-77.5643539428711
65.548800708837,156.383407592773,-63.0070610046387,-76.6921539306641
65.5654678426263,155.502517700195,-62.9168701171875,-75.9587173461914
65.5821349764155,154.920837402344,-62.783031463623,-75.5151062011719
65.5988021102048,154.615478515625,-62.6851615905762,-75.2259521484375
65.6154692439941,154.247360229492,-62.7746315002441,-75.1110305786133
65.6321363777834,154.144866943359,-62.8532028198242,-75.3176040649414
65.6488035115735,154.18669128418,-62.9019660949707,-75.3761901855469
65.6654706453628,153.819381713867,-63.0017547607422,-75.2701873779297
65.6821377791521,153.282302856445,-63.049243927002,-74.9476699829102
65.6988049129413,152.510879516602,-62.9966239929199,-74.5240325927734
65.7154720467306,151.819427490234,-62.7485542297363,-74.0436935424805
65.7321391805199,151.172653198242,-62.3047218322754,-73.5869750976562
65.7488063143091,150.649719238281,-61.6601753234863,-73.2205200195312
65.7654734480984,150.261535644531,-60.8571510314941,-72.9239349365234
65.7821405818877,149.78662109375,-60.0195999145508,-72.615119934082
65.7988077156779,149.341049194336,-59.1977615356445,-72.38232421875
65.8154748494671,149.062286376953,-58.4582862854004,-72.3096008300781
65.8321419832564,148.995483398438,-57.8026084899902,-72.4259338378906
65.8488091170457,149.0537109375,-57.2465744018555,-72.6554794311523
65.8654762508349,149.140563964844,-56.8534812927246,-72.8924179077148
65.8821433846242,149.226684570312,-56.653923034668,-73.0777130126953
65.8988105184135,149.256332397461,-56.5917129516602,-73.1616516113281
65.9154776522037,149.230133056641,-56.631103515625,-73.0817337036133
65.932144785992,149.148620605469,-56.7760009765625,-72.8649978637695
65.9488119197822,149.010864257812,-56.9974975585938,-72.5031661987305
65.9654790535715,148.762573242188,-57.2495384216309,-71.9879302978516
65.9821461873607,148.44970703125,-57.5102462768555,-71.3603973388672
65.99881332115,148.146606445312,-57.7783393859863,-70.7037506103516
66.0154804549393,147.9404296875,-58.0608444213867,-70.0915985107422
66.0321475887285,147.92399597168,-58.3274040222168,-69.6288833618164
66.0488147225178,148.209457397461,-58.506275177002,-69.3225326538086
66.065481856308,148.701385498047,-58.5858535766602,-69.0769348144531
66.0821489900964,149.324523925781,-58.5971298217773,-68.8618087768555
66.0988161238865,150.121536254883,-58.5398292541504,-68.5315399169922
66.1154832576758,151.036895751953,-58.4273719787598,-67.9477462768555
66.1321503914651,152.007232666016,-58.2502937316895,-67.0412979125977
66.1488175252543,153.088317871094,-57.9614028930664,-65.853515625
66.1654846590436,153.963165283203,-57.7877655029297,-64.2578811645508
66.1821517928329,154.679992675781,-57.6417236328125,-62.4592170715332
66.1988189266222,155.561737060547,-57.4947280883789,-60.5823097229004
66.2154860604123,157.014144897461,-57.2687377929688,-58.8071632385254
66.2321531942007,158.043334960938,-57.1769752502441,-56.6789627075195
66.2488203279909,157.720458984375,-57.1631546020508,-53.9203948974609
66.2654874617801,158.685302734375,-57.1020164489746,-51.9074020385742
66.2821545955694,159.378158569336,-57.318920135498,-49.6637268066406
66.2988217293587,159.13313293457,-57.5555458068848,-47.3635101318359
66.3154888631479,159.052810668945,-58.0545043945312,-45.3222999572754
66.3321559969372,158.630981445312,-58.8182640075684,-43.4636039733887
66.3488231307265,157.733764648438,-59.6025657653809,-41.9517936706543
66.3654902645167,157.853698730469,-60.3750839233398,-41.3190460205078
66.382157398305,158.80810546875,-61.1125183105469,-41.0842475891113
66.3988245320952,159.749252319336,-61.7630653381348,-41.1776847839355
66.4154916658845,160.730758666992,-62.2193145751953,-41.418815612793
66.4321587996737,161.877471923828,-62.491813659668,-41.7989501953125
66.448825933463,163.115158081055,-62.5956916809082,-42.2300682067871
66.4654930672523,164.294143676758,-62.5881652832031,-42.5870552062988
66.4821602010416,165.40055847168,-62.4930572509766,-42.795539855957
66.4988273348308,166.361190795898,-62.3738632202148,-42.787296295166
66.515494468621,167.01628112793,-62.282543182373,-42.5123825073242
66.5321616024094,167.349075317383,-62.1548194885254,-42.0755348205566
66.5488287361995,167.462631225586,-61.9751892089844,-41.5689544677734
66.5654958699888,167.559982299805,-61.7289772033691,-41.1285705566406
66.5821630037781,167.79248046875,-61.4026756286621,-40.8406600952148
66.5988301375673,168.02766418457,-61.0622673034668,-40.6003837585449
66.6154972713566,168.203842163086,-60.7400398254395,-40.3966026306152
66.6321644051459,168.294937133789,-60.4681701660156,-40.2102890014648
66.6488315389352,168.473556518555,-60.253231048584,-40.1165084838867
66.6654986727253,168.828186035156,-60.1065521240234,-40.1375617980957
66.6821658065137,169.042083740234,-60.0535926818848,-40.0529479980469
66.6988329403039,168.995056152344,-60.0537567138672,-39.8684921264648
66.7155000740931,168.906387329102,-60.0629692077637,-39.6506156921387
66.7321672078824,168.445022583008,-60.1500701904297,-39.1182746887207
66.7488343416717,167.674560546875,-60.3109817504883,-38.4392700195312
66.765501475461,167.300109863281,-60.637134552002,-38.0708999633789
66.7821686092502,167.593231201172,-60.9576835632324,-38.0474395751953
66.7988357430395,166.466369628906,-61.3921852111816,-37.1204605102539
66.8155028768297,165.675079345703,-61.6988945007324,-36.747688293457
66.832170010618,166.008407592773,-61.9918479919434,-36.7924346923828
66.8488371444082,166.034484863281,-62.1659088134766,-36.7742233276367
66.8655042781975,165.396774291992,-62.2087364196777,-36.3402481079102
66.8821714119867,165.384948730469,-62.0597839355469,-36.3704376220703
66.898838545776,165.682693481445,-61.8929290771484,-36.4586982727051
66.9155056795653,165.400085449219,-61.7548141479492,-36.2831153869629
66.9321728133546,165.486923217773,-61.6185646057129,-36.4034805297852
66.9488399471438,166.173416137695,-61.5477180480957,-36.828483581543
66.965507080934,166.392913818359,-61.5401496887207,-36.9570236206055
66.9821742147224,166.105590820312,-61.5970993041992,-36.8044662475586
66.9988413485125,165.93083190918,-61.7480583190918,-36.744384765625
67.0155084823018,165.976379394531,-61.9910697937012,-36.8507232666016
67.0321756160911,166.039794921875,-62.2816734313965,-36.9907112121582
67.0488427498804,166.084487915039,-62.5874137878418,-37.1382255554199
67.0655098836696,166.152847290039,-62.8808937072754,-37.3408813476562
67.0821770174589,166.243957519531,-63.1703491210938,-37.5990829467773
67.0988441512482,166.125030517578,-63.4251289367676,-37.6811561584473
67.1155112850383,165.81867980957,-63.672737121582,-37.6932716369629
67.1321784188267,165.458160400391,-63.8732948303223,-37.7056922912598
67.1488455526169,165.133682250977,-64.044921875,-37.7752838134766
67.1655126864061,164.844100952148,-64.1820068359375,-37.9002723693848
67.1821798201954,164.582214355469,-64.2851028442383,-38.0644798278809
67.1988469539847,164.385681152344,-64.3394775390625,-38.2940216064453
67.215514087774,164.425796508789,-64.3235397338867,-38.688606262207
67.2321812215632,164.557037353516,-64.2296295166016,-39.0559577941895
67.2488483553525,164.363189697266,-64.0503005981445,-39.1007461547852
67.2655154891427,163.779159545898,-63.8007011413574,-38.7969055175781
67.282182622931,163.061309814453,-63.5156173706055,-38.2385063171387
67.2988497567212,161.959655761719,-63.2812194824219,-37.2853698730469
67.3155168905105,160.520111083984,-63.0950393676758,-36.1043739318848
67.3321840242997,158.969680786133,-63.0281105041504,-34.8995361328125
67.348851158089,158.517578125,-63.0663833618164,-34.477954864502
67.3655182918783,157.445404052734,-63.2465553283691,-33.2275085449219
67.3821854256676,154.817108154297,-63.453296661377,-31.3642673492432
67.3988525594568,153.380783081055,-63.7670516967773,-30.1825866699219
67.415519693247,151.601440429688,-64.1880798339844,-28.4664554595947
67.4321868270354,149.129898071289,-64.7622451782227,-26.606746673584
67.4488539608255,147.265518188477,-65.5371856689453,-25.1686592102051
67.4655210946148,144.94807434082,-66.5281524658203,-23.2786693572998
67.4821882284041,142.29460144043,-67.4264450073242,-21.5682487487793
67.4988553621934,140.637100219727,-68.25830078125,-20.5240249633789
67.5155224959826,140.212799072266,-68.9941558837891,-20.3210735321045
67.5321896297719,140.461578369141,-69.5932922363281,-20.7062244415283
67.5488567635612,141.028015136719,-70.1025848388672,-21.3509902954102
67.5655238973513,141.884124755859,-70.4709014892578,-22.2546138763428
67.5821910311397,143.196502685547,-70.6210250854492,-23.5597038269043
67.5988581649299,144.551666259766,-70.5295944213867,-24.811710357666
67.6155252987191,145.880630493164,-70.27099609375,-26.0523586273193
67.6321924325084,147.264022827148,-69.9082489013672,-27.267333984375
67.6488595662977,148.564041137695,-69.4989471435547,-28.3547611236572
67.665526700087,149.608917236328,-69.0712738037109,-29.2084636688232
67.6821938338762,150.381942749023,-68.6212615966797,-29.8032684326172
67.6988609676655,151.043121337891,-68.1451110839844,-30.2650775909424
67.7155281014557,151.773910522461,-67.6386566162109,-30.7274513244629
67.732195235244,152.643646240234,-67.1086273193359,-31.251220703125
67.7488623690342,153.506713867188,-66.5664138793945,-31.6974849700928
67.7655295028235,154.339431762695,-66.0224227905273,-32.1064796447754
67.7821966366128,155.217300415039,-65.5040512084961,-32.491382598877
67.798863770402,155.951995849609,-65.0403442382812,-32.7199401855469
67.8155309041913,156.422058105469,-64.6636734008789,-32.7235488891602
67.8321980379806,156.640960693359,-64.3809432983398,-32.5124359130859
67.8488651717698,156.729049682617,-64.1945114135742,-32.19482421875
67.86553230556,156.609481811523,-64.103874206543,-31.725170135498
67.8821994393484,156.332000732422,-64.0635375976562,-31.1266994476318
67.8988665731385,155.762893676758,-64.0484390258789,-30.2491016387939
67.9155337069278,154.849487304688,-64.0649185180664,-29.1794528961182
67.9322008407171,153.930114746094,-64.1909027099609,-28.2247982025146
67.9488679745064,153.654220581055,-64.4479751586914,-27.7735843658447
67.9655351082956,152.929611206055,-64.834831237793,-26.8438949584961
67.9822022420849,151.66130065918,-65.1149826049805,-25.8439540863037
67.9988693758742,151.240371704102,-65.4384231567383,-25.5054512023926
68.0155365096643,151.384170532227,-65.7420654296875,-25.525390625
68.0322036434527,151.598663330078,-65.9654769897461,-25.6986083984375
68.0488707772429,152.496185302734,-66.1082458496094,-26.3798122406006
68.0655379110322,153.286437988281,-66.1044235229492,-26.9033050537109
68.0822050448214,153.508834838867,-65.9296340942383,-27.1338233947754
68.0988721786107,153.796463012695,-65.6476287841797,-27.3908805847168
68.1155393124,154.434295654297,-65.3134994506836,-27.8753910064697
68.1322064461892,155.273773193359,-64.9981079101562,-28.4268569946289
68.1488735799785,155.779098510742,-64.7770538330078,-28.6872997283936
68.1655407137687,155.957611083984,-64.6909866333008,-28.7505207061768
68.182207847557,156.135971069336,-64.8184967041016,-28.8130722045898
68.1988749813472,156.28076171875,-65.171989440918,-28.8413486480713
68.2155421151365,156.392395019531,-65.6270523071289,-28.809720993042
68.2322092489258,156.292907714844,-66.2006149291992,-28.5672588348389
68.248876382715,156.103622436523,-66.7956161499023,-28.3108463287354
68.2655435165043,155.930404663086,-67.3657608032227,-28.0825481414795
68.2822106502936,155.757019042969,-67.8812255859375,-27.8629627227783
68.2988777840828,155.547729492188,-68.3264923095703,-27.6485252380371
68.315544917873,155.276016235352,-68.7229232788086,-27.4110794067383
68.3322120516614,154.986877441406,-69.07421875,-27.1872825622559
68.3488791854516,154.785507202148,-69.3804626464844,-27.0704650878906
68.3655463192408,154.563629150391,-69.5890884399414,-26.9166736602783
68.3822134530301,154.298385620117,-69.7250823974609,-26.7479133605957
68.3988805868194,154.038711547852,-69.8074569702148,-26.6084442138672
68.4155477206086,154.033996582031,-69.8226776123047,-26.6810646057129
68.4322148543979,154.188369750977,-69.7614517211914,-26.798095703125
68.4488819881872,154.005035400391,-69.6179580688477,-26.6049423217773
68.4655491219773,153.481491088867,-69.4187316894531,-26.2108955383301
68.4822162557657,153.037811279297,-69.1960372924805,-25.8260498046875
68.4988833895559,152.495193481445,-68.8821029663086,-25.3242130279541
68.5155505233452,151.900421142578,-68.5172729492188,-24.8161373138428
68.5322176571344,151.485565185547,-68.1795196533203,-24.4643611907959
68.5488847909237,151.784637451172,-67.9252700805664,-24.5538883209229
68.565551924713,150.906066894531,-67.6901931762695,-23.6537532806396
68.5822190585022,150.262420654297,-67.5591049194336,-23.1644382476807
68.5988861922915,150.425552368164,-67.5443344116211,-22.9999408721924
68.6155533260817,150.931427001953,-67.5640869140625,-23.1274070739746
68.63222045987,151.404541015625,-67.591667175293,-23.182092666626
68.6488875936602,152.365371704102,-67.7120819091797,-23.6061935424805
68.6655547274495,153.273818969727,-67.9994125366211,-23.7723598480225
68.6822218612388,152.639801025391,-68.3170318603516,-22.9902000427246
68.698888995028,151.875839233398,-68.5141983032227,-22.2129020690918
68.7155561288173,151.98176574707,-68.7126846313477,-21.9652118682861
68.7322232626066,152.655242919922,-68.8904647827148,-22.2233657836914
68.7488903963958,153.141632080078,-69.0222244262695,-22.3826351165771
68.765557530186,153.592697143555,-69.0954742431641,-22.496057510376
68.7822246639744,154.161392211914,-69.120979309082,-22.6473541259766
68.7988917977646,154.91975402832,-69.1085968017578,-22.8328151702881
68.8155589315538,155.89143371582,-69.0681838989258,-23.1237831115723
68.8322260653431,156.849151611328,-68.974250793457,-23.3276062011719
68.8488931991324,157.546859741211,-68.8689651489258,-23.3124675750732
68.8655603329216,158.044235229492,-68.7050628662109,-23.1840934753418
68.8822274667109,158.536819458008,-68.4454650878906,-23.0948867797852
68.8988946005002,158.96533203125,-68.0846710205078,-22.9835453033447
68.9155617342903,159.352264404297,-67.6469573974609,-22.8470993041992
68.9322288680787,159.673385620117,-67.1665344238281,-22.6722297668457
68.9488960018689,159.898574829102,-66.6687698364258,-22.4185562133789
68.9655631356582,160.055908203125,-66.187629699707,-22.1077861785889
68.9822302694474,160.187927246094,-65.7582855224609,-21.7743282318115
68.9988974032367,160.314056396484,-65.4121704101562,-21.4564990997314
69.015564537026,160.609359741211,-65.1475372314453,-21.2420215606689
69.0322316708152,161.022979736328,-64.980712890625,-21.0688552856445
69.0488988046045,161.228164672852,-64.8965682983398,-20.658597946167
69.0655659383947,161.283996582031,-64.8477325439453,-20.1000690460205
69.082233072183,161.049087524414,-64.8162078857422,-19.2711429595947
69.0989002059732,160.324752807617,-64.7993927001953,-18.0699520111084
69.1155673397625,159.369857788086,-64.8489990234375,-16.7512722015381
69.1322344735518,158.282531738281,-65.0288848876953,-15.3971862792969
69.148901607341,157.268280029297,-65.3113021850586,-14.1642255783081
69.1655687411303,157.029434204102,-65.6693649291992,-13.5148420333862
69.1822358749196,156.681335449219,-66.1031799316406,-12.5181102752686
69.1989030087088,154.857086181641,-66.3417358398438,-10.3455057144165
69.215570142499,154.370513916016,-66.5476303100586,-9.13790512084961
69.2322372762874,153.733474731445,-66.738410949707,-7.40231323242188
69.2489044100776,151.829055786133,-66.4612121582031,-4.50418758392334
69.2655715438668,151.007186889648,-66.0236434936523,-2.40701508522034
69.2822386776561,151.25602722168,-65.597526550293,-0.791139781475067
69.2989058114454,151.757064819336,-65.1425628662109,0.814236640930176
69.3155729452346,152.641143798828,-64.8167953491211,2.28525710105896
69.3322400790239,153.507965087891,-64.6730041503906,4.02936172485352
69.3489072128132,154.214614868164,-64.6703109741211,6.04530096054077
69.3655743466034,154.878631591797,-64.8017272949219,8.16587162017822
69.3822414803917,155.358535766602,-65.0876770019531,10.3831338882446
69.3989086141819,155.482437133789,-65.5322494506836,12.8150987625122
69.4155757479712,155.390335083008,-66.0333709716797,15.2759609222412
69.4322428817604,155.225250244141,-66.5716857910156,17.5797290802002
69.4489100155497,154.995452880859,-67.0530090332031,19.6901226043701
69.465577149339,154.722915649414,-67.4687118530273,21.5904846191406
69.4822442831282,154.198867797852,-67.873893737793,23.4224472045898
69.4989114169175,153.650787353516,-68.1709365844727,25.0220699310303
69.5155785507077,153.176239013672,-68.3830795288086,26.3322105407715
69.532245684496,152.580932617188,-68.5725173950195,27.5694389343262
69.5489128182862,152.029403686523,-68.7387771606445,28.6580123901367
69.5655799520755,151.589797973633,-68.8511199951172,29.584114074707
69.5822470858648,151.317367553711,-68.8657531738281,30.3266925811768
69.598914219654,151.481719970703,-68.8076019287109,30.6021366119385
69.6155813534433,151.803787231445,-68.6317672729492,30.7187519073486
69.6322484872326,152.219421386719,-68.3218765258789,30.7515716552734
69.6489156210218,152.713973999023,-67.8759994506836,30.7079906463623
69.665582754812,153.206848144531,-67.345573425293,30.6556339263916
69.6822498886004,153.73649597168,-66.7793502807617,30.5460166931152
69.6989170223906,154.231872558594,-66.3243255615234,30.4127330780029
69.7155841561798,154.619934082031,-66.0349655151367,30.3953704833984
69.7322512899691,155.188354492188,-65.9051513671875,30.2481861114502
69.7489184237584,156.407592773438,-65.8404769897461,29.6746273040771
69.7655855575476,157.379364013672,-65.8243103027344,29.5037612915039
69.7822526913369,158.46061706543,-65.681755065918,29.3614597320557
69.7989198251262,159.496932983398,-65.6185684204102,29.2740001678467
69.8155869589164,160.186386108398,-65.3971176147461,29.547327041626
69.8322540927047,161.071273803711,-65.0958099365234,29.571475982666
69.8489212264949,161.487380981445,-64.7770767211914,29.8459701538086
69.8655883602842,161.360610961914,-64.6159820556641,30.4095878601074
69.8822554940734,160.673721313477,-64.7848663330078,31.2924785614014
69.8989226278627,159.67431640625,-65.2195358276367,32.3485145568848
69.915589761652,158.791748046875,-65.7894973754883,33.326343536377
69.9322568954412,158.040252685547,-66.439453125,34.2205810546875
69.9489240292305,157.331436157227,-67.2303237915039,35.1259918212891
69.9655911630207,156.743530273438,-68.0930557250977,35.9419631958008
69.9822582968091,156.479141235352,-68.8759994506836,36.4981842041016
69.9989254305992,156.611663818359,-69.5050506591797,36.7743301391602
70.0155925643885,157.031448364258,-70.0193939208984,36.8461685180664
70.0322596981778,157.724502563477,-70.3800048828125,36.7513313293457
70.048926831967,158.579528808594,-70.5920104980469,36.5863380432129
70.0655939657563,159.517440795898,-70.6849822998047,36.4230079650879
70.0822610995456,160.483245849609,-70.7018585205078,36.2612762451172
70.0989282333348,161.337768554688,-70.6811065673828,36.2131729125977
70.115595367125,162.147201538086,-70.6636657714844,36.1623115539551
70.1322625009134,162.842834472656,-70.6562423706055,36.1633911132812
70.1489296347036,163.359008789062,-70.6315460205078,36.2685241699219
70.1655967684928,163.654113769531,-70.5765228271484,36.5054130554199
70.1822639022821,163.717498779297,-70.4824371337891,36.8822746276855
70.1989310360714,163.674789428711,-70.3370895385742,37.286376953125
70.2155981698606,163.554840087891,-70.1233520507812,37.7146034240723
70.2322653036499,163.330978393555,-69.8265380859375,38.209300994873
70.2489324374392,163.065216064453,-69.4662857055664,38.6691856384277
70.2655995712294,162.780502319336,-69.0738525390625,39.0618667602539
70.2822667050177,162.30973815918,-68.7034454345703,39.5157318115234
70.2989338388079,161.481704711914,-68.4133224487305,40.0571556091309
70.3156009725972,160.320129394531,-68.2565231323242,40.6728324890137
70.3322681063864,159.113220214844,-68.208854675293,41.1058502197266
70.3489352401757,157.5771484375,-68.3360824584961,41.7279624938965
70.365602373965,156.117233276367,-68.4654235839844,42.2242088317871
70.3822695077542,154.979690551758,-68.6320266723633,42.3933448791504
70.3989366415435,153.897613525391,-68.7419891357422,42.5232429504395
70.4156037753337,153.067306518555,-68.8719787597656,42.3697166442871
70.4322709091221,153.074157714844,-68.9516448974609,41.5125503540039
70.4489380429122,154.009719848633,-69.0418243408203,39.9557342529297
70.4656051767015,155.008819580078,-69.1559448242188,38.5570678710938
70.4822723104908,155.853469848633,-69.297492980957,37.456600189209
70.49893944428,156.71989440918,-69.4694976806641,36.3934631347656
70.5156065780693,157.563232421875,-69.6527862548828,35.4161720275879
70.5322737118586,158.134475708008,-69.8702392578125,34.7393798828125
70.5489408456478,158.502853393555,-70.1353225708008,34.2384338378906
70.565607979438,158.668106079102,-70.4815979003906,33.843620300293
70.5822751132264,158.596527099609,-70.8502502441406,33.6089782714844
70.5989422470166,158.452117919922,-71.1564025878906,33.3887100219727
70.6156093808058,158.429748535156,-71.3295211791992,32.9541015625
70.6322765145951,158.686721801758,-71.4727630615234,31.9781303405762
70.6489436483844,158.830215454102,-71.4756774902344,30.9225921630859
70.6656107821736,158.728652954102,-71.4278564453125,29.7683067321777
70.6822779159629,158.725723266602,-71.355598449707,28.0914306640625
70.6989450497522,158.446701049805,-71.2624282836914,26.450366973877
70.7156121835424,158.106979370117,-71.1475982666016,24.6572494506836
70.7322793173307,157.688079833984,-71.0488052368164,22.837064743042
70.7489464511209,157.309829711914,-70.9909210205078,20.9060440063477
70.7656135849102,156.882110595703,-70.9545288085938,19.0141258239746
70.7822807186994,156.543365478516,-70.9633712768555,17.073844909668
70.7989478524887,156.03352355957,-71.0228729248047,15.3646402359009
70.815614986278,155.549392700195,-71.0644607543945,13.7422294616699
70.8322821200672,155.063812255859,-71.020263671875,12.3010931015015
70.8489492538565,154.695449829102,-70.8796844482422,10.9943246841431
70.8656163876467,154.534194946289,-70.6961212158203,9.72794818878174
70.882283521436,154.666076660156,-70.4543685913086,8.38542461395264
70.8989506552252,154.998794555664,-70.1218795776367,7.01913022994995
70.9156177890145,154.922576904297,-69.6840286254883,6.14847230911255
70.9322849228038,154.982940673828,-69.3156585693359,5.25058269500732
70.948952056593,156.129486083984,-69.0082321166992,3.51736378669739
70.9656191903823,156.656677246094,-68.7097625732422,2.63469243049622
70.9822863241716,156.376525878906,-68.5396423339844,2.29116606712341
70.9989534579609,156.712142944336,-68.5746459960938,1.52566170692444
71.015620591751,157.038269042969,-68.7661056518555,0.726668953895569
71.0322877255403,157.259368896484,-68.9568023681641,0.074424222111702
71.0489548593296,157.37580871582,-69.22998046875,-0.449400931596756
71.0656219931188,157.061126708984,-69.521125793457,-0.612245976924896
71.0822891269081,155.962005615234,-69.8444061279297,-0.198704034090042
71.0989562606974,154.939819335938,-70.228630065918,0.146544098854065
71.1156233944866,154.073226928711,-70.7058639526367,0.347286194562912
71.1322905282759,153.396820068359,-71.174072265625,0.34977000951767
71.1489576620652,152.848495483398,-71.6199264526367,0.230293333530426
71.1656247958554,152.434844970703,-71.9749374389648,-0.0239075999706984
71.1822919296446,152.357711791992,-72.1992416381836,-0.578826665878296
71.1989590634339,152.692047119141,-72.2816848754883,-1.45412659645081
71.2156261972232,153.400451660156,-72.2210693359375,-2.60258555412292
71.2322933310124,154.38215637207,-72.0149154663086,-3.94657588005066
71.2489604648017,155.529724121094,-71.6858367919922,-5.3888087272644
71.265627598591,156.721908569336,-71.2700653076172,-6.84055280685425
71.2822947323803,157.726364135742,-70.7871627807617,-8.08765029907227
71.2989618661695,158.528396606445,-70.2558059692383,-9.09720611572266
71.3156289999597,159.078048706055,-69.6968688964844,-9.83005714416504
71.332296133749,159.558059692383,-69.1304092407227,-10.4606246948242
71.3489632675382,159.888519287109,-68.5954055786133,-10.9232664108276
71.3656304013275,160.118377685547,-68.1417465209961,-11.2919082641602
71.3822975351168,160.419311523438,-67.7847518920898,-11.711766242981
71.398964668906,160.872970581055,-67.5120315551758,-12.246072769165
71.4156318026953,161.529556274414,-67.300651550293,-12.9224061965942
71.4322989364846,162.204605102539,-67.0996322631836,-13.5629949569702
71.4489660702739,162.589294433594,-66.9280700683594,-13.8845367431641
71.465633204064,162.571701049805,-66.7481231689453,-13.9053363800049
71.4823003378533,162.250366210938,-66.5425796508789,-13.7207632064819
71.4989674716426,161.718902587891,-66.2877731323242,-13.3532943725586
71.5156346054318,160.958129882812,-66.0292892456055,-12.8225383758545
71.5323017392211,160.038452148438,-65.8744201660156,-12.3050222396851
71.5489688730104,159.157745361328,-65.8565444946289,-11.9287748336792
71.5656360067997,158.814498901367,-65.916374206543,-12.1102533340454
71.5823031405889,158.554733276367,-66.0128326416016,-12.2941217422485
71.5989702743782,157.298370361328,-66.0666961669922,-11.9362812042236
71.6156374081684,156.951065063477,-66.1397552490234,-12.569655418396
71.6323045419576,157.571151733398,-66.2733840942383,-13.8723001480103
71.6489716757469,157.135482788086,-66.3051910400391,-14.3788833618164
71.6656388095362,156.237854003906,-66.1503448486328,-14.8870754241943
71.6823059433254,156.470306396484,-65.8111038208008,-16.2568244934082
71.6989730771147,157.110061645508,-65.3121719360352,-17.7854328155518
71.715640210904,157.204498291016,-64.7369232177734,-18.849048614502
71.7323073446933,157.627578735352,-64.156623840332,-20.1658153533936
71.7489744784825,158.379806518555,-63.6679420471191,-21.5863838195801
71.7656416122727,158.832992553711,-63.3399505615234,-22.675573348999
71.782308746062,159.076370239258,-63.1835327148438,-23.5117816925049
71.7989758798512,159.327987670898,-63.1921119689941,-24.2984256744385
71.8156430136405,159.551971435547,-63.3242683410645,-25.0025806427002
71.8323101474298,159.771835327148,-63.5327186584473,-25.6352062225342
71.848977281219,160.000259399414,-63.8016777038574,-26.2556667327881
71.8656444150083,160.241256713867,-64.0790176391602,-26.8662624359131
71.8823115487976,160.159774780273,-64.3429336547852,-27.13205909729
71.8989786825869,159.879653930664,-64.6313095092773,-27.3049201965332
71.915645816377,159.440979003906,-64.9104309082031,-27.3475723266602
71.9323129501663,158.797470092773,-65.1674499511719,-27.2156677246094
71.9489800839556,158.089340209961,-65.3883666992188,-27.0515327453613
71.9656472177448,157.443359375,-65.5823440551758,-26.9324340820312
71.9823143515341,156.777786254883,-65.7569198608398,-26.7924613952637
71.9989814853234,156.051315307617,-65.8874664306641,-26.5918998718262
72.0156486191127,155.531631469727,-65.9769668579102,-26.5397033691406
72.0323157529019,155.411346435547,-66.0096435546875,-26.7949924468994
72.0489828866912,155.474975585938,-65.9531555175781,-27.1342716217041
72.0656500204814,155.288925170898,-65.765007019043,-27.1886920928955
72.0823171542706,154.98844909668,-65.4887161254883,-27.1028499603271
72.0989842880599,154.642166137695,-65.213264465332,-26.9682655334473
72.1156514218492,154.204727172852,-64.9552612304688,-26.7595958709717
72.1323185556384,154.274017333984,-64.7303161621094,-27.0029716491699
72.1489856894277,154.951538085938,-64.4859161376953,-27.5497417449951
72.165652823217,154.259338378906,-64.2590408325195,-26.9655342102051
72.1823199570063,153.620361328125,-64.1821594238281,-26.7578125
72.1989870907955,153.987335205078,-64.3165969848633,-27.1570816040039
72.2156542245857,154.303787231445,-64.611442565918,-27.4846820831299
72.232321358375,154.644607543945,-65.1540603637695,-27.9114189147949
72.2489884921642,155.033294677734,-65.8262481689453,-28.1817092895508
72.2656556259535,154.13459777832,-66.4609832763672,-27.8153381347656
72.2823227597428,153.00553894043,-66.9729614257812,-27.4641723632812
72.2989898935321,152.699447631836,-67.4463729858398,-27.4801254272461
72.3156570273213,153.345169067383,-67.7911071777344,-28.1992683410645
72.3323241611106,153.952789306641,-67.9946670532227,-28.8364639282227
72.3489912948999,154.2734375,-68.0868301391602,-29.3607406616211
72.36565842869,154.731674194336,-68.0439529418945,-29.9605598449707
72.3823255624793,155.53434753418,-67.8695602416992,-30.7467842102051
72.3989926962686,156.417556762695,-67.5588912963867,-31.5366096496582
72.4156598300578,157.309448242188,-67.1175003051758,-32.2862510681152
72.4323269638471,158.150024414062,-66.5779876708984,-32.9084701538086
72.4489940976364,158.903839111328,-65.9723892211914,-33.3975028991699
72.4656612314257,159.541275024414,-65.3447189331055,-33.7331047058105
72.4823283652149,160.033325195312,-64.7041244506836,-33.9202919006348
72.4989954990042,160.40641784668,-64.0672836303711,-33.9700393676758
72.5156626327944,160.715835571289,-63.4705238342285,-33.9280700683594
72.5323297665836,160.953216552734,-62.9439582824707,-33.8316497802734
72.5489969003729,161.162841796875,-62.5011215209961,-33.7432403564453
72.5656640341622,161.304214477539,-62.1597099304199,-33.6422805786133
72.5823311679515,161.394241333008,-61.9358215332031,-33.6051254272461
72.5989983017407,161.708099365234,-61.8228302001953,-33.764331817627
72.61566543553,162.132278442383,-61.8482780456543,-33.9829368591309
72.6323325693193,162.476547241211,-61.9534225463867,-34.1975479125977
72.6489997031085,162.552749633789,-62.1003532409668,-34.2514266967773
72.6656668368987,162.363220214844,-62.2418899536133,-34.129695892334
72.682333970688,161.685165405273,-62.3799819946289,-33.6020202636719
72.6990011044772,160.712387084961,-62.524112701416,-32.976692199707
72.7156682382665,160.367919921875,-62.6553192138672,-32.8429183959961
72.7323353720558,161.134246826172,-62.8148307800293,-33.2644920349121
72.7490025058451,161.010162353516,-63.0717964172363,-32.8738403320312
72.7656696396343,159.961090087891,-63.2417449951172,-32.3961219787598
72.7823367734236,160.333099365234,-63.3307723999023,-32.7409057617188
72.7990039072129,160.851318359375,-63.361083984375,-32.949462890625
72.815671041003,160.49284362793,-63.2865333557129,-32.8831939697266
72.8323381747923,160.363876342773,-63.060733795166,-33.0528526306152
72.8490053085816,161.150268554688,-62.6784820556641,-33.7254867553711
72.8656724423709,161.694763183594,-62.215202331543,-34.1689300537109
72.8823395761601,162.154174804688,-61.7411270141602,-34.642765045166
72.8990067099494,163.014389038086,-61.3798637390137,-35.3666343688965
72.9156738437387,163.603775024414,-61.2063789367676,-35.8603591918945
72.9323409775279,163.786987304688,-61.2129020690918,-36.0518760681152
72.9490081113172,163.957626342773,-61.4102096557617,-36.2797012329102
72.9656752451074,164.238204956055,-61.7285270690918,-36.6278648376465
72.9823423788966,164.399948120117,-62.1442718505859,-36.8632698059082
72.9990095126859,164.493789672852,-62.6396179199219,-37.0963745117188
73.0156766464752,164.655319213867,-63.1692237854004,-37.418140411377
73.0323437802645,164.701278686523,-63.6677055358887,-37.5349960327148
73.0490109140537,164.43049621582,-64.1614074707031,-37.3938140869141
73.065678047843,164.095794677734,-64.6597137451172,-37.241340637207
73.0823451816323,163.678131103516,-65.0957946777344,-36.9971771240234
73.0990123154215,163.165893554688,-65.4956970214844,-36.661247253418
73.1156794492117,162.740966796875,-65.856559753418,-36.388916015625
73.132346583001,162.447158813477,-66.1868209838867,-36.2014198303223
73.1490137167903,162.330657958984,-66.485969543457,-36.122932434082
73.1656808505795,162.345321655273,-66.7551116943359,-36.133731842041
73.1823479843688,162.724838256836,-66.9307556152344,-36.3780937194824
73.1990151181581,163.209121704102,-67.0508422851562,-36.6445236206055
73.2156822519473,163.461990356445,-67.0818939208984,-36.6473770141602
73.2323493857366,163.483383178711,-67.0260391235352,-36.406192779541
73.2490165195259,163.352233886719,-66.9156951904297,-36.017936706543
73.265683653316,162.978775024414,-66.7845001220703,-35.4183349609375
73.2823507871053,162.440307617188,-66.6537475585938,-34.6889457702637
73.2990179208946,162.109161376953,-66.6247024536133,-34.2042770385742
73.3156850546839,162.830032348633,-66.691047668457,-34.6671028137207
73.3323521884731,163.615447998047,-66.8723373413086,-34.8076362609863
73.3490193222624,162.910934448242,-67.1007308959961,-33.9902114868164
73.3656864560517,162.897506713867,-67.3457183837891,-33.7182426452637
73.3823535898409,163.097915649414,-67.6807250976562,-33.6083679199219
73.3990207236302,162.768051147461,-67.9739074707031,-33.1356163024902
73.4156878574204,162.299682617188,-68.3480377197266,-32.6645584106445
73.4323549912096,161.792205810547,-68.7934875488281,-32.1879959106445
73.4490221249989,160.864654541016,-69.3128890991211,-31.4169406890869
73.4656892587882,160.372085571289,-69.8586273193359,-31.0683727264404
73.4823563925775,161.002914428711,-70.4239501953125,-31.6817951202393
73.4990235263667,162.035232543945,-70.9523391723633,-32.6094055175781
73.515690660156,163.064834594727,-71.3408355712891,-33.5738868713379
73.5323577939453,164.299270629883,-71.5414276123047,-34.6547203063965
73.5490249277345,165.6015625,-71.5523529052734,-35.7797203063965
73.5656920615247,166.813705444336,-71.3723220825195,-36.8014907836914
73.582359195314,167.973739624023,-71.0252380371094,-37.7049446105957
73.5990263291033,168.961212158203,-70.565299987793,-38.4047813415527
73.6156934628925,169.73014831543,-70.022331237793,-38.8628120422363
73.6323605966818,170.235916137695,-69.4084091186523,-39.0205307006836
73.6490277304711,170.369888305664,-68.7682876586914,-38.7920951843262
73.6656948642603,170.27961730957,-68.1141815185547,-38.3236198425293
73.6823619980496,170.151580810547,-67.4792633056641,-37.7772445678711
73.6990291318389,170.000030517578,-66.8864974975586,-37.1959915161133
73.715696265629,169.871398925781,-66.3451385498047,-36.6488609313965
73.7323633994183,169.776931762695,-65.8503494262695,-36.1624221801758
73.7490305332076,169.775695800781,-65.4355163574219,-35.7990417480469
73.7656976669969,170.098480224609,-65.0982437133789,-35.763484954834
73.7823648007861,170.525985717773,-64.8508071899414,-35.8143997192383
73.7990319345754,170.931198120117,-64.6597671508789,-35.8903617858887
73.8156990683647,171.134536743164,-64.5198440551758,-35.8127365112305
73.8323662021548,170.954330444336,-64.4027938842773,-35.4159088134766
73.8490333359432,170.474380493164,-64.2519989013672,-34.8147125244141
73.8657004697334,169.761383056641,-64.1114883422852,-34.0421180725098
73.8823676035227,169.131576538086,-64.0427856445312,-33.4120750427246
73.8990347373119,168.900848388672,-64.0677490234375,-33.1034736633301
73.9157018711012,168.680084228516,-64.2103424072266,-32.749584197998
73.9323690048905,168.193222045898,-64.3461074829102,-32.2271919250488
73.9490361386797,167.537017822266,-64.5303268432617,-31.5831298828125
73.965703272469,166.754791259766,-64.7132720947266,-30.9237766265869
73.9823704062592,166.328399658203,-64.8780517578125,-30.6114940643311
73.9990375400475,166.42333984375,-64.9599914550781,-30.7787494659424
74.0157046738377,166.649566650391,-64.9285736083984,-31.01877784729
74.032371807627,166.369140625,-64.8066177368164,-30.796817779541
74.0490389414163,166.048248291016,-64.6747283935547,-30.6008567810059
74.0657060752055,165.882949829102,-64.5886154174805,-30.5694065093994
74.0823732089948,165.761688232422,-64.5473175048828,-30.5967960357666
74.0990403427841,165.496353149414,-64.5388946533203,-30.491060256958
74.1157074765733,165.245849609375,-64.5516815185547,-30.3970508575439
74.1323746103635,165.107498168945,-64.6584014892578,-30.4085597991943
74.1490417441519,165.048202514648,-64.8649215698242,-30.458833694458
74.1657088779421,165.171768188477,-65.1792221069336,-30.6919651031494
74.1823760117313,165.433242797852,-65.5297927856445,-31.0114898681641
74.1990431455206,165.693908691406,-65.8488998413086,-31.2684154510498
74.2157102793099,165.945739746094,-66.1546325683594,-31.5428524017334
74.2323774130991,166.193313598633,-66.4299468994141,-31.8312492370605
74.2490445468884,166.182083129883,-66.6849594116211,-31.9039535522461
74.2657116806777,165.911651611328,-66.9129028320312,-31.7637672424316
74.2823788144678,165.459381103516,-67.1347885131836,-31.4793109893799
74.2990459482562,165.019683837891,-67.349739074707,-31.2108535766602
74.3157130820464,164.637588500977,-67.5673828125,-30.9969825744629
74.3323802158357,164.312057495117,-67.7949523925781,-30.8750743865967
74.3490473496249,163.965927124023,-67.9886627197266,-30.6967964172363
74.3657144834142,163.828094482422,-68.1490936279297,-30.7381744384766
74.3823816172035,163.921127319336,-68.2636566162109,-30.9799289703369
74.3990487509927,163.90510559082,-68.3143920898438,-31.0908374786377
74.415715884782,163.624786376953,-68.295295715332,-30.9465389251709
74.4323830185722,163.2763671875,-68.2798767089844,-30.7476100921631
74.4490501523605,162.687942504883,-68.2978820800781,-30.329418182373
74.4657172861507,161.979385375977,-68.3931121826172,-29.8202991485596
74.48238441994,161.593872070312,-68.5962905883789,-29.6071109771729
74.4990515537293,162.010116577148,-68.9222412109375,-30.0907878875732
74.5157186875185,162.259246826172,-69.3099136352539,-30.2911205291748
74.5323858213078,161.661987304688,-69.5192337036133,-29.7626934051514
74.5490529550971,161.818588256836,-69.6605758666992,-29.850830078125
74.5657200888863,161.960418701172,-69.8434295654297,-29.9658870697021
74.5823872226765,161.301742553711,-70.0441513061523,-29.4243793487549
74.5990543564649,160.519226074219,-70.3740615844727,-28.8421039581299
74.6157214902551,160.003555297852,-70.8546981811523,-28.4823665618896
74.6323886240443,158.933227539062,-71.5172271728516,-27.6819305419922
74.6490557578336,158.764205932617,-72.186279296875,-27.7040767669678
74.6657228916229,160.058410644531,-72.9579162597656,-28.8721771240234
74.6823900254121,161.826431274414,-73.7017364501953,-30.4431705474854
74.6990571592014,163.809371948242,-74.2840957641602,-32.2413024902344
74.7157242929907,166.084579467773,-74.7077941894531,-34.2745094299316
74.7323914267809,168.343200683594,-74.9435272216797,-36.2954711914062
74.7490585605692,170.513290405273,-74.9711532592773,-38.2352256774902
74.7657256943594,172.676666259766,-74.8203277587891,-40.1236991882324
74.7823928281487,174.59992980957,-74.5067520141602,-41.7190933227539
74.7990599619379,176.224853515625,-74.0547409057617,-42.9520721435547
74.8157270957272,177.524978637695,-73.5134735107422,-43.7886390686035
74.8323942295165,178.570465087891,-72.9226303100586,-44.3245964050293
74.8490613633057,179.246444702148,-72.3519592285156,-44.4454765319824
74.865728497095,179.689407348633,-71.8224411010742,-44.3524742126465
74.8823956308852,179.949752807617,-71.3268814086914,-44.1068077087402
74.8990627646735,-179.812072753906,-70.8577575683594,-43.8672180175781
74.9157298984637,-179.633117675781,-70.4268569946289,-43.5882339477539
74.932397032253,-179.513671875,-70.0435256958008,-43.288402557373
74.9490641660423,-179.533889770508,-69.72998046875,-42.9036102294922
74.9657312998315,-179.615631103516,-69.4454650878906,-42.5854187011719
74.9823984336208,179.89192199707,-69.25146484375,-41.9626808166504
74.9990655674101,178.949462890625,-69.1025543212891,-41.0427055358887
75.0157327011993,177.753479003906,-68.9658355712891,-39.9300804138184
75.0323998349895,176.258605957031,-68.809700012207,-38.6118469238281
75.0490669687779,174.701843261719,-68.6390991210938,-37.317512512207
75.0657341025681,173.381286621094,-68.5087585449219,-36.2620544433594
75.0824012363573,172.686492919922,-68.4784927368164,-35.7986259460449
75.0990683701466,172.720489501953,-68.567268371582,-35.9604415893555
75.1157355039359,172.232238769531,-68.8455352783203,-35.5471725463867
75.1324026377251,171.154693603516,-68.9733657836914,-34.72021484375
75.1490697715144,171.119522094727,-68.9543228149414,-34.7510261535645
75.1657369053037,170.135375976562,-68.9091796875,-33.9973449707031
75.1824040390939,168.604522705078,-68.5464782714844,-32.8099212646484
75.1990711728822,168.198181152344,-67.9858016967773,-32.6118049621582
75.2157383066724,168.095169067383,-67.2834930419922,-32.6060256958008
75.2324054404617,167.615600585938,-66.6412048339844,-32.2087516784668
75.2490725742509,167.415664672852,-66.0803298950195,-32.0448799133301
75.2657397080402,167.778747558594,-65.6476516723633,-32.3689804077148
75.2824068418295,167.978378295898,-65.4059448242188,-32.5109596252441
75.2990739756187,168.075836181641,-65.3395080566406,-32.5627098083496
75.315741109408,168.289794921875,-65.4683990478516,-32.7453193664551
75.3324082431982,168.547653198242,-65.7871246337891,-33.0228843688965
75.3490753769865,168.778656005859,-66.2567901611328,-33.3136329650879
75.3657425107767,169.189407348633,-66.7716369628906,-33.8014450073242
75.382409644566,169.283920288086,-67.281120300293,-33.9321632385254
75.3990767783553,169.433151245117,-67.7694625854492,-34.2304267883301
75.4157439121445,169.566162109375,-68.1879272460938,-34.5315055847168
75.4324110459338,169.469421386719,-68.5615234375,-34.6552429199219
75.4490781797231,169.200546264648,-68.8669281005859,-34.6431312561035
75.4657453135123,168.850112915039,-69.1204223632812,-34.5691871643066
75.4824124473025,168.447326660156,-69.3537139892578,-34.4335594177246
75.4990795810909,168.118118286133,-69.5811080932617,-34.3610000610352
75.5157467148811,167.896301269531,-69.8011016845703,-34.3814697265625
75.5324138486703,167.591644287109,-69.9592056274414,-34.2286720275879
75.5490809824596,167.745315551758,-70.1140213012695,-34.5207328796387
75.5657481162489,168.187698364258,-70.2504119873047,-35.0437889099121
75.5824152500381,168.438415527344,-70.3464050292969,-35.3669319152832
75.5990823838274,168.505065917969,-70.3969268798828,-35.5204467773438
75.6157495176167,168.591766357422,-70.404426574707,-35.6976547241211
75.6324166514069,168.537704467773,-70.374626159668,-35.7409934997559
75.6490837851952,168.52751159668,-70.3997192382812,-35.7966613769531
75.6657509189854,169.241790771484,-70.4878692626953,-36.5717849731445
75.6824180527747,170.189971923828,-70.7633972167969,-37.4462089538574
75.6990851865639,169.491592407227,-71.1704788208008,-36.870189666748
75.7157523203532,169.317504882812,-71.5432434082031,-36.6263961791992
75.7324194541425,169.772445678711,-71.9333114624023,-37.0370254516602
75.7490865879317,169.872924804688,-72.2574310302734,-37.186954498291
75.765753721721,169.941467285156,-72.620475769043,-37.3687362670898
75.7824208555112,170.022171020508,-73.0213775634766,-37.6268424987793
75.7990879892996,169.089294433594,-73.5570983886719,-37.0119094848633
75.8157551230897,168.345336914062,-74.0811996459961,-36.5821266174316
75.832422256879,169.073196411133,-74.667236328125,-37.4407997131348
75.8490893906683,170.594024658203,-75.3061141967773,-39.0566825866699
75.8657565244575,172.320861816406,-75.9142608642578,-40.859790802002
75.8824236582468,174.375778198242,-76.3474884033203,-42.9067535400391
75.8990907920361,176.447280883789,-76.5814361572266,-44.9115829467773
75.9157579258253,178.561447143555,-76.6313934326172,-46.9468231201172
75.9324250596155,-179.485397338867,-76.4901428222656,-48.7930946350098
75.9490921934039,-177.91227722168,-76.1605682373047,-50.2607383728027
75.9657593271941,-176.7587890625,-75.6711730957031,-51.2955322265625
75.9824264609833,-176.116287231445,-75.0705108642578,-51.7881202697754
75.9990935947726,-175.787841796875,-74.4194030761719,-51.946231842041
76.0157607285619,-175.715423583984,-73.7402648925781,-51.8098678588867
76.0324278623511,-175.661392211914,-73.0607070922852,-51.6167488098145
76.0490949961404,-175.68424987793,-72.4252624511719,-51.3129577636719
76.0657621299297,-175.560150146484,-71.8411636352539,-51.1343955993652
76.0824292637199,-175.265548706055,-71.3099822998047,-51.1025543212891
76.0990963975082,-174.914993286133,-70.8654327392578,-51.138298034668
76.1157635312984,-174.466674804688,-70.4977722167969,-51.2906684875488
76.1324306650877,-173.857406616211,-70.1924667358398,-51.587963104248
76.1490977988769,-173.261184692383,-69.938102722168,-51.9106254577637
76.1657649326662,-172.77555847168,-69.7416687011719,-52.1403045654297
76.1824320664555,-172.374389648438,-69.6155700683594,-52.3415908813477
76.1990992002447,-172.110382080078,-69.5767135620117,-52.4342384338379
76.215766334034,-172.109741210938,-69.5894012451172,-52.2836380004883
76.2324334678242,-172.117126464844,-69.6046447753906,-52.1472358703613
76.2491006016126,-171.733413696289,-69.6649780273438,-52.4371223449707
76.2657677354027,-170.356811523438,-69.7173843383789,-53.6311111450195
76.282434869192,-168.758666992188,-69.9759292602539,-54.9912910461426
76.2991020029813,-167.845565795898,-70.3497314453125,-55.7653465270996
76.3157691367705,-166.376602172852,-70.5980834960938,-57.0832443237305
76.3324362705598,-165.539840698242,-70.916130065918,-57.90625
76.3491034043491,-165.327651977539,-71.1409530639648,-58.22900390625
76.3657705381383,-165.122833251953,-71.1558151245117,-58.594539642334
76.3824376719285,-164.406860351562,-70.9181518554688,-59.4460945129395
76.3991048057169,-163.328857421875,-70.474739074707,-60.5394515991211
76.4157719395071,-161.96028137207,-69.9589462280273,-61.8098602294922
76.4324390732963,-160.316772460938,-69.4276733398438,-63.3164901733398
76.4491062070856,-158.295013427734,-68.8835983276367,-65.2267379760742
76.4657733408749,-156.236419677734,-68.4633407592773,-67.1588973999023
76.4824404746641,-154.157180786133,-68.1235046386719,-69.0928726196289
76.4991076084534,-151.885101318359,-67.8432998657227,-71.1826171875
76.5157747422427,-149.428863525391,-67.6132354736328,-73.4205169677734
76.5324418760329,-146.84211730957,-67.4619216918945,-75.7505111694336
76.5491090098212,-144.159606933594,-67.3428726196289,-78.2074737548828
76.5657761436114,-141.697875976562,-67.2824249267578,-80.4412612915039
76.5824432774007,-139.607360839844,-67.3017120361328,-82.3400115966797
76.5991104111899,-137.791641235352,-67.3046875,-84.0307846069336
76.6157775449792,-136.212692260742,-67.3168487548828,-85.5313339233398
76.6324446787685,-134.806396484375,-67.3671569824219,-86.936149597168
76.6491118125577,-133.5244140625,-67.4918899536133,-88.2552490234375
76.665778946347,-132.330825805664,-67.5749816894531,-89.5341262817383
76.6824460801372,-131.270294189453,-67.5923004150391,-90.6871185302734
76.6991132139256,-130.338165283203,-67.5384979248047,-91.7480621337891
76.7157803477157,-129.708633422852,-67.5355453491211,-92.5175704956055
76.732447481505,-129.330078125,-67.4314727783203,-93.0437088012695
76.7491146152943,-129.063125610352,-67.1772994995117,-93.4474258422852
76.7657817490835,-128.91813659668,-66.8647689819336,-93.704704284668
76.7824488828728,-128.824096679688,-66.53076171875,-93.8108062744141
76.7991160166621,-128.677581787109,-66.1222839355469,-93.8420333862305
76.8157831504514,-128.489028930664,-65.702751159668,-93.8320846557617
76.8324502842415,-128.271102905273,-65.3606185913086,-93.7844390869141
76.8491174180299,-127.945335388184,-65.0652618408203,-93.8083801269531
76.8657845518201,-127.507377624512,-64.633544921875,-93.9393310546875
76.8824516856093,-126.751594543457,-64.0815200805664,-94.3700714111328
76.8991188193986,-126.857116699219,-64.2688751220703,-93.9259643554688
76.9157859531879,-126.785194396973,-63.7944602966309,-93.6150436401367
76.9324530869771,-127.081642150879,-63.500659942627,-93.1013107299805
76.9491202207664,-127.583999633789,-63.3345413208008,-92.3283920288086
76.9657873545557,-128.076049804688,-63.2952690124512,-91.6252746582031
76.9824544883459,-128.345123291016,-63.3436393737793,-91.2358779907227
76.9991216221342,-128.396011352539,-63.5498924255371,-91.0793228149414
77.0157887559244,-127.932014465332,-63.6419219970703,-91.3823471069336
77.0324558897137,-127.069046020508,-63.5652847290039,-92.0725555419922
77.0491230235029,-125.937774658203,-63.4798316955566,-92.99560546875
77.0657901572922,-124.679328918457,-63.3469505310059,-93.9732055664062
77.0824572910815,-123.463623046875,-63.1086692810059,-94.8620910644531
77.0991244248708,-122.553825378418,-62.8434028625488,-95.3948440551758
77.11579155866,-122.022926330566,-62.6332321166992,-95.4943237304688
77.1324586924502,-121.885627746582,-62.463680267334,-95.2073211669922
77.1491258262386,-122.129959106445,-62.3491516113281,-94.5373916625977
77.1657929600287,-122.637329101562,-62.2539367675781,-93.5973587036133
77.182460093818,-123.288970947266,-62.1256675720215,-92.5063323974609
77.1991272276073,-124.028831481934,-61.9775009155273,-91.3279113769531
77.2157943613965,-124.824333190918,-61.8522491455078,-90.1061248779297
77.2324614951858,-125.673927307129,-61.7675590515137,-88.8466567993164
77.2491286289751,-126.500297546387,-61.6805038452148,-87.6596221923828
77.2657957627644,-127.245330810547,-61.5840721130371,-86.5792922973633
77.2824628965545,-127.848602294922,-61.5195693969727,-85.6684646606445
77.2991300303429,-128.306533813477,-61.4699287414551,-84.9464874267578
77.3157971641331,-128.629043579102,-61.4487953186035,-84.4605178833008
77.3324642979223,-128.926956176758,-61.5920867919922,-84.0740127563477
77.3491314317116,-129.185241699219,-61.7360458374023,-83.827507019043
77.3657985655009,-129.548828125,-61.911075592041,-83.5613479614258
77.3824656992902,-129.987289428711,-62.0448112487793,-83.2775421142578
77.3991328330794,-130.524322509766,-62.1346015930176,-82.929084777832
77.4157999668687,-131.178192138672,-62.1822280883789,-82.4863891601562
77.4324671006589,-131.74055480957,-62.1484527587891,-82.0945129394531
77.4491342344472,-132.064254760742,-61.9314994812012,-81.896240234375
77.4658013682374,-132.043655395508,-61.6195220947266,-82.0450744628906
77.4824685020267,-132.288223266602,-61.6833915710449,-81.9528961181641
77.4991356358159,-132.415222167969,-61.5074729919434,-81.9803009033203
77.5158027696052,-132.670196533203,-61.4135513305664,-82.0501708984375
77.5324699033945,-133.186630249023,-61.5319175720215,-81.8210601806641
77.5491370371838,-133.931365966797,-61.5682754516602,-81.2842483520508
77.565804170973,-134.304962158203,-61.0434226989746,-80.9811706542969
77.5824713047632,-135.071212768555,-60.6955337524414,-80.262825012207
77.5991384385516,-135.600860595703,-60.2885856628418,-79.677490234375
77.6158055723417,-135.733139038086,-59.791748046875,-79.531852722168
77.632472706131,-135.622512817383,-59.5243606567383,-79.6088104248047
77.6491398399203,-135.171112060547,-59.3608818054199,-80.0355606079102
77.6658069737096,-134.564376831055,-59.286262512207,-80.6735305786133
77.6824741074988,-133.880065917969,-59.3426780700684,-81.422981262207
77.6991412412881,-133.148345947266,-59.5177841186523,-82.2594757080078
77.7158083750774,-132.387069702148,-59.791130065918,-83.1496047973633
77.7324755088675,-131.705108642578,-60.1314430236816,-83.9836502075195
77.7491426426559,-131.092086791992,-60.4758262634277,-84.7671051025391
77.7658097764461,-130.604187011719,-60.8115577697754,-85.5068969726562
77.7824769102353,-130.464202880859,-61.2336845397949,-85.8877258300781
77.7991440440246,-130.427520751953,-61.6034240722656,-86.2640075683594
77.8158111778139,-130.481216430664,-61.8831520080566,-86.6012954711914
77.8324783116032,-130.570220947266,-62.1422233581543,-86.8979568481445
77.8491454453924,-130.609619140625,-62.4592170715332,-87.1330642700195
77.8658125791817,-130.492263793945,-62.7055854797363,-87.4602508544922
77.8824797129719,-130.754760742188,-62.9561500549316,-87.442268371582
77.8991468467602,-131.358123779297,-63.2507476806641,-87.0305557250977
77.9158139805504,-132.014801025391,-63.4564208984375,-86.5635986328125
77.9324811143397,-132.576736450195,-63.482250213623,-86.1263580322266
77.9491482481289,-132.883483886719,-63.4021263122559,-85.8614196777344
77.9658153819182,-133.20491027832,-63.4330177307129,-85.5140380859375
77.9824825157075,-133.761337280273,-63.531005859375,-84.936149597168
77.9991496494968,-134.457504272461,-63.7836112976074,-84.2916870117188
78.015816783286,-134.797225952148,-63.8488273620605,-84.0709609985352
78.0324839170762,-135.027770996094,-64.3176498413086,-83.975830078125
78.0491510508646,-135.625244140625,-64.7902679443359,-83.4603042602539
78.0658181846547,-135.292938232422,-65.1318740844727,-83.8874130249023
78.082485318444,-135.688903808594,-65.759765625,-83.560661315918
78.0991524522333,-135.815979003906,-66.3120880126953,-83.4832382202148
78.1158195860226,-135.921524047852,-66.8154983520508,-83.5048065185547
78.1324867198118,-136.219497680664,-67.3657379150391,-83.3610153198242
78.1491538536011,-136.235610961914,-67.8249969482422,-83.508918762207
78.1658209873904,-136.496673583984,-68.4507217407227,-83.4695129394531
78.1824881211805,-136.335800170898,-68.9019088745117,-83.8869247436523
78.1991552549689,-136.198303222656,-69.2206878662109,-84.3059539794922
78.2158223887591,-135.854522705078,-69.3921508789062,-84.9018630981445
78.2324895225483,-135.407211303711,-69.5000610351562,-85.6419296264648
78.2491566563376,-134.946014404297,-69.5534210205078,-86.3947372436523
78.2658237901269,-134.465225219727,-69.4757461547852,-87.1104278564453
78.2824909239162,-133.988571166992,-69.3165435791016,-87.7136917114258
78.2991580577054,-133.603225708008,-69.1060028076172,-88.1050415039062
78.3158251914947,-133.356781005859,-68.8453826904297,-88.2876281738281
78.3324923252849,-133.481323242188,-68.592903137207,-88.0658645629883
78.3491594590732,-134.049880981445,-68.3809967041016,-87.385368347168
78.3658265928634,-134.990676879883,-68.1828308105469,-86.327766418457
78.3824937266527,-136.178558349609,-67.9824829101562,-84.9974060058594
78.399160860442,-137.333312988281,-67.7412796020508,-83.6708831787109
78.4158279942312,-138.554794311523,-67.5353240966797,-82.2785873413086
78.4324951280205,-139.704971313477,-67.3357467651367,-80.9493408203125
78.4491622618098,-140.693023681641,-67.0925979614258,-79.7792129516602
78.465829395599,-141.624465942383,-66.835563659668,-78.6434020996094
78.4824965293892,-142.49641418457,-66.5340881347656,-77.5461196899414
78.4991636631776,-143.322509765625,-66.2296142578125,-76.4979400634766
78.5158307969677,-144.206069946289,-65.9665451049805,-75.4141006469727
78.532497930757,-145.265640258789,-65.8473205566406,-74.2111968994141
78.5491650645463,-146.581802368164,-65.8206176757812,-72.8154067993164
78.5658321983356,-147.840423583984,-65.7780838012695,-71.5255508422852
78.5824993321248,-149.237411499023,-65.838508605957,-70.1408081054688
78.5991664659141,-150.941818237305,-66.0420455932617,-68.4915542602539
78.6158335997034,-152.665161132812,-66.3195266723633,-66.9162673950195
78.6325007334935,-154.212844848633,-66.6479034423828,-65.6762771606445
78.6491678672819,-155.815307617188,-67.2228088378906,-64.4471130371094
78.6658350010721,-158.072128295898,-67.9032516479492,-62.5863227844238
78.6825021348614,-159.642852783203,-68.4434280395508,-61.3005256652832
78.6991692686506,-161.55647277832,-68.9379730224609,-59.5840492248535
78.7158364024399,-163.242050170898,-69.1973648071289,-58.0073165893555
78.7325035362292,-164.067443847656,-69.1535034179688,-57.183048248291
78.7491706700184,-164.897399902344,-68.9122085571289,-56.2856063842773
78.7658378038077,-165.781051635742,-68.5553436279297,-55.2356262207031
78.7825049375979,-166.721252441406,-68.1722640991211,-54.1085739135742
78.7991720713871,-167.382141113281,-67.8076477050781,-53.250545501709
78.8158392051764,-167.718658447266,-67.5042266845703,-52.7320899963379
78.8325063389657,-167.880767822266,-67.3344345092773,-52.399040222168
78.849173472755,-167.953201293945,-67.2902984619141,-52.1433181762695
78.8658406065442,-167.791030883789,-67.3480682373047,-52.1164627075195
78.8825077403335,-167.523284912109,-67.5189361572266,-52.2344131469727
78.8991748741228,-167.249282836914,-67.7962493896484,-52.3521728515625
78.915842007912,-166.851379394531,-68.1646881103516,-52.6670036315918
78.9325091417022,-166.609710693359,-68.5519256591797,-52.8200416564941
78.9491762754915,-166.843688964844,-68.9695663452148,-52.4815673828125
78.9658434092808,-167.020004272461,-69.354248046875,-52.3115196228027
78.98251054307,-167.244491577148,-69.7224960327148,-52.1535224914551
78.9991776768593,-167.683517456055,-70.0879974365234,-51.8327445983887
79.0158448106486,-168.293197631836,-70.4527816772461,-51.437614440918
79.0325119444378,-169.018341064453,-70.8170318603516,-51.0110397338867
79.0491790782271,-169.783828735352,-71.1880416870117,-50.6046485900879
79.0658462120164,-170.600830078125,-71.5630187988281,-50.1945114135742
79.0825133458065,-171.475631713867,-71.8835678100586,-49.766544342041
79.0991804795958,-172.364822387695,-72.1216278076172,-49.3553352355957
79.1158476133851,-173.263854980469,-72.2033538818359,-48.8853034973145
79.1325147471744,-174.112854003906,-72.1792907714844,-48.4505157470703
79.1491818809636,-175.107208251953,-72.0583190917969,-47.8669509887695
79.1658490147529,-176.113708496094,-71.8479309082031,-47.2726860046387
79.1825161485422,-177.248611450195,-71.6131134033203,-46.5849914550781
79.1991832823314,-178.662673950195,-71.3505020141602,-45.6599273681641
79.2158504161207,-179.880554199219,-71.0462188720703,-44.8956718444824
79.2325175499109,179.547317504883,-70.744270324707,-44.7097663879395
79.2491846837002,-179.550842285156,-70.4295654296875,-45.9335556030273
79.2658518174894,-178.606903076172,-70.4015350341797,-46.9525680541992
79.2825189512787,-179.570541381836,-70.3000183105469,-46.2722053527832
79.299186085068,-179.073547363281,-70.0796279907227,-46.8797187805176
79.3158532188572,-179.49853515625,-69.9059448242188,-46.6459999084473
79.3325203526465,179.282730102539,-69.765495300293,-45.8091659545898
79.3491874864358,178.230987548828,-69.8795471191406,-45.1501045227051
79.365854620225,177.379470825195,-70.1955032348633,-44.7396392822266
79.3825217540152,176.193115234375,-70.7121124267578,-44.0633239746094
79.3991888878045,175.453842163086,-71.2129440307617,-43.7648544311523
79.4158560215938,175.670013427734,-71.7332992553711,-44.3336868286133
79.432523155383,176.359100341797,-72.2085723876953,-45.2907676696777
79.4491902891723,177.346481323242,-72.6100997924805,-46.482105255127
79.4658574229616,178.448776245117,-72.8652648925781,-47.7087020874023
79.4825245567508,179.243041992188,-72.95458984375,-48.641487121582
79.4991916905401,179.434829711914,-72.8767547607422,-49.0741004943848
79.5158588243294,179.353713989258,-72.6113967895508,-49.2646675109863
79.5325259581195,179.310272216797,-72.1478958129883,-49.4313278198242
79.5491930919088,179.069717407227,-71.5681762695312,-49.3382110595703
79.5658602256981,178.634521484375,-70.929801940918,-49.0121116638184
79.5825273594874,178.113571166992,-70.3009490966797,-48.5701332092285
79.5991944932766,177.438217163086,-69.6987686157227,-47.9397239685059
79.6158616270659,176.838516235352,-69.1013259887695,-47.3005638122559
79.6325287608552,176.41975402832,-68.5543975830078,-46.7468070983887
79.6491958946444,176.069625854492,-68.0681533813477,-46.1978874206543
79.6658630284337,175.920928955078,-67.5770111083984,-45.7584190368652
79.6825301622239,175.884353637695,-67.1150360107422,-45.2997283935547
79.6991972960132,175.756698608398,-66.7108840942383,-44.6869010925293
79.7158644298024,175.702728271484,-66.3622512817383,-44.1164855957031
79.7325315635917,175.824203491211,-66.0909194946289,-43.681640625
79.749198697381,175.771530151367,-65.9741744995117,-43.106876373291
79.7658658311702,175.384963989258,-65.9821929931641,-42.3002243041992
79.7825329649595,174.717163085938,-66.0305709838867,-41.3516006469727
79.7992000987488,173.919799804688,-66.0542373657227,-40.3734931945801
79.815867232538,173.042022705078,-66.1007766723633,-39.4614715576172
79.8325343663282,172.362686157227,-66.1703567504883,-38.8537139892578
79.8492015001175,172.673446655273,-66.2316284179688,-39.1340751647949
79.8658686339068,172.32682800293,-66.5902709960938,-38.7695083618164
79.882535767696,171.207427978516,-66.7856597900391,-37.9283142089844
79.8992029014853,171.721389770508,-66.8876800537109,-38.3934211730957
79.9158700352746,171.952346801758,-67.0203247070312,-38.5622024536133
79.9325371690638,171.046875,-67.0155639648438,-37.7899589538574
79.9492043028531,170.5,-66.6884307861328,-37.335277557373
79.9658714366424,171.100799560547,-66.1037216186523,-37.6340179443359
79.9825385704326,171.38151550293,-65.4991912841797,-37.5797119140625
79.9992057042218,172.003814697266,-64.9433059692383,-37.7645683288574
80.0158728380111,172.959243774414,-64.6465606689453,-38.2225646972656
80.0325399718004,173.469970703125,-64.5925369262695,-38.2508850097656
80.0492071055896,173.919296264648,-64.7324447631836,-38.2257194519043
80.0658742393789,174.307846069336,-65.0113296508789,-38.1397857666016
80.0825413731682,174.552032470703,-65.4040832519531,-37.9392204284668
80.0992085069574,174.674438476562,-65.8670196533203,-37.662956237793
80.1158756407467,174.830673217773,-66.3904647827148,-37.5234718322754
80.1325427745369,174.548812866211,-66.8907928466797,-36.8551597595215
80.1492099083262,173.93571472168,-67.4707794189453,-35.9807624816895
80.1658770421154,173.352447509766,-68.0428237915039,-35.2419052124023
80.1825441759047,172.50065612793,-68.6022186279297,-34.3117370605469
80.199211309694,171.433822631836,-69.1587371826172,-33.2561225891113
80.2158784434832,170.38948059082,-69.6994552612305,-32.315990447998
80.2325455772725,169.373443603516,-70.2121658325195,-31.4465427398682
80.2492127110618,168.66552734375,-70.715461730957,-30.9198131561279
80.265879844851,168.11360168457,-71.1549835205078,-30.496545791626
80.2825469786412,167.766098022461,-71.5004119873047,-30.2805061340332
80.2992141124305,167.866226196289,-71.6952896118164,-30.5001354217529
80.3158812462198,167.921157836914,-71.7733154296875,-30.6806678771973
80.332548380009,167.520706176758,-71.7336502075195,-30.4576644897461
80.3492155137983,167.124450683594,-71.562629699707,-30.2039432525635
80.3658826475876,166.383071899414,-71.3529663085938,-29.636833190918
80.3825497813768,165.423065185547,-71.1109466552734,-28.9260330200195
80.3992169151661,164.7890625,-70.8243179321289,-28.4067134857178
80.4158840489554,165.087249755859,-70.5692825317383,-28.7156753540039
80.4325511827456,166.252456665039,-70.4928665161133,-29.7157154083252
80.4492183165348,165.780044555664,-70.6027069091797,-29.0962162017822
80.4658854503241,166.085525512695,-70.6418762207031,-29.2410774230957
80.4825525841134,167.140899658203,-70.7836151123047,-29.9800052642822
80.4992197179026,167.383773803711,-70.9037780761719,-30.0888690948486
80.5158868516919,167.540618896484,-71.0645370483398,-30.1297607421875
80.5325539854812,166.952529907227,-71.3563537597656,-29.5604820251465
80.5492211192704,165.616989135742,-71.8364868164062,-28.4647827148438
80.5658882530597,164.395690917969,-72.4397735595703,-27.473295211792
80.5825553868499,164.207244873047,-73.1192321777344,-27.4184703826904
80.5992225206392,164.738906860352,-73.7985153198242,-28.0439586639404
80.6158896544284,165.665786743164,-74.3852005004883,-29.047924041748
80.6325567882177,166.856353759766,-74.8057327270508,-30.2930889129639
80.649223922007,168.139251708984,-75.0149154663086,-31.6283836364746
80.6658910557962,169.384521484375,-74.9949569702148,-32.9373321533203
80.6825581895855,170.606414794922,-74.7350006103516,-34.1935615539551
80.6992253233748,171.708587646484,-74.2489318847656,-35.2872886657715
80.715892457164,172.58268737793,-73.5692901611328,-36.0898056030273
80.7325595909542,173.237594604492,-72.7824172973633,-36.6127777099609
80.7492267247435,173.643692016602,-71.9636764526367,-36.8435096740723
80.7658938585328,173.900360107422,-71.1740417480469,-36.8810348510742
80.782560992322,174.138137817383,-70.4367828369141,-36.8426170349121
80.7992281261113,174.49787902832,-69.7493057250977,-36.8549919128418
80.8158952599006,174.987884521484,-69.1039733886719,-36.9466247558594
80.8325623936898,175.640716552734,-68.4953994750977,-37.1701316833496
80.8492295274791,176.444625854492,-67.927734375,-37.5050163269043
80.8658966612684,177.233917236328,-67.4634857177734,-37.7707748413086
80.8825637950586,178.165176391602,-67.0904388427734,-38.214973449707
80.8992309288478,179.002487182617,-66.8209686279297,-38.5717849731445
80.9158980626371,179.559280395508,-66.6829986572266,-38.7689971923828
80.9325651964264,179.650909423828,-66.6691665649414,-38.6540756225586
80.9492323302156,179.428771972656,-66.7256469726562,-38.3314056396484
80.9658994640049,178.87434387207,-66.8175888061523,-37.7669944763184
80.9825665977942,178.055313110352,-66.9876937866211,-37.0725402832031
80.9992337315834,177.491012573242,-67.2100296020508,-36.7313919067383
81.0159008653727,177.765075683594,-67.4180603027344,-37.2524337768555
81.0325679991629,177.890182495117,-67.7922134399414,-37.5692443847656
81.0492351329522,177.217529296875,-68.1797180175781,-37.2594261169434
81.0659022667414,177.434478759766,-68.4529800415039,-37.766040802002
81.0825694005307,177.511535644531,-68.7154693603516,-38.2079010009766
81.09923653432,177.262939453125,-68.7909469604492,-38.4178047180176
81.1159036681092,177.584945678711,-68.5995864868164,-39.0846939086914
81.1325708018985,178.104202270508,-68.1446380615234,-39.7866401672363
81.1492379356878,178.532516479492,-67.5653686523438,-40.3359909057617
81.165905069477,179.093811035156,-66.9769744873047,-40.9571189880371
81.1825722032672,179.895568847656,-66.497932434082,-41.7705154418945
81.1992393370565,-179.576278686523,-66.2417449951172,-42.3343276977539
81.2159064708458,-179.341751098633,-66.1715087890625,-42.6073722839355
81.232573604635,-179.008453369141,-66.2600708007812,-43.0096817016602
81.2492407384243,-178.63932800293,-66.4950332641602,-43.463695526123
81.2659078722136,-178.260498046875,-66.8854522705078,-43.9457740783691
81.2825750060028,-177.978973388672,-67.3968658447266,-44.3765335083008
81.2992421397921,-177.608963012695,-67.9657363891602,-44.9844245910645
81.3159092735814,-177.682678222656,-68.4570846557617,-45.0512847900391
81.3325764073716,-178.121368408203,-68.9687194824219,-44.8609428405762
81.3492435411608,-178.605743408203,-69.3940048217773,-44.695484161377
81.3659106749501,-179.355911254883,-69.7910308837891,-44.2977447509766
81.3825778087394,179.75032043457,-70.1619491577148,-43.7689399719238
81.3992449425286,178.993148803711,-70.477424621582,-43.3535003662109
81.4159120763179,178.38410949707,-70.7391128540039,-43.0198707580566
81.4325792101072,177.861038208008,-70.9630126953125,-42.7080879211426
81.4492463438964,177.372543334961,-71.1582870483398,-42.3779296875
81.4659134776857,177.178146362305,-71.2743530273438,-42.2659225463867
81.4825806114759,177.212829589844,-71.3615264892578,-42.2861442565918
81.4992477452652,177.311798095703,-71.36279296875,-42.3093338012695
81.5159148790544,177.098434448242,-71.2894058227539,-41.9412002563477
81.5325820128437,176.718246459961,-71.1737289428711,-41.406551361084
81.549249146633,176.046966552734,-71.0464553833008,-40.5773315429688
81.5659162804222,175.147003173828,-70.9090270996094,-39.5125007629395
81.5825834142115,174.521270751953,-70.7886428833008,-38.7184791564941
81.5992505480008,174.624710083008,-70.681510925293,-38.6019973754883
81.6159176817901,175.242553710938,-70.7640151977539,-38.9153709411621
81.6325848155802,174.290603637695,-70.9261703491211,-37.7899589538574
81.6492519493695,174.516830444336,-71.0029144287109,-37.7497444152832
81.6659190831588,174.730697631836,-71.1012420654297,-37.6433143615723
81.682586216948,174.115081787109,-71.1248397827148,-36.8493881225586
81.6992533507373,173.356536865234,-71.2116088867188,-35.9503784179688
81.7159204845266,172.443420410156,-71.4028930664062,-34.9841728210449
81.7325876183158,170.877182006836,-71.8423309326172,-33.5089683532715
81.749254752106,169.520599365234,-72.4356384277344,-32.2198524475098
81.7659218858944,168.658676147461,-73.1919403076172,-31.4150352478027
81.7825890196846,168.450103759766,-73.9726409912109,-31.1873607635498
81.7992561534738,168.995727539062,-74.7131195068359,-31.5485820770264
81.8159232872631,169.738784790039,-75.344856262207,-32.0015830993652
81.8325904210524,170.683364868164,-75.8235397338867,-32.579948425293
81.8492575548416,171.554061889648,-76.1155624389648,-33.0358810424805
81.8659246886309,172.365570068359,-76.1976623535156,-33.4407043457031
81.8825918224202,173.134963989258,-76.0638961791992,-33.8104019165039
81.8992589562104,173.879287719727,-75.7429428100586,-34.1628952026367
81.9159260899987,174.479690551758,-75.2827606201172,-34.3624153137207
81.9325932237889,174.874099731445,-74.7413940429688,-34.3430786132812
81.9492603575782,174.982147216797,-74.1685256958008,-34.0404968261719
81.9659274913674,174.919052124023,-73.6220855712891,-33.617244720459
81.9825946251567,174.837142944336,-73.1097412109375,-33.2000846862793
81.999261758946,174.981628417969,-72.6544342041016,-33.01708984375
82.0159288927352,175.416320800781,-72.2677154541016,-33.109561920166
82.0325960265245,176.094863891602,-71.9580078125,-33.4247932434082
82.0492631603147,176.889511108398,-71.7190475463867,-33.8212852478027
82.0659302941031,177.916534423828,-71.5609893798828,-34.4107398986816
82.0825974278932,179.081161499023,-71.4928512573242,-35.1642723083496
82.0992645616825,179.885009765625,-71.4873809814453,-35.646598815918
82.1159316954718,179.908874511719,-71.5158920288086,-35.6936225891113
82.132598829261,179.932739257812,-71.4999847412109,-35.4447250366211
82.1492659630503,179.276260375977,-71.4733352661133,-34.8358879089355
82.1659330968396,178.209381103516,-71.4281692504883,-33.9350280761719
82.1826002306289,177.146942138672,-71.4374160766602,-33.1191787719727
82.199267364419,176.622665405273,-71.4616546630859,-32.8854331970215
82.2159344982074,176.266250610352,-71.5781326293945,-32.8231086730957
82.2326016319976,175.481307983398,-71.6758880615234,-32.4097518920898
82.2492687657868,175.17219543457,-71.7651214599609,-32.4659309387207
82.2659358995761,174.675354003906,-71.897346496582,-32.4603958129883
82.2826030333654,174.214828491211,-72.0118865966797,-32.5155601501465
82.2992701671546,174.906204223633,-71.9955215454102,-33.6984214782715
82.3159373009439,175.718139648438,-71.8758163452148,-34.9599838256836
82.3326044347332,176.426025390625,-71.5713272094727,-36.1317825317383
82.3492715685234,177.08610534668,-71.1952743530273,-37.2123680114746
82.3659387023117,177.491027832031,-70.7672424316406,-38.0475730895996
82.3826058361019,178.164154052734,-70.3887557983398,-39.0789451599121
82.3992729698912,178.750457763672,-70.185302734375,-40.0217666625977
82.4159401036804,179.057998657227,-70.1352996826172,-40.6855926513672
82.4326072374697,179.491821289062,-70.189079284668,-41.4491195678711
82.449274371259,179.988067626953,-70.3494567871094,-42.2707481384277
82.4659415050482,-179.398178100586,-70.6158752441406,-43.2070693969727
82.4826086388375,-178.656433105469,-70.9631423950195,-44.2508163452148
82.4992757726277,-178.087585449219,-71.355583190918,-45.0782775878906
82.5159429064161,-177.607040405273,-71.7892608642578,-45.8355255126953
82.5326100402062,-177.151473999023,-72.242073059082,-46.5746955871582
82.5492771739955,-176.770919799805,-72.7078323364258,-47.2495727539062
82.5659443077848,-176.539459228516,-73.203125,-47.7861366271973
82.582611441574,-176.424407958984,-73.6820297241211,-48.2190132141113
82.5992785753633,-176.578109741211,-74.1330718994141,-48.3979034423828
82.6159457091526,-176.928863525391,-74.5302658081055,-48.4009666442871
82.6326128429419,-177.414672851562,-74.8497085571289,-48.245548248291
82.649279976732,-178.272613525391,-75.1335144042969,-47.7243041992188
82.6659471105204,-179.271957397461,-75.3195571899414,-47.0528450012207
82.6826142443106,179.855545043945,-75.3770294189453,-46.4726943969727
82.6992813780998,178.744186401367,-75.3364105224609,-45.6289520263672
82.7159485118891,177.280044555664,-75.2179183959961,-44.4126243591309
82.7326156456784,175.957305908203,-74.9691009521484,-43.2898025512695
82.7492827794676,174.841033935547,-74.6430053710938,-42.3317527770996
82.7659499132569,173.684143066406,-74.3015060424805,-41.336986541748
82.7826170470462,172.521331787109,-73.9584808349609,-40.2951469421387
82.7992841808364,171.991958618164,-73.6414108276367,-39.7979583740234
82.8159513146247,172.965957641602,-73.3579711914062,-40.6779556274414
82.8326184484149,172.502655029297,-73.3847045898438,-40.114803314209
82.8492855822042,171.737731933594,-73.2563858032227,-39.3099708557129
82.8659527159934,172.249969482422,-73.2280044555664,-39.5749435424805
82.8826198497827,172.037414550781,-73.3132476806641,-39.2957496643066
82.899286983572,171.64860534668,-73.4792785644531,-38.9593620300293
82.9159541173613,171.654083251953,-73.8096694946289,-39.0888595581055
82.9326212511505,171.012588500977,-74.3716659545898,-38.7449989318848
82.9492883849407,169.471633911133,-75.0524215698242,-37.6786880493164
82.9659555187291,169.125091552734,-75.8163833618164,-37.6862297058105
82.9826226525192,169.945571899414,-76.6762084960938,-38.7965507507324
82.9992897863085,171.791168212891,-77.454704284668,-40.9012489318848
83.0159569200978,174.455001831055,-78.1143646240234,-43.7635345458984
83.032624053887,177.590972900391,-78.6174087524414,-47.1487159729004
83.0492911876763,-179.181121826172,-78.8558654785156,-50.6379776000977
83.0659583214656,-176.045028686523,-78.7743225097656,-54.0060615539551
83.0826254552549,-173.511566162109,-78.3873138427734,-56.765064239502
83.099292589045,-171.859771728516,-77.7622985839844,-58.6164588928223
83.1159597228334,-171.00178527832,-76.978157043457,-59.6521682739258
83.1326268566236,-171.018096923828,-76.112174987793,-59.8207359313965
83.1492939904128,-171.628494262695,-75.2070922851562,-59.3890571594238
83.1659611242021,-172.466766357422,-74.285041809082,-58.730899810791
83.1826282579914,-173.462249755859,-73.3793411254883,-57.886646270752
83.1992953917807,-174.32275390625,-72.4874496459961,-57.1536560058594
83.2159625255699,-175.04035949707,-71.5884704589844,-56.5297317504883
83.2326296593592,-175.626525878906,-70.7188034057617,-56.0214042663574
83.2492967931494,-176.03971862793,-69.9023666381836,-55.6504440307617
83.2659639269377,-176.257263183594,-69.1555786132812,-55.401065826416
83.2826310607279,-176.345367431641,-68.5201568603516,-55.2489356994629
83.2992981945172,-176.59001159668,-68.0499038696289,-54.9526443481445
83.3159653283064,-176.863235473633,-67.7558746337891,-54.6773338317871
83.3326324620957,-177.351058959961,-67.6418991088867,-54.2397613525391
83.349299595885,-178.110092163086,-67.6809539794922,-53.6154365539551
83.3659667296743,-179.04768371582,-67.8009185791016,-52.8735771179199
83.3826338634635,179.837524414062,-68.019889831543,-52.0502738952637
83.3993009972537,178.777862548828,-68.3283767700195,-51.3378524780273
83.4159681310421,178.393692016602,-68.6418609619141,-51.2834815979004
83.4326352648322,177.926406860352,-69.0528411865234,-51.0802803039551
83.4493023986215,176.475067138672,-69.4721145629883,-50.0580139160156
83.4659695324108,175.857833862305,-69.7394866943359,-49.7856636047363
83.4826366662001,175.556900024414,-69.9759368896484,-49.8026924133301
83.4993037999893,174.92724609375,-70.1236419677734,-49.5461044311523
83.5159709337786,174.922653198242,-70.0530014038086,-49.8643035888672
83.5326380675679,176.040130615234,-69.6993103027344,-51.0679779052734
83.549305201358,177.211959838867,-69.1971740722656,-52.1791572570801
83.5659723351464,178.27278137207,-68.6520385742188,-53.1002502441406
83.5826394689366,179.553955078125,-68.1213684082031,-54.1601753234863
83.5993066027258,-179.261428833008,-67.7180862426758,-55.1021690368652
83.6159737365151,-178.669387817383,-67.5301971435547,-55.4610023498535
83.6326408703044,-178.235061645508,-67.4685440063477,-55.6776962280273
83.6493080040937,-177.774505615234,-67.5131454467773,-55.9400901794434
83.6659751378829,-177.358627319336,-67.6793212890625,-56.1854934692383
83.6826422716722,-176.936782836914,-67.9574890136719,-56.4525604248047
83.6993094054624,-176.365615844727,-68.3338928222656,-56.9650611877441
83.7159765392507,-176.116897583008,-68.7413635253906,-57.0184211730957
83.7326436730409,-175.996307373047,-69.254638671875,-57.0794143676758
83.7493108068302,-176.019790649414,-69.7867126464844,-57.0602226257324
83.7659779406195,-176.267684936523,-70.3427505493164,-56.9223213195801
83.7826450744087,-176.824203491211,-70.8959197998047,-56.5391082763672
83.799312208198,-177.450042724609,-71.436393737793,-56.1477317810059
83.8159793419873,-178.075607299805,-71.9203262329102,-55.7647285461426
83.8326464757765,-178.723251342773,-72.3672637939453,-55.3486022949219
83.8493136095667,-179.270202636719,-72.7724990844727,-55.0339317321777
83.8659807433551,-179.808502197266,-73.0731430053711,-54.6377601623535
83.8826478771452,179.780883789062,-73.2466049194336,-54.2948265075684
83.8993150109345,179.538513183594,-73.2816314697266,-54.0375328063965
83.9159821447238,179.362442016602,-73.1965637207031,-53.7738151550293
83.9326492785131,179.033966064453,-73.0598449707031,-53.2950592041016
83.9493164123023,178.679550170898,-72.9214553833008,-52.7417030334473
83.9659835460916,178.078369140625,-72.8246154785156,-51.9408760070801
83.9826506798809,177.650360107422,-72.7350616455078,-51.2703857421875
83.999317813671,177.345840454102,-72.7606811523438,-50.7366943359375
84.0159849474594,177.359985351562,-72.8496551513672,-50.5241165161133
84.0326520812496,178.327041625977,-72.9053421020508,-51.1304702758789
84.0493192150388,177.677261352539,-73.1398544311523,-50.1703262329102
84.0659863488281,176.585632324219,-73.1016235351562,-48.859790802002
84.0826534826174,177.086486816406,-73.0590972900391,-48.8393516540527
84.0993206164067,176.571701049805,-73.0330505371094,-48.026294708252
84.1159877501959,176.238342285156,-73.0050277709961,-47.3219947814941
84.1326548839852,176.168334960938,-73.0717926025391,-46.8497543334961
84.1493220177754,175.736129760742,-73.2778549194336,-46.1115455627441
84.1659891515637,175.303009033203,-73.6147537231445,-45.2673988342285
84.1826562853539,174.664657592773,-73.9690704345703,-44.1251945495605
84.1993234191432,174.526550292969,-74.3561706542969,-43.3227348327637
84.2159905529325,174.836044311523,-74.7575378417969,-42.8334922790527
84.2326576867217,175.361206054688,-75.1266174316406,-42.4560432434082
84.249324820511,175.816513061523,-75.4175186157227,-41.9573860168457
84.2659919543003,176.10205078125,-75.5694961547852,-41.2587127685547
84.2826590880895,176.165481567383,-75.5947036743164,-40.3059997558594
84.2993262218797,176.063079833984,-75.4888916015625,-39.1888427734375
84.3159933556681,175.886657714844,-75.2391891479492,-37.9675178527832
84.3326604894582,175.634994506836,-74.866569519043,-36.6694602966309
84.3493276232475,175.360061645508,-74.4103240966797,-35.3676300048828
84.3659947570368,175.143585205078,-73.9086837768555,-34.136547088623
84.3826618908261,175.037261962891,-73.3777618408203,-33.0199279785156
84.3993290246153,175.0263671875,-72.8075942993164,-32.0208702087402
84.4159961584046,175.037490844727,-72.2284317016602,-31.0894680023193
84.4326632921939,175.097885131836,-71.6410446166992,-30.2783546447754
84.449330425984,175.235900878906,-71.0781631469727,-29.628438949585
84.4659975597724,175.484069824219,-70.552619934082,-29.1503562927246
84.4826646935626,175.829986572266,-70.0872802734375,-28.839262008667
84.4993318273519,176.189910888672,-69.6765289306641,-28.60964012146
84.5159989611411,176.492218017578,-69.3212738037109,-28.4245491027832
84.5326660949304,176.52717590332,-69.0141677856445,-28.061014175415
84.5493332287197,176.1064453125,-68.7244186401367,-27.4015865325928
84.5660003625089,175.278854370117,-68.4542694091797,-26.46018409729
84.5826674962982,174.242904663086,-68.1616287231445,-25.4636631011963
84.5993346300884,172.944549560547,-67.8750762939453,-24.3767490386963
84.6160017638767,171.560745239258,-67.6488418579102,-23.370719909668
84.6326688976669,170.422073364258,-67.5523071289062,-22.713285446167
84.6493360314562,169.680999755859,-67.5580291748047,-22.4857006072998
84.6660031652455,168.296676635742,-67.7150726318359,-21.6638317108154
84.6826702990347,167.225860595703,-67.8883895874023,-21.2297763824463
84.699337432824,166.783706665039,-68.1449279785156,-21.3717136383057
84.7160045666133,166.047317504883,-68.3368606567383,-21.2463569641113
84.7326717004025,165.384353637695,-68.3708114624023,-21.1722030639648
84.7493388341927,165.676147460938,-68.2403259277344,-21.9259948730469
84.7660059679811,166.655456542969,-67.9326629638672,-23.2294502258301
84.7826731017713,167.39924621582,-67.513069152832,-24.180492401123
84.7993402355605,168.258453369141,-67.0489883422852,-25.1541061401367
84.8160073693498,169.281051635742,-66.6627578735352,-26.2588062286377
84.8326745031391,169.934921264648,-66.4235610961914,-26.9986896514893
84.8493416369283,170.276153564453,-66.3417434692383,-27.4440994262695
84.8660087707176,170.465438842773,-66.4357528686523,-27.7710075378418
84.8826759045069,170.5986328125,-66.6695556640625,-28.0705242156982
84.899343038297,170.653610229492,-67.043815612793,-28.2966556549072
84.9160101720854,170.662338256836,-67.5171203613281,-28.548433303833
84.9326773058756,170.484664916992,-67.9865875244141,-28.5258121490479
84.9493444396649,170.032745361328,-68.5179290771484,-28.2427883148193
84.9660115734541,169.572784423828,-69.0194625854492,-28.0004043579102
84.9826787072434,169.086242675781,-69.5347442626953,-27.7762928009033
84.9993458410327,168.279922485352,-70.0651245117188,-27.2490100860596
85.0160129748219,167.432357788086,-70.6069107055664,-26.7464618682861
85.0326801086112,166.495422363281,-71.1070251464844,-26.1279926300049
85.0493472424014,165.694595336914,-71.56396484375,-25.6320533752441
85.0660143761897,164.996841430664,-71.9734268188477,-25.2186698913574
85.0826815099799,164.356872558594,-72.3023223876953,-24.7967834472656
85.0993486437692,163.840194702148,-72.5574188232422,-24.4630107879639
85.1160157775585,163.631683349609,-72.7183609008789,-24.4019775390625
85.1326829113477,163.343200683594,-72.751838684082,-24.2154560089111
85.149350045137,162.968460083008,-72.6321563720703,-23.92307472229
85.1660171789263,162.666290283203,-72.4271697998047,-23.701732635498
85.1826843127155,162.217864990234,-72.2337493896484,-23.347957611084
85.1993514465057,161.939056396484,-72.0699691772461,-23.125560760498
85.2160185802941,162.18473815918,-71.9939270019531,-23.3183536529541
85.2326857140843,163.499969482422,-72.0263442993164,-24.4808216094971
85.2493528478735,165.189193725586,-72.3035888671875,-25.827356338501
85.2660199816628,165.112747192383,-72.4496459960938,-25.475133895874
85.2826871154521,166.136505126953,-72.6070938110352,-26.0696067810059
85.2993542492413,166.899780273438,-72.7419586181641,-26.4277477264404
85.3160213830306,166.856170654297,-72.7472381591797,-26.0761413574219
85.3326885168199,166.41389465332,-72.7795181274414,-25.4165534973145
85.3493556506101,165.504547119141,-72.9381408691406,-24.4107055664062
85.3660227843984,163.971389770508,-73.2710800170898,-22.9345111846924
85.3826899181886,162.874847412109,-73.7586135864258,-21.8679389953613
85.3993570519779,162.501235961914,-74.3354034423828,-21.5218181610107
85.4160241857671,162.828491210938,-74.9325637817383,-21.8135643005371
85.4326913195564,163.591400146484,-75.5253372192383,-22.5063571929932
85.4493584533457,164.630111694336,-76.0104370117188,-23.4246501922607
85.4660255871349,165.82243347168,-76.3471832275391,-24.456127166748
85.4826927209242,167.068298339844,-76.5251159667969,-25.4967269897461
85.4993598547144,168.303665161133,-76.5385437011719,-26.4815616607666
85.5160269885027,169.510894775391,-76.3991470336914,-27.3972644805908
85.5326941222929,170.573760986328,-76.1441802978516,-28.1772651672363
85.5493612560822,171.451370239258,-75.7809448242188,-28.8041477203369
85.5660283898715,172.070465087891,-75.349235534668,-29.2123851776123
85.5826955236607,172.441070556641,-74.8833999633789,-29.4062461853027
85.59936265745,172.597442626953,-74.3827362060547,-29.4006118774414
85.6160297912393,172.793807983398,-73.8707046508789,-29.4470462799072
85.6326969250285,173.006607055664,-73.3865814208984,-29.5173282623291
85.6493640588187,173.343612670898,-72.9631042480469,-29.6910953521729
85.6660311926071,173.808502197266,-72.6023406982422,-29.9766731262207
85.6826983263973,174.415405273438,-72.3034286499023,-30.3874816894531
85.6993654601865,175.022003173828,-72.0873184204102,-30.7812614440918
85.7160325939758,175.394638061523,-71.9507293701172,-30.9698467254639
85.7326997277651,175.381759643555,-71.8675155639648,-30.849250793457
85.7493668615543,174.808349609375,-71.7837219238281,-30.2728118896484
85.7660339953436,173.740295410156,-71.6844177246094,-29.3080863952637
85.7827011291329,172.283279418945,-71.5842514038086,-28.1116180419922
85.7993682629231,170.891662597656,-71.5782012939453,-27.0974674224854
85.8160353967114,169.886306762695,-71.6452255249023,-26.4759540557861
85.8327025305016,169.615264892578,-71.6879348754883,-26.542329788208
85.8493696642909,169.378494262695,-71.7558212280273,-26.6328792572021
85.8660367980801,168.393844604492,-71.7726745605469,-26.1731967926025
85.8827039318694,168.331802368164,-71.7386779785156,-26.5832500457764
85.8993710656587,168.506378173828,-71.7267532348633,-27.1798667907715
85.9160381994479,168.375671386719,-71.5910186767578,-27.5224876403809
85.9327053332372,169.029312133789,-71.2746429443359,-28.5217761993408
85.9493724670274,169.472213745117,-70.8086318969727,-29.2868671417236
85.9660396008157,169.749465942383,-70.2565460205078,-29.8468856811523
85.9827067346059,170.146713256836,-69.721549987793,-30.5049152374268
85.9993738683952,170.764938354492,-69.2695693969727,-31.3477993011475
86.0160410021845,171.297225952148,-68.9890289306641,-32.1015090942383
86.0327081359737,171.647979736328,-68.8818664550781,-32.6948204040527
86.049375269763,172.053939819336,-68.9463119506836,-33.3618469238281
86.0660424035523,172.414443969727,-69.1974258422852,-34.0307540893555
86.0827095373415,172.828765869141,-69.5875625610352,-34.749095916748
86.0993766711317,173.101211547852,-70.0789031982422,-35.3147430419922
86.1160438049201,173.243728637695,-70.6524200439453,-35.7787590026855
86.1327109387103,173.401748657227,-71.1873931884766,-36.2614479064941
86.1493780724995,173.414520263672,-71.6617965698242,-36.569393157959
86.1660452062888,173.237243652344,-72.1117630004883,-36.727855682373
86.1827123400781,172.734878540039,-72.5276489257812,-36.5866317749023
86.1993794738673,172.080917358398,-72.8357772827148,-36.278392791748
86.2160466076566,171.267684936523,-73.0662002563477,-35.7695503234863
86.2327137414459,170.399719238281,-73.2110443115234,-35.1823577880859
86.2493808752361,169.584686279297,-73.2838897705078,-34.6085243225098
86.2660480090244,168.693588256836,-73.2689056396484,-33.9319038391113
86.2827151428146,167.868621826172,-73.1467971801758,-33.290599822998
86.2993822766039,167.363464355469,-72.938591003418,-32.9200782775879
86.3160494103931,166.784042358398,-72.6960754394531,-32.4578666687012
86.3327165441824,166.131164550781,-72.4230880737305,-31.9054832458496
86.3493836779717,165.567855834961,-72.1856155395508,-31.3916015625
86.3660508117609,164.812240600586,-71.9356536865234,-30.6682052612305
86.3827179455502,164.130096435547,-71.6366653442383,-29.9961929321289
86.3993850793404,163.848556518555,-71.3430099487305,-29.7376670837402
86.4160522131288,164.478103637695,-71.1223220825195,-30.2895641326904
86.4327193469189,164.231185913086,-71.0685195922852,-29.9033508300781
86.4493864807082,164.118209838867,-71.0690307617188,-29.6363277435303
86.4660536144975,164.326858520508,-71.2840270996094,-29.5733871459961
86.4827207482867,164.471557617188,-71.5639877319336,-29.457950592041
86.499387882076,165.034088134766,-71.9054565429688,-29.735294342041
86.5160550158653,165.781890869141,-72.3551635742188,-30.1767463684082
86.5327221496545,166.158813476562,-72.8000106811523,-30.3398170471191
86.5493892834447,165.952117919922,-73.2861862182617,-29.9601974487305
86.5660564172331,165.498001098633,-73.7239074707031,-29.3589324951172
86.5827235510233,165.444641113281,-74.2133865356445,-29.1345539093018
86.5993906848125,165.980209350586,-74.6560821533203,-29.4532794952393
86.6160578186018,166.976089477539,-75.0674133300781,-30.183931350708
86.6327249523911,168.049575805664,-75.400993347168,-30.9773082733154
86.6493920861803,169.292739868164,-75.6550979614258,-31.9110984802246
86.6660592199696,170.718688964844,-75.7876281738281,-33.0025177001953
86.6827263537589,172.145736694336,-75.787239074707,-34.0789756774902
86.6993934875491,173.382217407227,-75.6415557861328,-34.964729309082
86.7160606213374,174.335205078125,-75.3608551025391,-35.5716438293457
86.7327277551276,175.034118652344,-74.9936370849609,-35.9481658935547
86.7493948889169,175.422775268555,-74.631103515625,-36.0414085388184
86.7660620227061,175.610412597656,-74.2543258666992,-35.9453430175781
86.7827291564954,175.742218017578,-73.90966796875,-35.7759819030762
86.7993962902847,175.860473632812,-73.6167755126953,-35.5977172851562
86.8160634240739,176.090347290039,-73.3375549316406,-35.5459136962891
86.8327305578632,176.481796264648,-73.0931777954102,-35.6507720947266
86.8493976916534,176.949310302734,-72.841194152832,-35.8094444274902
86.8660648254427,177.515213012695,-72.6249008178711,-36.0605964660645
86.8827319592319,178.148040771484,-72.4522094726562,-36.3950233459473
86.8993990930212,178.634353637695,-72.3199157714844,-36.6372184753418
86.9160662268105,178.768218994141,-72.2626113891602,-36.6193466186523
86.9327333605997,178.53515625,-72.265998840332,-36.3874931335449
86.949400494389,178.011123657227,-72.284423828125,-35.9749908447266
86.9660676281783,177.241668701172,-72.244255065918,-35.3746566772461
86.9827347619675,176.208679199219,-72.2042846679688,-34.6122283935547
86.9994018957577,175.459976196289,-72.1418151855469,-34.1361885070801
87.016069029547,175.661560058594,-72.0199661254883,-34.521800994873
87.0327361633363,175.916000366211,-72.008186340332,-34.9079513549805
87.0494032971255,175.281814575195,-72.0025177001953,-34.5461769104004
87.0660704309148,175.52082824707,-71.9334945678711,-35.0006141662598
87.0827375647041,176.361312866211,-71.8671875,-35.955078125
87.0994046984933,177.086151123047,-71.7394027709961,-36.8313293457031
87.1160718322826,178.202041625977,-71.472282409668,-38.0426177978516
87.1327389660719,178.882217407227,-71.0769805908203,-38.8074417114258
87.1494060998621,179.261978149414,-70.5820159912109,-39.273193359375
87.1660732336513,179.622467041016,-70.0457153320312,-39.6709480285645
87.1827403674406,-179.690200805664,-69.5430450439453,-40.3475074768066
87.1994075012299,-178.935729980469,-69.200325012207,-41.0740737915039
87.2160746350191,-178.469757080078,-69.0484771728516,-41.5137252807617
87.2327417688084,-177.989898681641,-69.0763702392578,-41.9931411743164
87.2494089025977,-177.493347167969,-69.2728805541992,-42.4900016784668
87.2660760363869,-176.896362304688,-69.6625518798828,-43.0923614501953
87.2827431701762,-176.244445800781,-70.138069152832,-43.7836303710938
87.2994103039664,-175.607696533203,-70.7142105102539,-44.5057029724121
87.3160774377557,-175.159545898438,-71.2433624267578,-45.0207481384277
87.3327445715449,-175.206146240234,-71.8096084594727,-45.0732231140137
87.3494117053342,-175.348648071289,-72.2947845458984,-45.145435333252
87.3660788391235,-175.787445068359,-72.7095947265625,-44.9619827270508
87.3827459729127,-176.626419067383,-73.0702133178711,-44.4210662841797
87.399413106702,-177.547729492188,-73.3661193847656,-43.8161468505859
87.4160802404913,-178.423980712891,-73.604248046875,-43.2478942871094
87.4327473742806,-179.183776855469,-73.8285980224609,-42.7415313720703
87.4494145080707,-179.787734985352,-74.0402679443359,-42.3752479553223
87.46608164186,179.705673217773,-74.1980361938477,-42.063289642334
87.4827487756493,179.104049682617,-74.2867126464844,-41.6024398803711
87.4994159094385,178.458389282227,-74.2627105712891,-41.0788688659668
87.5160830432278,177.69921875,-74.1505432128906,-40.450267791748
87.5327501770171,176.888900756836,-73.9488754272461,-39.763744354248
87.5494173108063,175.82942199707,-73.7713775634766,-38.8309555053711
87.5660844445956,174.541610717773,-73.6019897460938,-37.6718292236328
87.5827515783849,173.453277587891,-73.4520263671875,-36.6743927001953
87.5994187121751,172.997756958008,-73.334587097168,-36.2497138977051
87.6160858459643,174.113845825195,-73.1957244873047,-37.268253326416
87.6327529797536,174.901763916016,-73.3581771850586,-37.7677993774414
87.6494201135429,174.644485473633,-73.3453063964844,-37.2803153991699
87.6660872473321,175.930114746094,-73.3119964599609,-38.142032623291
87.6827543811214,176.085952758789,-73.3131866455078,-37.9618339538574
87.6994215149107,175.442352294922,-73.2809906005859,-37.1251411437988
87.7160886487,174.69677734375,-73.3875045776367,-36.2192764282227
87.7327557824892,173.568054199219,-73.6183395385742,-35.0952186584473
87.7494229162794,171.919189453125,-74.0167007446289,-33.5478591918945
87.7660900500687,170.686264038086,-74.4186172485352,-32.4355545043945
87.7827571838579,170.589706420898,-74.8346328735352,-32.3997421264648
87.7994243176472,171.055648803711,-75.2246246337891,-32.9330444335938
87.8160914514365,171.883773803711,-75.5534439086914,-33.8218841552734
87.8327585852257,172.879623413086,-75.7964401245117,-34.9015579223633
87.849425719015,173.892852783203,-75.9017105102539,-36.0114402770996
87.8660928528043,174.894500732422,-75.8475723266602,-37.0875816345215
87.8827599865936,175.683013916016,-75.6249465942383,-37.926456451416
87.8994271203837,176.247772216797,-75.2412414550781,-38.4680824279785
87.916094254173,176.685836791992,-74.7283935546875,-38.8259658813477
87.9327613879623,176.865570068359,-74.155143737793,-38.8886909484863
87.9494285217515,176.736892700195,-73.5724639892578,-38.6289024353027
87.9660956555408,176.47216796875,-72.9995040893555,-38.2099914550781
87.9827627893301,176.094757080078,-72.4513549804688,-37.6477661132812
87.9994299231194,175.701675415039,-71.9128265380859,-37.0415687561035
88.0160970569086,175.351776123047,-71.4084548950195,-36.4514656066895
88.0327641906979,175.175216674805,-70.9277954101562,-35.99755859375
88.0494313244881,175.205276489258,-70.4943771362305,-35.7004051208496
88.0660984582773,175.484985351562,-70.146484375,-35.6135940551758
88.0827655920666,175.923980712891,-69.8648910522461,-35.6356620788574
88.0994327258559,176.286315917969,-69.6455307006836,-35.5650291442871
88.1160998596451,176.235122680664,-69.5040740966797,-35.1874008178711
88.1327669934344,175.569625854492,-69.4325790405273,-34.3328590393066
88.1494341272237,174.629211425781,-69.3590698242188,-33.2946739196777
88.166101261013,173.484558105469,-69.2559051513672,-32.1300163269043
88.1827683948022,172.064498901367,-69.1776580810547,-30.8401584625244
88.1994355285924,170.726196289062,-69.1595687866211,-29.7407741546631
88.2161026623817,169.902770996094,-69.2499694824219,-29.1942405700684
88.2327697961709,168.703063964844,-69.5018920898438,-28.2920188903809
88.2494369299602,167.786270141602,-69.6630096435547,-27.7472305297852
88.2661040637495,167.999053955078,-69.8244476318359,-28.146276473999
88.2827711975388,168.325942993164,-70.0049667358398,-28.629415512085
88.299438331328,168.592910766602,-70.0557708740234,-29.111629486084
88.3161054651173,169.227310180664,-69.9308013916016,-29.9003486633301
88.3327725989066,169.596084594727,-69.5892181396484,-30.451301574707
88.3494397326967,169.799819946289,-69.0997695922852,-30.7672462463379
88.366106866486,170.167678833008,-68.550910949707,-31.1784420013428
88.3827740002753,170.768890380859,-68.0588302612305,-31.7543869018555
88.3994411340645,171.217224121094,-67.7135391235352,-32.1539077758789
88.4161082678538,171.476638793945,-67.5302581787109,-32.3635559082031
88.4327754016431,171.573364257812,-67.4927520751953,-32.4079971313477
88.4494425354324,171.63835144043,-67.5834503173828,-32.4307632446289
88.4661096692216,171.591873168945,-67.7793273925781,-32.3513641357422
88.4827768030109,171.49055480957,-68.0444412231445,-32.2745971679688
88.4994439368011,171.155456542969,-68.307243347168,-31.936206817627
88.5161110705903,170.641082763672,-68.5876693725586,-31.4699745178223
88.5327782043796,169.945693969727,-68.848014831543,-30.8889713287354
88.5494453381689,168.984619140625,-69.0678863525391,-30.1197280883789
88.5661124719581,167.799682617188,-69.2629470825195,-29.2055263519287
88.5827796057474,166.504745483398,-69.4095840454102,-28.2210845947266
88.5994467395367,165.247680664062,-69.5150985717773,-27.3160381317139
88.616113873326,164.080673217773,-69.593994140625,-26.4919853210449
88.6327810071152,163.006118774414,-69.6515502929688,-25.7071990966797
88.6494481409054,162.121337890625,-69.7247924804688,-25.066349029541
88.6661152746947,161.537384033203,-69.8164291381836,-24.6653137207031
88.6827824084839,161.354064941406,-69.9192504882812,-24.6077041625977
88.6994495422732,161.252227783203,-69.9719390869141,-24.589729309082
88.7161166760625,161.131362915039,-69.9487380981445,-24.5474529266357
88.7327838098518,161.018417358398,-69.8542327880859,-24.4949989318848
88.749450943641,160.813354492188,-69.7023391723633,-24.3354759216309
88.7661180774303,160.328598022461,-69.5596466064453,-23.9166450500488
88.7827852112196,159.772323608398,-69.4591217041016,-23.4305610656738
88.7994523450097,159.720199584961,-69.5071029663086,-23.4168014526367
88.816119478799,160.988235473633,-69.7301559448242,-24.5881690979004
88.8327866125883,160.894561767578,-70.0962142944336,-24.1879405975342
88.8494537463775,160.902191162109,-70.4685363769531,-24.0731391906738
88.8661208801668,162.041198730469,-70.8959732055664,-24.8562431335449
88.8827880139561,162.182830810547,-71.3894958496094,-24.7814769744873
88.8994551477454,161.647705078125,-71.819953918457,-24.2047061920166
88.9161222815346,161.156188964844,-72.3721923828125,-23.6826648712158
88.9327894153239,159.797988891602,-72.9726486206055,-22.4736022949219
88.9494565491141,157.531341552734,-73.5897827148438,-20.5066204071045
88.9661236829033,155.905319213867,-74.1818389892578,-19.0976257324219
88.9827908166926,155.446105957031,-74.7886352539062,-18.7436656951904
88.9994579504819,155.1845703125,-75.3779678344727,-18.549503326416
89.0161250842712,155.235687255859,-75.9230499267578,-18.6554565429688
89.0327922180604,155.748168945312,-76.3600921630859,-19.1866874694824
89.0494593518497,156.673858642578,-76.6243286132812,-20.1176795959473
89.066126485639,157.975982666016,-76.696662902832,-21.4066505432129
89.0827936194282,159.59521484375,-76.5618286132812,-22.9733448028564
89.0994607532184,161.409149169922,-76.228385925293,-24.6835136413574
89.1161278870077,163.188140869141,-75.7332305908203,-26.291316986084
89.1327950207969,164.703491210938,-75.128173828125,-27.6061897277832
89.1494621545862,165.89338684082,-74.4618606567383,-28.6001281738281
89.1661292883755,166.686233520508,-73.8021240234375,-29.2139549255371
89.1827964221648,167.168441772461,-73.1778945922852,-29.5312995910645
89.199463555954,167.638229370117,-72.6019897460938,-29.8159828186035
89.2161306897433,168.20051574707,-72.081916809082,-30.1684875488281
89.2327978235326,168.827255249023,-71.6153030395508,-30.5684871673584
89.2494649573227,169.505493164062,-71.2220153808594,-31.0174255371094
89.266132091112,170.403411865234,-70.9119720458984,-31.687427520752
89.2827992249013,171.269683837891,-70.6782989501953,-32.3389053344727
89.2994663586906,171.772705078125,-70.4911422729492,-32.6923561096191
89.3161334924798,171.744155883789,-70.3710021972656,-32.5710868835449
89.3328006262691,171.596466064453,-70.3078079223633,-32.4385604858398
89.3494677600584,171.220962524414,-70.2696838378906,-32.0952415466309
89.3661348938476,170.842712402344,-70.2690048217773,-31.8544788360596
89.3828020276369,170.69189453125,-70.3480987548828,-31.886754989624
89.3994691614271,171.285110473633,-70.4993743896484,-32.574333190918
89.4161362952163,172.114135742188,-70.8585205078125,-33.4079170227051
89.4328034290056,171.809112548828,-71.3070526123047,-33.284049987793
89.4494705627949,172.233001708984,-71.6256332397461,-33.9250030517578
89.4661376965842,172.773315429688,-71.9303665161133,-34.6950187683105
89.4828048303734,172.348510742188,-72.0673904418945,-34.6808242797852
89.4994719641627,173.320098876953,-71.8786163330078,-35.9376335144043
89.516139097952,174.495208740234,-71.5888290405273,-37.3308448791504
89.5328062317412,175.150085449219,-71.1667098999023,-38.2483863830566
89.5494733655314,175.929931640625,-70.660758972168,-39.202205657959
89.5661404993207,176.918258666992,-70.1211166381836,-40.3632507324219
89.58280763311,178.293350219727,-69.6129455566406,-41.8834037780762
89.5994747668992,179.484115600586,-69.2533950805664,-43.1854476928711
89.6161419006885,-179.499908447266,-69.016716003418,-44.3072052001953
89.6328090344778,-178.536987304688,-68.9135894775391,-45.3696022033691
89.649476168267,-177.617980957031,-68.9428787231445,-46.3901176452637
89.6661433020563,-176.675491333008,-69.0695724487305,-47.4335327148438
89.6828104358456,-175.708038330078,-69.2642517089844,-48.5234794616699
89.6994775696357,-174.990814208984,-69.5066146850586,-49.3395576477051
89.716144703425,-174.464797973633,-69.7743301391602,-50.0008087158203
89.7328118372143,-174.073211669922,-70.0241622924805,-50.572509765625
89.7494789710036,-174.032745361328,-70.2707061767578,-50.8134613037109
89.7661461047928,-174.296615600586,-70.494010925293,-50.7761116027832
89.7828132385821,-174.662826538086,-70.6665649414062,-50.657829284668
89.7994803723714,-175.20817565918,-70.8266067504883,-50.3584060668945
89.8161475061615,-175.758041381836,-70.9637985229492,-50.0325241088867
89.8328146399499,-176.243453979492,-71.0906982421875,-49.7461204528809
89.8494817737401,-176.855941772461,-71.2242202758789,-49.3110809326172
89.8661489075294,-177.401840209961,-71.3118133544922,-48.906608581543
89.8828160413186,-177.796585083008,-71.3534927368164,-48.6197738647461
89.8994831751079,-178.207061767578,-71.3381042480469,-48.2759399414062
89.9161503088972,-178.724075317383,-71.2289733886719,-47.7679595947266
89.9328174426864,-179.164489746094,-71.0692672729492,-47.317756652832
89.9494845764757,-179.416046142578,-70.9206008911133,-47.0187683105469
89.9661517102659,-179.26774597168,-70.8407897949219,-47.0630836486816
89.9828188440542,-178.131011962891,-70.7961120605469,-48.0340347290039
89.9994859778444,-177.278472900391,-71.0205001831055,-48.6111335754395
90.0161531116337,-176.93603515625,-71.4024810791016,-48.7429504394531
90.032820245423,-176.725921630859,-71.8412399291992,-48.8440704345703
90.0494873792122,-176.660385131836,-72.2842559814453,-48.7999420166016
90.0661545130015,-176.04899597168,-72.7087173461914,-49.3553771972656
90.0828216467908,-175.342163085938,-73.2861785888672,-50.0980072021484
90.09948878058,-175.46467590332,-73.8775405883789,-50.190055847168
90.1161559143702,-175.288528442383,-74.4270858764648,-50.4737129211426
90.1328230481586,-175.140975952148,-74.8943786621094,-50.6733055114746
90.1494901819487,-174.770431518555,-75.1691818237305,-51.0151901245117
90.166157315738,-174.036102294922,-75.2801666259766,-51.613037109375
90.1828244495273,-173.619430541992,-75.3285827636719,-51.8929176330566
90.1994915833166,-173.207931518555,-75.3353729248047,-52.1035690307617
90.2161587171058,-172.768493652344,-75.285270690918,-52.3042030334473
90.2328258508951,-172.378524780273,-75.1928939819336,-52.4243774414062
90.2494929846844,-172.168304443359,-75.0483016967773,-52.3343200683594
90.2661601184745,-172.045425415039,-74.8388137817383,-52.1489295959473
90.2828272522629,-172.082748413086,-74.5890884399414,-51.8088302612305
90.2994943860531,-172.294006347656,-74.2983703613281,-51.3051376342773
90.3161615198424,-172.665435791016,-73.9684982299805,-50.6509323120117
90.3328286536316,-173.162841796875,-73.6165542602539,-49.875545501709
90.3494957874209,-173.717163085938,-73.2597503662109,-49.0622825622559
90.3661629212102,-174.278884887695,-72.9126434326172,-48.2468719482422
90.3828300549994,-174.694519042969,-72.612419128418,-47.5939140319824
90.3994971887887,-174.931411743164,-72.3776550292969,-47.1265449523926
90.4161643225789,-175.033432006836,-72.1983337402344,-46.8124084472656
90.4328314563672,-174.917388916016,-72.0637283325195,-46.7262382507324
90.4494985901574,-174.705307006836,-71.9972152709961,-46.7627601623535
90.4661657239467,-174.447723388672,-72.0067749023438,-46.8949394226074
90.482832857736,-174.206726074219,-72.0918197631836,-47.0896797180176
90.4994999915252,-174.166961669922,-72.196647644043,-47.0878982543945
90.5161671253145,-174.258666992188,-72.2197875976562,-46.9377517700195
90.5328342591038,-174.548233032227,-72.1712799072266,-46.6580123901367
90.549501392893,-175.058624267578,-72.1048431396484,-46.2543411254883
90.5661685266832,-175.242065429688,-72.0154113769531,-46.1939582824707
90.5828356604716,-174.757461547852,-71.9675445556641,-46.7419090270996
90.5995027942618,-174.933380126953,-72.1343231201172,-46.6788902282715
90.616169928051,-175.619613647461,-72.1935653686523,-46.1883430480957
90.6328370618403,-175.507965087891,-72.1829833984375,-46.4182968139648
90.6495041956296,-176.10334777832,-72.1950073242188,-46.0038642883301
90.6661713294188,-176.446228027344,-72.016471862793,-45.8637771606445
90.6828384632081,-176.409637451172,-71.7210388183594,-46.0459518432617
90.6995055969974,-176.711624145508,-71.2840118408203,-45.885196685791
90.7161727307875,-176.702575683594,-70.7501525878906,-45.9388160705566
90.7328398645759,-176.48469543457,-70.1664199829102,-46.1614456176758
90.7495069983661,-175.665679931641,-69.5747222900391,-46.9371719360352
90.7661741321554,-174.840270996094,-69.1343536376953,-47.6744995117188
90.7828412659446,-174.196792602539,-68.8737716674805,-48.2283325195312
90.7995083997339,-173.524276733398,-68.7330017089844,-48.8010215759277
90.8161755335232,-172.85612487793,-68.704460144043,-49.3538093566895
90.8328426673124,-172.184509277344,-68.7759170532227,-49.892162322998
90.8495098011017,-171.443542480469,-68.9539947509766,-50.513500213623
90.8661769348919,-170.833633422852,-69.1947860717773,-50.9869842529297
90.8828440686802,-170.593368530273,-69.5225982666016,-51.0999641418457
90.8995112024704,-170.631439208984,-69.8998870849609,-51.0173149108887
90.9161783362597,-170.979629516602,-70.3165588378906,-50.7024765014648
90.932845470049,-171.764846801758,-70.7953948974609,-50.0236625671387
90.9495126038382,-172.798385620117,-71.3102722167969,-49.1996231079102
90.9661797376275,-173.979370117188,-71.841926574707,-48.3045310974121
90.9828468714168,-175.165023803711,-72.3505554199219,-47.471996307373
90.999514005206,-176.511795043945,-72.8236312866211,-46.4659652709961
91.0161811389962,-177.69270324707,-73.2169952392578,-45.6191558837891
91.0328482727846,-178.742263793945,-73.5028381347656,-44.8726692199707
91.0495154065748,-179.486022949219,-73.6358489990234,-44.3786544799805
91.066182540364,179.792510986328,-73.6286926269531,-43.8326225280762
91.0828496741533,178.951278686523,-73.4452514648438,-43.0603866577148
91.0995168079426,178.106887817383,-73.083854675293,-42.1914520263672
91.1161839417318,177.163436889648,-72.6041107177734,-41.159782409668
91.1328510755211,175.749740600586,-72.0598526000977,-39.6470680236816
91.1495182093104,174.37419128418,-71.4485397338867,-38.1303558349609
91.1661853431006,173.721130371094,-70.7779998779297,-37.3088073730469
91.1828524768889,173.118270874023,-70.2270889282227,-36.4224662780762
91.1995196106791,171.431762695312,-69.7274322509766,-34.5525512695312
91.2161867444684,170.409378051758,-69.3506851196289,-33.2741050720215
91.2328538782576,169.807647705078,-69.1905670166016,-32.466178894043
91.2495210120469,169.261260986328,-69.3001022338867,-31.7813625335693
91.2661881458362,169.236618041992,-69.7988052368164,-31.6479339599609
91.2828552796254,169.682113647461,-70.698616027832,-32.0398979187012
91.2995224134147,168.652572631836,-71.9017639160156,-31.1926822662354
91.3161895472049,167.491455078125,-73.1644897460938,-30.2376232147217
91.3328566809932,167.946884155273,-74.2385025024414,-30.6589851379395
91.3495238147834,169.077178955078,-75.1348114013672,-31.7250061035156
91.3661909485727,170.661392211914,-75.8244018554688,-33.2361946105957
91.382858082362,172.614517211914,-76.3141479492188,-35.1084442138672
91.3995252161512,174.95085144043,-76.5539398193359,-37.3507461547852
91.4161923499405,177.477691650391,-76.5139007568359,-39.6983489990234
91.4328594837298,-179.892684936523,-76.2093048095703,-42.0592155456543
91.449526617519,-177.260589599609,-75.6996154785156,-44.307861328125
91.4661937513092,-174.808578491211,-74.9825744628906,-46.2758369445801
91.4828608850976,-172.902984619141,-74.1423568725586,-47.6331329345703
91.4995280188878,-171.667678833008,-73.2619934082031,-48.2731094360352
91.516195152677,-170.952209472656,-72.364128112793,-48.3529739379883
91.5328622864663,-170.553009033203,-71.4528503417969,-48.0609893798828
91.5495294202556,-170.413452148438,-70.5691375732422,-47.4701347351074
91.5661965540448,-170.50471496582,-69.7010192871094,-46.6152420043945
91.5828636878341,-170.766067504883,-68.7842254638672,-45.5473556518555
91.5995308216234,-171.179809570312,-67.9468231201172,-44.3282623291016
91.6161979554136,-171.828125,-67.2445526123047,-42.9059677124023
91.6328650892019,-172.404998779297,-66.5792236328125,-41.6209945678711
91.6495322229921,-172.911865234375,-65.9312286376953,-40.4032859802246
91.6661993567814,-173.418441772461,-65.2869338989258,-39.2080612182617
91.6828664905706,-173.951766967773,-64.639778137207,-38.0053672790527
91.6995336243599,-174.618728637695,-64.0725936889648,-36.7708396911621
91.7162007581492,-175.516738891602,-63.6350631713867,-35.4429626464844
91.7328678919384,-176.555358886719,-63.3359298706055,-34.0897483825684
91.7495350257277,-177.724349975586,-63.1232833862305,-32.7404251098633
91.7662021595179,-179.002593994141,-63.0055046081543,-31.4189701080322
91.7828692933062,179.819244384766,-62.9713745117188,-30.3092823028564
91.7995364270964,178.593383789062,-63.0103607177734,-29.2283916473389
91.8162035608857,176.692108154297,-63.1053886413574,-27.6169872283936
91.832870694675,175.249755859375,-63.1681976318359,-26.5065937042236
91.8495378284642,174.384689331055,-63.2668190002441,-26.016731262207
91.8662049622535,173.798477172852,-63.3660888671875,-25.8332061767578
91.8828720960428,174.170120239258,-63.4351501464844,-26.5671939849854
91.899539229832,175.309936523438,-63.363883972168,-27.943208694458
91.9162063636222,176.219741821289,-63.1912651062012,-28.974250793457
91.9328734974106,177.557006835938,-62.9317855834961,-30.4086246490479
91.9495406312008,179.280670166016,-62.7332000732422,-32.2115631103516
91.96620776499,-178.674301147461,-62.6892738342285,-34.2432136535645
91.9828748987793,-176.566787719727,-62.7801628112793,-36.2448997497559
91.9995420325686,-174.761245727539,-62.9539756774902,-37.9359855651855
92.0162091663578,-173.155609130859,-63.2291641235352,-39.4624977111816
92.0328763001471,-171.660034179688,-63.6152687072754,-40.927417755127
92.0495434339364,-170.263656616211,-64.1022644042969,-42.3282203674316
92.0662105677266,-168.911972045898,-64.6059951782227,-43.7686500549316
92.0828777015149,-167.659606933594,-65.0749435424805,-45.2072944641113
92.0995448353051,-166.719787597656,-65.4795379638672,-46.3264961242676
92.1162119690944,-166.296157836914,-65.8683242797852,-46.9913215637207
92.1328791028836,-165.974838256836,-66.1832656860352,-47.6302070617676
92.1495462366729,-165.780380249023,-66.4764633178711,-48.1717758178711
92.1662133704622,-165.664840698242,-66.7276153564453,-48.6280822753906
92.1828805042514,-165.51252746582,-66.9074478149414,-49.1013221740723
92.1995476380407,-165.334106445312,-67.0182876586914,-49.5647964477539
92.2162147718309,-165.143249511719,-67.1034164428711,-50.0033836364746
92.2328819056193,-164.906524658203,-67.1535873413086,-50.4322090148926
92.2495490394094,-164.674362182617,-67.1785888671875,-50.833667755127
92.2662161731987,-164.488616943359,-67.1719589233398,-51.1622352600098
92.282883306988,-164.419021606445,-67.1475982666016,-51.3261108398438
92.2995504407772,-164.406127929688,-67.0871124267578,-51.3746223449707
92.3162175745665,-164.362289428711,-66.9939956665039,-51.3911590576172
92.3328847083558,-164.314926147461,-66.9064712524414,-51.3880271911621
92.349551842145,-164.393829345703,-66.8861923217773,-51.2506217956543
92.3662189759352,-164.740447998047,-66.9908752441406,-50.8594436645508
92.3828861097236,-164.819961547852,-67.1646499633789,-50.7741470336914
92.3995532435138,-164.274276733398,-67.2502975463867,-51.3339042663574
92.416220377303,-164.869888305664,-67.7002716064453,-50.852123260498
92.4328875110923,-164.806243896484,-67.9293594360352,-51.0135803222656
92.4495546448816,-164.784866333008,-68.1972579956055,-51.2058601379395
92.4662217786708,-165.981536865234,-68.5582046508789,-50.4397392272949
92.4828889124601,-167.085037231445,-68.870964050293,-49.8438606262207
92.4995560462494,-168.015991210938,-69.1873626708984,-49.5547752380371
92.5162231800396,-168.973846435547,-69.4910659790039,-49.352611541748
92.5328903138279,-169.654479980469,-69.7602157592773,-49.2685508728027
92.5495574476181,-169.903396606445,-69.9555969238281,-49.4571685791016
92.5662245814074,-169.204025268555,-70.1105651855469,-50.4538078308105
92.5828917151966,-168.567337036133,-70.2546920776367,-51.3487815856934
92.5995588489859,-167.826507568359,-70.3382415771484,-52.2518920898438
92.6162259827752,-166.786712646484,-70.3070755004883,-53.3260040283203
92.6328931165644,-165.700622558594,-70.1251525878906,-54.3115844726562
92.6495602503537,-164.685821533203,-69.8217926025391,-55.0888519287109
92.6662273841439,-163.903198242188,-69.4318923950195,-55.5234832763672
92.6828945179323,-163.432571411133,-69.0049819946289,-55.5753402709961
92.6995616517224,-163.316253662109,-68.5829925537109,-55.2454414367676
92.7162287855117,-163.506607055664,-68.2310256958008,-54.6067848205566
92.732895919301,-163.948013305664,-67.9574813842773,-53.6997756958008
92.7495630530902,-164.605056762695,-67.7487182617188,-52.5761413574219
92.7662301868795,-165.357299804688,-67.5748748779297,-51.3766288757324
92.7828973206688,-166.116836547852,-67.4109039306641,-50.1990547180176
92.7995644544581,-166.868988037109,-67.2863159179688,-49.0747718811035
92.8162315882482,-167.580230712891,-67.2434768676758,-48.0507164001465
92.8328987220366,-168.149978637695,-67.2496032714844,-47.2633743286133
92.8495658558268,-168.608840942383,-67.2626495361328,-46.6273498535156
92.866232989616,-169.403015136719,-67.301155090332,-45.7377586364746
92.8829001234053,-170.733352661133,-67.4155654907227,-44.4995422363281
92.8995672571946,-172.856491088867,-67.6616668701172,-42.7023658752441
92.9162343909838,-175.750701904297,-67.9358520507812,-40.3587875366211
92.9329015247731,-179.430801391602,-68.2181091308594,-37.4490127563477
92.9495686585624,176.567810058594,-68.4078598022461,-34.3526000976562
92.9662357923526,172.830078125,-68.4817276000977,-31.5326347351074
92.9829029261409,170.067626953125,-68.582405090332,-29.7071228027344
92.9995700599311,168.577163696289,-68.7315902709961,-29.0687313079834
93.0162371937204,166.855361938477,-68.992790222168,-28.191104888916
93.0329043275096,165.761474609375,-69.1105117797852,-27.8732013702393
93.0495714612989,165.937973022461,-69.2288513183594,-28.614107131958
93.0662385950882,166.37890625,-69.3976745605469,-29.5717105865479
93.0829057288774,167.313812255859,-69.5904006958008,-30.9426689147949
93.0995728626667,168.480865478516,-69.7725296020508,-32.4924964904785
93.1162399964569,169.612197875977,-69.9088821411133,-33.917293548584
93.1329071302453,171.137680053711,-69.9933547973633,-35.6465377807617
93.1495742640354,172.758560180664,-70.0565795898438,-37.3905334472656
93.1662413978247,174.757843017578,-70.0968856811523,-39.4386177062988
93.182908531614,176.707077026367,-70.1899185180664,-41.3878898620605
93.1995756654032,178.140502929688,-70.3346710205078,-42.8275680541992
93.2162427991925,179.606552124023,-70.536003112793,-44.3134613037109
93.2329099329818,-178.86067199707,-70.7900314331055,-45.861686706543
93.2495770667711,-177.203994750977,-71.0443420410156,-47.5245628356934
93.2662442005612,-175.406646728516,-71.294059753418,-49.2949676513672
93.2829113343496,-173.639770507812,-71.5213851928711,-51.0093612670898
93.2995784681398,-172.038955688477,-71.7195663452148,-52.5494918823242
93.316245601929,-170.676177978516,-71.8899154663086,-53.86669921875
93.3329127357183,-169.557678222656,-72.0137557983398,-54.9537200927734
93.3495798695076,-168.709350585938,-72.1255722045898,-55.7993011474609
93.3662470032968,-168.074462890625,-72.2066345214844,-56.4493293762207
93.3829141370861,-167.583908081055,-72.2405776977539,-56.9696388244629
93.3995812708754,-167.226577758789,-72.261474609375,-57.3853797912598
93.4162484046656,-166.988265991211,-72.2691116333008,-57.6830177307129
93.4329155384539,-166.782485961914,-72.2512054443359,-57.9529418945312
93.4495826722441,-166.594223022461,-72.1962051391602,-58.2038345336914
93.4662498060334,-166.565444946289,-72.1397705078125,-58.2996406555176
93.4829169398226,-166.554672241211,-72.0614166259766,-58.3360176086426
93.4995840736119,-166.733444213867,-71.980827331543,-58.1598587036133
93.5162512074012,-167.335235595703,-71.9165954589844,-57.5830993652344
93.5329183411905,-168.502212524414,-71.8849639892578,-56.5010757446289
93.5495854749797,-170.07698059082,-71.8304824829102,-55.0484771728516
93.5662526087699,-171.528106689453,-71.6921768188477,-53.7007255554199
93.5829197425583,-172.137741088867,-71.4162979125977,-53.1316108703613
93.5995868763484,-172.183166503906,-71.2325744628906,-53.0740013122559
93.6162540101377,-173.252960205078,-71.2132873535156,-52.0814552307129
93.632921143927,-172.630889892578,-71.1951370239258,-52.5788421630859
93.6495882777162,-171.465621948242,-71.3634033203125,-53.586986541748
93.6662554115055,-170.399185180664,-71.7120361328125,-54.5727424621582
93.6829225452948,-168.556533813477,-72.0874328613281,-56.2462882995605
93.6995896790841,-166.591079711914,-72.4935836791992,-58.0644149780273
93.7162568128742,-164.865982055664,-72.9804763793945,-59.7135925292969
93.7329239466626,-163.168075561523,-73.4788360595703,-61.3012619018555
93.7495910804528,-160.646560668945,-73.8377304077148,-63.5867538452148
93.766258214242,-157.668090820312,-74.0759658813477,-66.2970581054688
93.7829253480313,-154.905578613281,-74.2320785522461,-68.8556747436523
93.7995924818206,-152.196578979492,-74.2887420654297,-71.3478012084961
93.8162596156099,-149.567947387695,-74.2601547241211,-73.7568130493164
93.8329267493991,-147.299667358398,-74.1693878173828,-75.826171875
93.8495938831884,-145.455078125,-74.0327072143555,-77.4771347045898
93.8662610169786,-144.147842407227,-73.8643951416016,-78.5873947143555
93.8829281507669,-143.360916137695,-73.6680450439453,-79.1754760742188
93.8995952845571,-143.108139038086,-73.4613800048828,-79.2389831542969
93.9162624183464,-143.350311279297,-73.2739028930664,-78.8415069580078
93.9329295521356,-143.898147583008,-73.0853652954102,-78.1529235839844
93.9495966859249,-144.550506591797,-72.9085540771484,-77.363166809082
93.9662638197142,-145.247314453125,-72.758903503418,-76.5429611206055
93.9829309535035,-145.864868164062,-72.5947799682617,-75.7976531982422
93.9995980872927,-146.337707519531,-72.4174118041992,-75.1931686401367
94.0162652210829,-146.737823486328,-72.2400054931641,-74.6775054931641
94.0329323548713,-147.113922119141,-72.1089477539062,-74.2057647705078
94.0495994886614,-147.526092529297,-71.9897613525391,-73.7055511474609
94.0662666224507,-148.063858032227,-71.9010162353516,-73.0896072387695
94.08293375624,-148.689254760742,-71.7943878173828,-72.4270706176758
94.0996008900293,-149.439559936523,-71.7012329101562,-71.6946792602539
94.1162680238185,-150.399612426758,-71.6659240722656,-70.8261413574219
94.1329351576078,-151.648635864258,-71.7070693969727,-69.741569519043
94.1496022913971,-152.930801391602,-71.791145324707,-68.677375793457
94.1662694251872,-154.118560791016,-71.8740997314453,-67.7447128295898
94.1829365589756,-154.783187866211,-71.8694610595703,-67.3638763427734
94.1996036927658,-154.653594970703,-71.9405288696289,-67.6980133056641
94.216270826555,-155.624084472656,-72.3206100463867,-67.1859283447266
94.2329379603443,-155.974090576172,-72.45947265625,-67.1502685546875
94.2496050941336,-155.031295776367,-72.3830032348633,-68.1790161132812
94.2662722279229,-154.464477539062,-72.3098449707031,-68.9133834838867
94.2829393617121,-153.31787109375,-71.9658279418945,-70.1001205444336
94.2996064955014,-152.484405517578,-71.8010940551758,-70.9829025268555
94.3162736292916,-152.418685913086,-71.7191696166992,-71.1739883422852
94.3329407630799,-151.552352905273,-71.5311126708984,-72.0681915283203
94.3496078968701,-150.696151733398,-71.3291549682617,-72.9658279418945
94.3662750306594,-149.771789550781,-71.1524353027344,-73.9007339477539
94.3829421644487,-148.95947265625,-71.0127639770508,-74.7276306152344
94.3996092982379,-148.394638061523,-70.9563980102539,-75.3529739379883
94.4162764320272,-147.869705200195,-70.9264297485352,-75.9358596801758
94.4329435658165,-147.481018066406,-70.9359893798828,-76.3781433105469
94.4496106996057,-147.259674072266,-71.0057067871094,-76.6528472900391
94.4662778333959,-147.152618408203,-71.1281433105469,-76.8364639282227
94.4829449671843,-147.601913452148,-71.3077011108398,-76.397590637207
94.4996121009744,-148.633926391602,-71.5945053100586,-75.4541397094727
94.5162792347637,-150.064682006836,-71.8913116455078,-74.1682357788086
94.532946368553,-151.882873535156,-72.1841735839844,-72.4795608520508
94.5496135023423,-153.988845825195,-72.4905319213867,-70.5026473999023
94.5662806361315,-156.23876953125,-72.7816772460938,-68.3616256713867
94.5829477699208,-158.423278808594,-73.0318832397461,-66.2213592529297
94.5996149037101,-160.571228027344,-73.2474822998047,-64.0487365722656
94.6162820375002,-162.763137817383,-73.4343414306641,-61.7684211730957
94.6329491712886,-164.737640380859,-73.5227737426758,-59.6351737976074
94.6496163050788,-166.536849975586,-73.5358657836914,-57.544261932373
94.666283438868,-168.348342895508,-73.4886093139648,-55.3781471252441
94.6829505726573,-170.339752197266,-73.3972396850586,-52.9999084472656
94.6996177064466,-172.444961547852,-73.2511672973633,-50.454662322998
94.7162848402359,-174.540756225586,-73.09130859375,-47.9034767150879
94.7329519740251,-176.468490600586,-72.9249649047852,-45.5067443847656
94.7496191078144,-178.096038818359,-72.7715530395508,-43.401912689209
94.7662862416046,-178.592132568359,-72.6358413696289,-42.4357872009277
94.7829533753938,-178.417663574219,-72.6421203613281,-41.9925651550293
94.7996205091831,179.767578125,-72.7517547607422,-39.8481292724609
94.8162876429724,179.414428710938,-72.767951965332,-39.0242347717285
94.8329547767617,179.093368530273,-72.7945709228516,-38.2947425842285
94.8496219105509,178.051834106445,-72.7644958496094,-37.1015434265137
94.8662890443402,177.341430664062,-72.8332824707031,-36.3044319152832
94.8829561781295,176.426040649414,-73.027961730957,-35.4957695007324
94.8996233119187,174.689331054688,-73.3816223144531,-34.0340538024902
94.9162904457089,173.530181884766,-73.7480697631836,-33.0915222167969
94.9329575794982,173.544891357422,-74.1865081787109,-33.2132453918457
94.9496247132874,173.980987548828,-74.6120834350586,-33.7162818908691
94.9662918470767,174.608123779297,-74.9204177856445,-34.3558044433594
94.982958980866,175.476089477539,-75.0549621582031,-35.148811340332
94.9996261146553,176.425262451172,-75.0000839233398,-35.9456520080566
95.0162932484445,177.371795654297,-74.7820358276367,-36.6799545288086
95.0329603822338,178.322174072266,-74.3906021118164,-37.3552398681641
95.0496275160231,179.00798034668,-73.8332748413086,-37.7182579040527
95.0662946498132,179.356948852539,-73.158317565918,-37.7232971191406
95.0829617836025,179.435211181641,-72.4045028686523,-37.4464378356934
95.0996289173918,179.375442504883,-71.5977096557617,-37.0069389343262
95.1162960511811,179.186660766602,-70.7895202636719,-36.4428215026855
95.1329631849703,178.865600585938,-69.9743270874023,-35.7410049438477
95.1496303187596,178.52864074707,-69.1438217163086,-35.0413246154785
95.1662974525489,178.164749145508,-68.3090133666992,-34.3317565917969
95.1829645863381,177.859512329102,-67.4712905883789,-33.7004928588867
95.1996317201274,177.622192382812,-66.6874313354492,-33.1582107543945
95.2162988539176,177.446441650391,-65.9657440185547,-32.7077407836914
95.2329659877068,177.279754638672,-65.3503112792969,-32.3081512451172
95.2496331214961,176.980712890625,-64.8367004394531,-31.8624229431152
95.2663002552854,176.494186401367,-64.42041015625,-31.2900428771973
95.2829673890747,175.750640869141,-64.1123809814453,-30.5185432434082
95.2996345228639,174.751983642578,-63.870288848877,-29.5851249694824
95.3163016566532,173.525741577148,-63.657527923584,-28.4992809295654
95.3329687904425,172.143447875977,-63.4861907958984,-27.3601417541504
95.3496359242317,170.987075805664,-63.3714179992676,-26.5090732574463
95.3663030580219,170.466735839844,-63.365291595459,-26.3204689025879
95.3829701918112,169.531036376953,-63.6369972229004,-25.7341289520264
95.3996373256005,168.30192565918,-63.8634910583496,-24.9844551086426
95.4163044593897,168.387939453125,-64.0808868408203,-25.5325412750244
95.432971593179,169.012878417969,-64.3085250854492,-26.561580657959
95.4496387269683,169.534423828125,-64.3982467651367,-27.5677375793457
95.4663058607575,170.329849243164,-64.3345413208008,-28.8476181030273
95.4829729945468,171.476058959961,-64.0412368774414,-30.4088191986084
95.4996401283361,172.370727539062,-63.6695899963379,-31.7023811340332
95.5163072621262,173.189651489258,-63.3071670532227,-32.8719215393066
95.5329743959155,174.310607910156,-63.064640045166,-34.2577896118164
95.5496415297048,175.152725219727,-62.9883460998535,-35.3650741577148
95.5663086634941,175.836669921875,-63.0486907958984,-36.2935066223145
95.5829757972833,176.56071472168,-63.2277793884277,-37.2262649536133
95.5996429310726,177.249801635742,-63.5186920166016,-38.1096229553223
95.6163100648619,177.961807250977,-63.9150199890137,-38.9894676208496
95.6329771986511,178.672256469727,-64.3686141967773,-39.8524894714355
95.6496443324404,179.3369140625,-64.8709945678711,-40.7161331176758
95.6663114662306,-179.906845092773,-65.3505706787109,-41.7367210388184
95.6829786000199,-179.471664428711,-65.7230072021484,-42.3510131835938
95.6996457338091,-179.192184448242,-66.0217971801758,-42.8730773925781
95.7163128675984,-178.785995483398,-66.1859512329102,-43.5218276977539
95.7329800013877,-178.487884521484,-66.2550735473633,-44.0077362060547
95.7496471351769,-178.306091308594,-66.2645263671875,-44.3634643554688
95.7663142689662,-178.097305297852,-66.2175521850586,-44.7445411682129
95.7829814027555,-177.858581542969,-66.1463165283203,-45.1257438659668
95.7996485365447,-177.649993896484,-66.0577774047852,-45.4444465637207
95.8163156703349,-177.519149780273,-65.9768524169922,-45.6761627197266
95.8329828041242,-177.403762817383,-65.888298034668,-45.8503189086914
95.8496499379135,-177.290908813477,-65.7920608520508,-45.9821434020996
95.8663170717027,-177.272064208984,-65.677619934082,-45.9959144592285
95.882984205492,-177.194442749023,-65.5374984741211,-46.0258178710938
95.8996513392813,-177.076065063477,-65.4646148681641,-46.0923957824707
95.9163184730705,-176.943603515625,-65.4702529907227,-46.1794662475586
95.9329856068598,-176.543090820312,-65.5719375610352,-46.5871963500977
95.9496527406491,-175.647872924805,-65.5959930419922,-47.4936752319336
95.9663198744393,-175.709060668945,-65.8010101318359,-47.4244651794434
95.9829870082285,-175.747116088867,-65.8807983398438,-47.4210205078125
95.9996541420178,-175.034683227539,-65.8644332885742,-48.2213287353516
96.0163212758071,-174.867309570312,-65.9164047241211,-48.564266204834
96.0329884095963,-174.92854309082,-65.9205627441406,-48.7563972473145
96.0496555433856,-174.739669799805,-65.8657531738281,-49.260311126709
96.0663226771749,-175.137603759766,-65.9220199584961,-49.2307662963867
96.0829898109641,-176.028945922852,-66.0083923339844,-48.7968330383301
96.0996569447534,-175.963836669922,-66.0718612670898,-49.0855865478516
96.1163240785436,-175.635696411133,-66.107780456543,-49.6588172912598
96.1329912123329,-175.515899658203,-66.074348449707,-50.032844543457
96.1496583461221,-175.380920410156,-65.9556503295898,-50.3555145263672
96.1663254799114,-175.247634887695,-65.7566070556641,-50.6220092773438
96.1829926137007,-175.135757446289,-65.4724349975586,-50.8567962646484
96.1996597474899,-175.031677246094,-65.0736846923828,-51.0614242553711
96.2163268812792,-175.074417114258,-64.5826416015625,-51.1127548217773
96.2329940150685,-175.485366821289,-64.0004119873047,-50.8603401184082
96.2496611488577,-176.099853515625,-63.3155822753906,-50.4254531860352
96.2663282826479,-176.75666809082,-62.4804801940918,-49.9574394226074
96.2829954164372,-177.580047607422,-61.5405311584473,-49.3546257019043
96.2996625502265,-178.693511962891,-60.5021324157715,-48.5557594299316
96.3163296840157,-179.986618041992,-59.4071884155273,-47.691951751709
96.332996817805,178.629119873047,-58.3302040100098,-46.7857513427734
96.3496639515943,177.340042114258,-57.2570419311523,-45.9697723388672
96.3663310853835,176.241149902344,-56.2317276000977,-45.290714263916
96.3829982191728,175.35270690918,-55.2676048278809,-44.7348861694336
96.3996653529621,174.787750244141,-54.4345779418945,-44.3342628479004
96.4163324867523,174.362030029297,-53.8039779663086,-43.9225997924805
96.4329996205415,173.859298706055,-53.3737983703613,-43.3944244384766
96.4496667543308,173.110443115234,-53.2021522521973,-42.6512145996094
96.4663338881201,172.027542114258,-53.3042182922363,-41.6694946289062
96.4830010219093,170.598266601562,-53.6464729309082,-40.4848670959473
96.4996681556986,168.787124633789,-54.2610931396484,-39.1478500366211
96.5163352894879,166.799453735352,-55.0666427612305,-37.8674163818359
96.5330024232771,164.652099609375,-55.7515716552734,-36.5235977172852
96.5496695570664,162.599945068359,-56.5050964355469,-35.4485702514648
96.5663366908566,161.173446655273,-57.2836418151855,-35.031982421875
96.5830038246459,159.793518066406,-58.0072326660156,-34.7789497375488
96.5996709584351,158.603286743164,-58.6671524047852,-34.898754119873
96.6163380922244,158.289077758789,-59.270263671875,-35.7418556213379
96.6330052260137,158.114532470703,-59.7919960021973,-36.7781829833984
96.6496723598029,158.316741943359,-60.0796356201172,-38.2579460144043
96.6663394935922,159.052673339844,-60.0766105651855,-39.9820289611816
96.6830066273815,159.695495605469,-59.8694152832031,-41.6363792419434
96.6996737611707,160.567001342773,-59.5262603759766,-43.4274253845215
96.7163408949609,162.266647338867,-59.046630859375,-45.5877265930176
96.7330080287502,164.368698120117,-58.5066566467285,-47.7704772949219
96.7496751625395,166.153594970703,-58.0010719299316,-49.5773658752441
96.7663422963287,167.544158935547,-57.5693550109863,-50.9817161560059
96.783009430118,168.841766357422,-57.2653350830078,-52.1650161743164
96.7996765639073,169.957580566406,-57.1023750305176,-53.0670394897461
96.8163436976965,170.698760986328,-57.0969161987305,-53.6032867431641
96.8330108314858,171.142547607422,-57.245002746582,-53.8306350708008
96.8496779652751,171.381881713867,-57.5071411132812,-53.7966194152832
96.8663450990653,171.616744995117,-57.8223075866699,-53.7032737731934
96.8830122328545,171.764465332031,-58.1482086181641,-53.3480453491211
96.8996793666438,171.481582641602,-58.527904510498,-52.5589866638184
96.9163465004331,171.085693359375,-58.9461517333984,-51.75732421875
96.9330136342223,170.709655761719,-59.3448715209961,-50.9106101989746
96.9496807680116,170.230621337891,-59.7333374023438,-49.9743843078613
96.9663479018009,169.658676147461,-60.1092376708984,-49.0026168823242
96.9830150355901,169.091094970703,-60.4571342468262,-48.0564727783203
96.9996821693794,168.520095825195,-60.7745513916016,-47.1454429626465
97.0163493031696,168.062271118164,-61.0130424499512,-46.3429679870605
97.0330164369589,167.63444519043,-61.1651992797852,-45.5690956115723
97.0496835707481,167.110382080078,-61.228645324707,-44.7131423950195
97.0663507045374,166.394836425781,-61.2454261779785,-43.7058296203613
97.0830178383267,165.453704833984,-61.2175941467285,-42.5170059204102
97.0996849721159,164.335098266602,-61.1528625488281,-41.1990242004395
97.1163521059052,163.193786621094,-61.0085067749023,-39.9016532897949
97.1330192396945,162.092346191406,-60.7446556091309,-38.5239677429199
97.1496863734837,161.745315551758,-60.4759902954102,-37.9017601013184
97.1663535072739,161.978057861328,-60.1484031677246,-37.6070976257324
97.1830206410632,161.346664428711,-60.0777168273926,-36.5826416015625
97.1996877748525,161.789077758789,-60.0249061584473,-36.6121635437012
97.2163549086417,162.293930053711,-60.1705055236816,-36.4873352050781
97.233022042431,162.394561767578,-60.4038925170898,-36.1748199462891
97.2496891762203,162.976654052734,-60.7388801574707,-36.2514343261719
97.2663563100095,163.485763549805,-61.2633628845215,-36.2464866638184
97.2830234437988,163.374465942383,-61.8293647766113,-35.9671440124512
97.2996905775881,163.713104248047,-62.4266929626465,-36.0603103637695
97.3163577113783,165.049667358398,-63.0858955383301,-37.1042404174805
97.3330248451675,166.539901733398,-63.561466217041,-38.2311363220215
97.3496919789568,167.966430664062,-63.7804374694824,-39.485912322998
97.3663591127461,169.672760009766,-63.7098655700684,-40.9661865234375
97.3830262465353,171.32568359375,-63.3915328979492,-42.3554229736328
97.3996933803246,172.469253540039,-62.8947448730469,-43.372428894043
97.4163605141139,173.297439575195,-62.2577133178711,-44.0663757324219
97.4330276479031,174.040954589844,-61.5200691223145,-44.5491523742676
97.4496947816924,174.646957397461,-60.7389755249023,-44.8135757446289
97.4663619154826,175.034790039062,-59.9797172546387,-44.8348922729492
97.4830290492719,175.216094970703,-59.2468376159668,-44.5891036987305
97.4996961830611,175.178680419922,-58.5781211853027,-44.0966911315918
97.5163633168504,175.060699462891,-57.9663009643555,-43.4965476989746
97.5330304506397,174.913009643555,-57.417049407959,-42.8058738708496
97.5496975844289,174.671966552734,-56.9415092468262,-42.0057601928711
97.5663647182182,174.447082519531,-56.5398101806641,-41.238941192627
97.5830318520075,174.240432739258,-56.2106323242188,-40.545036315918
97.5996989857967,173.949508666992,-55.9732971191406,-39.8288154602051
97.6163661195869,173.65217590332,-55.7554473876953,-39.1943359375
97.6330332533762,173.267028808594,-55.5323104858398,-38.6293563842773
97.6497003871655,172.760879516602,-55.2846298217773,-38.0483360290527
97.6663675209547,172.225341796875,-55.0470161437988,-37.5205841064453
97.683034654744,171.693984985352,-54.8452033996582,-36.993480682373
97.6997017885333,171.140930175781,-54.6907653808594,-36.4708251953125
97.7163689223225,170.655227661133,-54.6005744934082,-36.0001640319824
97.7330360561127,170.111831665039,-54.5672416687012,-35.5035209655762
97.7497031899011,168.782943725586,-54.7018775939941,-34.3001556396484
97.7663703236913,167.049346923828,-54.8943748474121,-32.8261413574219
97.7830374574805,165.392013549805,-55.112678527832,-31.4260807037354
97.7997045912698,163.837799072266,-55.4095764160156,-30.2358570098877
97.8163717250591,162.773498535156,-55.7103729248047,-29.6438541412354
97.8330388588483,162.960067749023,-55.9917182922363,-30.1776027679443
97.8497059926376,164.079849243164,-56.2085609436035,-31.4525871276855
97.8663731264269,164.981491088867,-56.3766860961914,-32.5293998718262
97.8830402602171,165.738204956055,-56.4846801757812,-33.5420608520508
97.8997073940054,166.919357299805,-56.5687294006348,-34.9576187133789
97.9163745277956,168.252075195312,-56.7301788330078,-36.5205230712891
97.9330416615849,169.324981689453,-56.9428749084473,-37.8575057983398
97.9497087953741,170.260559082031,-57.1304092407227,-39.0528450012207
97.9663759291634,171.236053466797,-57.3388519287109,-40.2463645935059
97.9830430629527,172.184112548828,-57.6096267700195,-41.384838104248
97.9997101967419,173.067916870117,-57.9258460998535,-42.4233055114746
98.0163773305312,173.855239868164,-58.2722930908203,-43.3339653015137
98.0330444643214,174.545303344727,-58.669605255127,-44.2232246398926
98.0497115981098,175.00732421875,-59.0185775756836,-44.7476501464844
98.0663787318999,175.148361206055,-59.3849563598633,-44.9472503662109
98.0830458656892,175.378433227539,-59.7363357543945,-45.3211212158203
98.0997129994785,175.499923706055,-60.0642547607422,-45.5608558654785
98.1163801332677,175.45947265625,-60.3988914489746,-45.6813354492188
98.133047267057,175.328201293945,-60.7295265197754,-45.7426376342773
98.1497144008463,175.126937866211,-61.0460166931152,-45.7695007324219
98.1663815346355,174.823532104492,-61.3397979736328,-45.7037315368652
98.1830486684257,174.489807128906,-61.6162452697754,-45.6022453308105
98.1997158022141,174.302734375,-61.8411636352539,-45.6323356628418
98.2163829360043,174.038146972656,-62.0026206970215,-45.5266571044922
98.2330500697935,173.597274780273,-62.0966987609863,-45.1907234191895
98.2497172035828,173.166015625,-62.1552543640137,-44.777889251709
98.2663843373721,172.94401550293,-62.1739082336426,-44.46923828125
98.2830514711613,172.732528686523,-62.1889762878418,-44.1155548095703
98.2997186049506,172.393814086914,-62.1982917785645,-43.6149673461914
98.3163857387399,171.936019897461,-62.1766052246094,-42.8767509460449
98.3330528725301,171.971725463867,-62.060863494873,-42.572078704834
98.3497200063184,171.568313598633,-62.0252952575684,-41.7159194946289
98.3663871401086,170.536239624023,-61.9975852966309,-40.3236465454102
98.3830542738979,170.676834106445,-61.9805641174316,-40.0532150268555
98.3997214076871,170.986938476562,-62.2350654602051,-40.0394287109375
98.4163885414764,171.404510498047,-62.659610748291,-40.1511154174805
98.4330556752657,172.000640869141,-63.1624908447266,-40.5107612609863
98.4497228090549,172.661605834961,-63.5341339111328,-41.0028266906738
98.4663899428442,172.45051574707,-63.8160552978516,-40.6716957092285
98.4830570766344,172.117660522461,-64.0024032592773,-40.2730140686035
98.4997242104228,172.395721435547,-64.1457977294922,-40.4079551696777
98.5163913442129,173.05598449707,-64.210823059082,-40.7802200317383
98.5330584780022,173.739639282227,-64.2386932373047,-41.1351318359375
98.5497256117915,174.473434448242,-64.2029495239258,-41.4664154052734
98.5663927455807,175.419418334961,-64.1154098510742,-41.924747467041
98.58305987937,176.509063720703,-63.9934768676758,-42.478141784668
98.5997270131593,177.491012573242,-63.8346824645996,-42.912899017334
98.6163941469486,178.175094604492,-63.6325645446777,-43.0634155273438
98.6330612807387,178.497741699219,-63.3927536010742,-42.9138832092285
98.6497284145271,178.490447998047,-63.1192741394043,-42.4869346618652
98.6663955483173,178.286743164062,-62.8275375366211,-41.8924293518066
98.6830626821065,177.955505371094,-62.5149879455566,-41.1780815124512
98.6997298158958,177.544555664062,-62.1814002990723,-40.36181640625
98.7163969496851,177.102691650391,-61.8484840393066,-39.5168151855469
98.7330640834743,176.626678466797,-61.5142364501953,-38.6490020751953
98.7497312172636,176.152984619141,-61.1589012145996,-37.807502746582
98.7663983510529,175.697113037109,-60.8321914672852,-37.0263519287109
98.7830654848431,175.251998901367,-60.565071105957,-36.3215446472168
98.7997326186314,174.827484130859,-60.354808807373,-35.704662322998
98.8163997524216,174.467559814453,-60.2209739685059,-35.270694732666
98.8330668862109,174.019195556641,-60.1807556152344,-34.8343696594238
98.8497340200001,173.525497436523,-60.2423973083496,-34.4769668579102
98.8664011537894,172.836502075195,-60.320972442627,-33.976863861084
98.8830682875787,171.91130065918,-60.4150123596191,-33.3560218811035
98.899735421368,170.779968261719,-60.5408172607422,-32.6198043823242
98.9164025551572,169.812088012695,-60.7392807006836,-32.1157760620117
98.9330696889474,169.386260986328,-60.915958404541,-32.176139831543
98.9497368227358,168.845321655273,-61.166618347168,-32.0540809631348
98.9664039565259,167.972808837891,-61.399055480957,-31.7116394042969
98.9830710903152,168.156219482422,-61.5571479797363,-32.2765312194824
98.9997382241045,168.594314575195,-61.7738990783691,-33.1127243041992
99.0164053578937,168.416702270508,-61.9322891235352,-33.383171081543
99.033072491683,168.694946289062,-61.8367080688477,-34.0393257141113
99.0497396254723,169.582366943359,-61.5074462890625,-35.1719017028809
99.0664067592616,170.148574829102,-61.0877151489258,-35.9276237487793
99.0830738930517,171.104293823242,-60.6079978942871,-36.9631004333496
99.0997410268401,172.191558837891,-60.2146949768066,-38.0726661682129
99.1164081606303,172.963256835938,-59.9282455444336,-38.830753326416
99.1330752944195,173.506118774414,-59.7806510925293,-39.3379211425781
99.1497424282088,173.845428466797,-59.789005279541,-39.6435241699219
99.1664095619981,174.089569091797,-59.9333534240723,-39.8810348510742
99.1830766957873,174.18537902832,-60.1771278381348,-40.0016860961914
99.1997438295766,174.04150390625,-60.5070343017578,-39.8990478515625
99.2164109633659,173.934753417969,-60.9002418518066,-39.9236030578613
99.2330780971561,173.622344970703,-61.2834892272949,-39.6479377746582
99.2497452309444,173.125534057617,-61.7393035888672,-39.3298149108887
99.2664123647346,172.501556396484,-62.1730690002441,-38.9334297180176
99.2830794985239,171.738296508789,-62.5872383117676,-38.4781455993652
99.2997466323131,170.804611206055,-62.9771537780762,-37.9137191772461
99.3164137661024,169.880996704102,-63.3568572998047,-37.3892021179199
99.3330808998917,169.054916381836,-63.7034873962402,-36.966495513916
99.349748033681,168.244247436523,-64.0203704833984,-36.5555152893066
99.3664151674702,167.688674926758,-64.2742462158203,-36.3975791931152
99.3830823012604,167.304443359375,-64.4123001098633,-36.3777084350586
99.3997494350488,166.729400634766,-64.4403839111328,-36.1578216552734
99.4164165688389,165.943420410156,-64.3640289306641,-35.7329292297363
99.4330837026282,165.220504760742,-64.1407852172852,-35.2905158996582
99.4497508364175,164.272338867188,-63.8386764526367,-34.5380249023438
99.4664179702067,163.487335205078,-63.4749984741211,-33.9891738891602
99.483085103996,163.166854858398,-63.1299705505371,-33.855770111084
99.4997522377853,162.999450683594,-62.8054084777832,-33.7604904174805
99.5164193715746,162.480117797852,-62.5570220947266,-33.2762908935547
99.5330865053647,162.720489501953,-62.3887977600098,-33.4790077209473
99.5497536391531,163.711685180664,-62.427661895752,-34.3455200195312
99.5664207729433,164.945404052734,-62.7313194274902,-35.4237098693848
99.5830879067325,166.285873413086,-63.3211555480957,-36.7008476257324
99.5997550405218,167.492279052734,-63.8606376647949,-37.7777099609375
99.6164221743111,167.538482666016,-64.3678131103516,-37.8075294494629
99.6330893081004,166.404754638672,-64.8741912841797,-37.35546875
99.6497564418896,165.905227661133,-65.3042144775391,-37.2867431640625
99.6664235756789,166.204895019531,-65.6269989013672,-37.8427124023438
99.6830907094691,166.425033569336,-65.8049240112305,-38.3475646972656
99.6997578432574,166.31770324707,-65.8340835571289,-38.5701789855957
99.7164249770476,166.432983398438,-65.7821273803711,-38.9247283935547
99.7330921108369,167.003524780273,-65.6862411499023,-39.6076545715332
99.7497592446261,167.878509521484,-65.5484466552734,-40.4855079650879
99.7664263784154,168.733734130859,-65.3528213500977,-41.3102760314941
99.7830935122047,169.563613891602,-65.0831756591797,-42.0506248474121
99.799760645994,170.43293762207,-64.7383346557617,-42.7489128112793
99.8164277797832,171.288879394531,-64.3206329345703,-43.3364143371582
99.8330949135734,171.988845825195,-63.821460723877,-43.6761245727539
99.8497620473618,172.3369140625,-63.247314453125,-43.592716217041
99.8664291811519,172.482177734375,-62.6408462524414,-43.2077140808105
99.8830963149412,172.415939331055,-62.0771026611328,-42.5486907958984
99.8997634487305,172.259796142578,-61.592399597168,-41.7721252441406
99.9164305825198,172.090377807617,-61.2100944519043,-40.9720649719238
99.933097716309,171.785827636719,-60.9902496337891,-40.0874710083008
99.9497648500983,171.585296630859,-60.9117431640625,-39.3606567382812
99.9664319838876,171.530944824219,-60.9572868347168,-38.8134880065918
99.9830991176777,171.521667480469,-61.0549240112305,-38.3253479003906
99.9997662514661,171.219375610352,-61.2011375427246,-37.7148742675781
100.016433385256,170.488647460938,-61.3586921691895,-36.9339447021484
100.033100519046,169.546981811523,-61.533275604248,-36.0973434448242
100.049767652835,168.731475830078,-61.7557487487793,-35.5169792175293
100.066434786624,168.304794311523,-61.9706420898438,-35.350643157959
100.083101920413,168.712142944336,-62.1224136352539,-35.8145561218262
100.099769054203,168.705627441406,-62.4045219421387,-35.809455871582
100.116436187992,167.622344970703,-62.6877899169922,-35.3545074462891
100.133103321782,167.796722412109,-62.7914390563965,-35.817066192627
100.14977045557,168.085357666016,-62.8354339599609,-36.0410842895508
100.166437589361,167.530410766602,-62.7615776062012,-35.9439888000488
100.18310472315,167.229431152344,-62.5249786376953,-35.9967002868652
100.199771856939,167.058898925781,-62.1728096008301,-36.0088272094727
100.216438990728,166.780960083008,-61.6905364990234,-35.9863319396973
100.233106124518,166.807052612305,-61.1314163208008,-36.2080268859863
100.249773258307,167.453063964844,-60.6040115356445,-36.8579559326172
100.266440392096,168.117797851562,-60.217399597168,-37.5380859375
100.283107525886,168.72998046875,-60.0070304870605,-38.2011985778809
100.299774659675,169.455673217773,-59.9577369689941,-38.989917755127
100.316441793465,170.144226074219,-60.0752639770508,-39.7556228637695
100.333108927254,170.724609375,-60.3247985839844,-40.4456977844238
100.349776061043,171.297088623047,-60.6158103942871,-41.1346664428711
100.366443194833,171.816558837891,-60.940559387207,-41.7783203125
100.383110328622,172.281509399414,-61.264045715332,-42.4319953918457
100.399777462411,172.533721923828,-61.5525436401367,-42.8033485412598
100.416444596201,172.345291137695,-61.8759803771973,-42.8432312011719
100.433111729991,172.082382202148,-62.2055397033691,-42.9083671569824
100.449778863779,171.596862792969,-62.5081214904785,-42.7463111877441
100.466445997569,170.965377807617,-62.7908248901367,-42.4689140319824
100.483113131359,170.392456054688,-63.054744720459,-42.2400360107422
100.499780265148,169.839233398438,-63.2971458435059,-42.0025024414062
100.516447398937,169.309188842773,-63.5173568725586,-41.8006858825684
100.533114532726,169.00439453125,-63.6774978637695,-41.7829170227051
100.549781666516,168.873428344727,-63.7475166320801,-41.8993911743164
100.566448800305,168.427917480469,-63.7795143127441,-41.7620315551758
100.583115934095,167.647659301758,-63.7613754272461,-41.4012908935547
100.599783067883,166.797164916992,-63.7300720214844,-41.0181922912598
100.616450201674,165.778549194336,-63.6784057617188,-40.4879188537598
100.633117335463,164.794921875,-63.5967864990234,-40.0420761108398
100.649784469252,164.185607910156,-63.5414161682129,-39.919059753418
100.666451603041,164.572235107422,-63.4521217346191,-40.6773910522461
100.683118736831,164.316680908203,-63.4639205932617,-40.6233367919922
100.69978587062,163.492752075195,-63.3988609313965,-40.4541931152344
100.716453004409,164.033203125,-63.429630279541,-41.2805328369141
100.733120138199,164.503723144531,-63.6227416992188,-41.791748046875
100.749787271988,163.66162109375,-64.038444519043,-41.618335723877
100.766454405778,162.916381835938,-64.6212768554688,-41.6184730529785
100.783121539567,162.139297485352,-65.3980941772461,-41.5973014831543
100.799788673356,161.396438598633,-66.0082092285156,-41.8432350158691
100.816455807146,161.367172241211,-66.5560760498047,-42.5215759277344
100.833122940935,162.321136474609,-67.0525588989258,-44.0208053588867
100.849790074724,163.282638549805,-67.5046081542969,-45.5893287658691
100.866457208514,164.278045654297,-67.7973861694336,-47.413745880127
100.883124342304,165.776885986328,-67.8860015869141,-49.5437545776367
100.899791476092,167.583847045898,-67.822021484375,-51.8670425415039
100.916458609882,169.073547363281,-67.6578903198242,-54.0158157348633
100.933125743672,170.16584777832,-67.4091720581055,-55.898265838623
100.949792877461,171.046035766602,-67.0673065185547,-57.6093826293945
100.96646001125,171.626861572266,-66.6642074584961,-59.0752716064453
100.983127145039,171.899993896484,-66.2464599609375,-60.2538795471191
100.999794278829,171.853134155273,-65.8695297241211,-61.1175651550293
101.016461412618,171.584762573242,-65.5100936889648,-61.7770729064941
101.033128546408,171.058517456055,-65.1958312988281,-62.193489074707
101.049795680196,170.438171386719,-64.9018249511719,-62.5162658691406
101.066462813987,169.86262512207,-64.6674652099609,-62.752498626709
101.083129947776,169.196228027344,-64.525520324707,-62.8566131591797
101.099797081565,168.453582763672,-64.4699401855469,-62.9094161987305
101.116464215354,167.89176940918,-64.4801177978516,-63.0146141052246
101.133131349144,167.452590942383,-64.556640625,-63.1507339477539
101.149798482933,167.078125,-64.7350616455078,-63.2710227966309
101.166465616722,166.708831787109,-65.0184707641602,-63.31884765625
101.183132750512,166.241363525391,-65.4130401611328,-63.173267364502
101.199799884301,165.515518188477,-65.8182754516602,-62.8152961730957
101.216467018091,164.710830688477,-66.1575241088867,-62.3730506896973
101.23313415188,164.142440795898,-66.4537353515625,-61.9881553649902
101.249801285669,163.799819946289,-66.8867492675781,-61.6836013793945
101.266468419459,163.165237426758,-67.4834899902344,-61.2089653015137
101.283135553248,163.065307617188,-67.9751663208008,-61.0054664611816
101.299802687037,163.208236694336,-68.3857650756836,-60.8585014343262
101.316469820827,162.9296875,-68.6152038574219,-60.4982795715332
101.333136954617,163.257263183594,-68.5727996826172,-60.5461921691895
101.349804088405,163.635437011719,-68.4252243041992,-60.5608100891113
101.366471222195,163.539047241211,-68.151611328125,-60.3417167663574
101.383138355985,163.421875,-67.7908706665039,-60.0687828063965
101.399805489774,163.516098022461,-67.3132781982422,-59.919563293457
101.416472623563,163.646209716797,-66.7861785888672,-59.7792778015137
101.433139757352,163.740127563477,-66.2844314575195,-59.6034545898438
101.449806891142,163.714736938477,-65.9295425415039,-59.3772468566895
101.466474024931,163.769943237305,-65.6919174194336,-59.2464408874512
101.483141158721,164.122802734375,-65.5117568969727,-59.3686408996582
101.499808292509,164.680725097656,-65.3845291137695,-59.5869941711426
101.5164754263,165.344787597656,-65.3079833984375,-59.8707542419434
101.533142560089,166.024673461914,-65.2464141845703,-60.0845527648926
101.549809693878,166.673828125,-65.2811965942383,-60.2387466430664
101.566476827667,167.295425415039,-65.3869400024414,-60.3418388366699
101.583143961457,167.756301879883,-65.5545959472656,-60.3007774353027
101.599811095246,168.055603027344,-65.7736663818359,-60.1216278076172
101.616478229035,168.1533203125,-66.0249862670898,-59.7946166992188
101.633145362825,168.068481445312,-66.256462097168,-59.336368560791
101.649812496614,167.820053100586,-66.4872131347656,-58.7616271972656
101.666479630404,167.405044555664,-66.6985626220703,-58.0905265808105
101.683146764193,166.899032592773,-66.8748321533203,-57.3626327514648
101.699813897982,166.300704956055,-67.0079574584961,-56.569652557373
101.716481031772,165.771774291992,-67.0901107788086,-55.840518951416
101.733148165561,165.211868286133,-67.1076507568359,-55.0152206420898
101.74981529935,164.362060546875,-67.0499801635742,-53.9728736877441
101.76648243314,163.408355712891,-66.9157638549805,-52.8431816101074
101.78314956693,162.626815795898,-66.6916961669922,-51.7747535705566
101.799816700718,161.759613037109,-66.4134902954102,-50.5922927856445
101.816483834508,160.757507324219,-66.1344680786133,-49.3507881164551
101.833150968298,160.418746948242,-65.8264541625977,-48.6066093444824
101.849818102087,160.487808227539,-65.6249771118164,-48.0096015930176
101.866485235876,159.376281738281,-65.5089721679688,-46.6304244995117
101.883152369665,158.446136474609,-65.400520324707,-45.5802421569824
101.899819503455,158.618438720703,-65.3603897094727,-45.1793441772461
101.916486637244,158.927947998047,-65.4826889038086,-44.9278297424316
101.933153771034,159.362731933594,-65.8285522460938,-44.9279556274414
101.949820904822,160.551422119141,-66.4238739013672,-45.5377807617188
101.966488038613,161.058547973633,-67.1949157714844,-45.697826385498
101.983155172402,160.562316894531,-67.9061965942383,-45.5134582519531
101.999822306191,161.077087402344,-68.4797744750977,-46.0250244140625
102.01648943998,162.919769287109,-68.843620300293,-47.2960014343262
102.03315657377,164.325622558594,-69.0847549438477,-48.3009071350098
102.049823707559,165.414642333984,-69.1940612792969,-49.2121849060059
102.066490841348,166.693923950195,-69.1803436279297,-50.1428451538086
102.083157975138,167.777755737305,-69.0822525024414,-50.9093132019043
102.099825108927,168.474563598633,-68.8628387451172,-51.3580894470215
102.116492242717,168.973205566406,-68.5048217773438,-51.5922546386719
102.133159376506,169.227828979492,-68.0551147460938,-51.5487022399902
102.149826510295,169.201400756836,-67.5495834350586,-51.2405586242676
102.166493644085,168.981582641602,-67.015007019043,-50.731029510498
102.183160777874,168.586395263672,-66.4711151123047,-50.0443916320801
102.199827911663,168.060028076172,-65.9357223510742,-49.2362365722656
102.216495045453,167.449127197266,-65.4274749755859,-48.340404510498
102.233162179243,166.89909362793,-64.9496154785156,-47.4802589416504
102.249829313031,166.517318725586,-64.5019989013672,-46.7077026367188
102.266496446821,166.232009887695,-64.1341094970703,-46.0593070983887
102.283163580611,166.167495727539,-63.8562507629395,-45.6486663818359
102.2998307144,166.412033081055,-63.6984405517578,-45.4840621948242
102.316497848189,166.854385375977,-63.6450500488281,-45.4784812927246
102.333164981978,167.067825317383,-63.7597808837891,-45.3635559082031
102.349832115768,166.907180786133,-63.9767303466797,-45.1146926879883
102.366499249557,166.740539550781,-64.2204055786133,-44.8675422668457
102.383166383347,166.406814575195,-64.4811935424805,-44.4646949768066
102.399833517135,165.532836914062,-64.8017425537109,-43.7822799682617
102.416500650926,164.779357910156,-65.0816497802734,-43.3621253967285
102.433167784715,164.814819335938,-65.3548812866211,-43.4909019470215
102.449834918504,164.475463867188,-65.7586212158203,-43.1790428161621
102.466502052293,163.234100341797,-66.0626373291016,-42.4401588439941
102.483169186083,163.074157714844,-66.1892395019531,-42.4813613891602
102.499836319872,163.328155517578,-66.2057723999023,-42.5166854858398
102.516503453661,162.793045043945,-66.0602951049805,-42.1671295166016
102.533170587451,161.410629272461,-65.7852401733398,-41.24072265625
102.54983772124,160.394653320312,-65.3029479980469,-40.7865142822266
102.56650485503,160.074615478516,-64.6445846557617,-40.6478309631348
102.583171988819,159.66520690918,-63.8830070495605,-40.4607620239258
102.599839122609,159.483505249023,-63.079719543457,-40.533260345459
102.616506256398,159.89241027832,-62.4036636352539,-41.0149917602539
102.633173390187,160.284713745117,-61.9564819335938,-41.4556579589844
102.649840523976,160.540740966797,-61.7315521240234,-41.8125953674316
102.666507657766,160.756286621094,-61.6988410949707,-42.130500793457
102.683174791556,161.025787353516,-61.7995948791504,-42.5447616577148
102.699841925345,161.370513916016,-61.9755172729492,-43.0097427368164
102.716509059134,161.696334838867,-62.1990509033203,-43.4145660400391
102.733176192924,161.94108581543,-62.493896484375,-43.8180198669434
102.749843326713,162.204315185547,-62.7926330566406,-44.2133255004883
102.766510460502,162.314208984375,-63.0800361633301,-44.4421920776367
102.783177594291,162.251724243164,-63.3837928771973,-44.6004943847656
102.799844728081,162.065963745117,-63.6739273071289,-44.6530532836914
102.81651186187,161.781280517578,-63.9478569030762,-44.6127281188965
102.83317899566,161.502182006836,-64.1956405639648,-44.5580596923828
102.849846129449,161.288848876953,-64.4261093139648,-44.5266914367676
102.866513263239,161.172958374023,-64.6582260131836,-44.5377159118652
102.883180397028,161.133270263672,-64.8740692138672,-44.5871276855469
102.899847530817,161.30598449707,-65.0366058349609,-44.809741973877
102.916514664606,161.907028198242,-65.0956573486328,-45.3020973205566
102.933181798396,162.747802734375,-65.0406188964844,-45.9093170166016
102.949848932185,163.302810668945,-64.9034118652344,-46.2144622802734
102.966516065974,163.526184082031,-64.7375869750977,-46.2410697937012
102.983183199764,163.583999633789,-64.6071548461914,-46.0979843139648
102.999850333554,163.637802124023,-64.5653305053711,-45.9686012268066
103.016517467343,164.041778564453,-64.6141967773438,-46.133113861084
103.033184601132,165.652191162109,-64.6594924926758,-47.1209182739258
103.049851734922,166.276000976562,-65.0008926391602,-47.0170974731445
103.066518868711,165.411575317383,-65.2540435791016,-46.328498840332
103.0831860025,165.37385559082,-65.438346862793,-46.0705833435059
103.099853136289,165.22541809082,-65.6544494628906,-45.6576347351074
103.116520270079,164.75341796875,-65.8732147216797,-45.2351875305176
103.133187403869,164.908721923828,-66.2687606811523,-45.320484161377
103.149854537658,164.496017456055,-66.8009719848633,-44.9627532958984
103.166521671447,163.403732299805,-67.2272644042969,-44.426929473877
103.183188805237,163.100479125977,-67.6073150634766,-44.3578567504883
103.199855939026,163.702255249023,-67.9129791259766,-44.8622055053711
103.216523072815,164.167663574219,-68.183219909668,-45.3049049377441
103.233190206604,164.497085571289,-68.3544540405273,-45.6784400939941
103.249857340394,165.089767456055,-68.3798751831055,-46.1668548583984
103.266524474183,165.870040893555,-68.2697296142578,-46.7359504699707
103.283191607973,166.542098999023,-68.0417556762695,-47.1779289245605
103.299858741762,167.076232910156,-67.6773834228516,-47.4897308349609
103.316525875552,167.528366088867,-67.2050323486328,-47.6600074768066
103.333193009341,167.794738769531,-66.6948776245117,-47.6121101379395
103.34986014313,167.867416381836,-66.1568756103516,-47.361572265625
103.366527276919,167.927825927734,-65.5757904052734,-47.0051078796387
103.383194410709,167.892761230469,-64.982177734375,-46.4216041564941
103.399861544498,167.649475097656,-64.3937377929688,-45.6247978210449
103.416528678287,167.301025390625,-63.8297729492188,-44.7211952209473
103.433195812077,167.051696777344,-63.3166618347168,-43.8869285583496
103.449862945867,166.904067993164,-62.8680801391602,-43.1150283813477
103.466530079656,166.739486694336,-62.5139274597168,-42.3734016418457
103.483197213445,166.729080200195,-62.2539253234863,-41.8123359680176
103.499864347235,166.853790283203,-62.1261367797852,-41.4151992797852
103.516531481024,166.684600830078,-62.1393013000488,-40.8688278198242
103.533198614813,166.270523071289,-62.2322120666504,-40.2312812805176
103.549865748602,165.769241333008,-62.3736724853516,-39.6330184936523
103.566532882392,165.206192016602,-62.5222015380859,-39.1104736328125
103.583200016182,164.436141967773,-62.6765480041504,-38.5275230407715
103.599867149971,163.589050292969,-62.8863105773926,-38.0294570922852
103.61653428376,163.286285400391,-63.1134757995605,-38.1091079711914
103.63320141755,163.290023803711,-63.5076751708984,-38.3461799621582
103.649868551339,162.558441162109,-63.978759765625,-38.0317573547363
103.666535685128,162.478851318359,-64.3902282714844,-38.4737243652344
103.683202818917,163.247680664062,-64.7908172607422,-39.4292259216309
103.699869952707,163.968978881836,-65.1012268066406,-40.3745498657227
103.716537086496,165.280685424805,-65.2566680908203,-41.8204727172852
103.733204220286,166.763000488281,-65.3105926513672,-43.2074356079102
103.749871354075,167.170715332031,-65.2646408081055,-43.7456359863281
103.766538487865,167.18473815918,-65.0295257568359,-44.0126724243164
103.783205621654,167.652572631836,-64.6125717163086,-44.5465202331543
103.799872755443,168.366455078125,-64.1379623413086,-45.1907958984375
103.816539889232,168.865371704102,-63.7588119506836,-45.5899085998535
103.833207023022,169.276779174805,-63.5289001464844,-45.9033164978027
103.849874156811,169.787750244141,-63.4644241333008,-46.2961959838867
103.8665412906,170.320419311523,-63.5562438964844,-46.6963233947754
103.88320842439,170.800704956055,-63.8080101013184,-47.010326385498
103.89987555818,171.111068725586,-64.1979675292969,-47.1431694030762
103.916542691969,171.343933105469,-64.6595611572266,-47.2391395568848
103.933209825758,171.44450378418,-65.1742630004883,-47.1261825561523
103.949876959548,171.226913452148,-65.7648315429688,-46.7943420410156
103.966544093337,170.872802734375,-66.4149703979492,-46.421329498291
103.983211227126,170.236206054688,-67.0661163330078,-45.8297576904297
103.999878360915,169.413543701172,-67.6928634643555,-45.1396789550781
104.016545494705,168.559692382812,-68.2705688476562,-44.4653053283691
104.033212628495,167.837814331055,-68.7754211425781,-43.9351196289062
104.049879762284,167.321304321289,-69.2101287841797,-43.581226348877
104.066546896073,167.020126342773,-69.5498580932617,-43.4016494750977
104.083214029863,167.02783203125,-69.7668838500977,-43.4946174621582
104.099881163652,167.245758056641,-69.8378524780273,-43.7408180236816
104.116548297441,167.331420898438,-69.790657043457,-43.8406829833984
104.13321543123,167.1005859375,-69.6613998413086,-43.6619567871094
104.14988256502,166.927581787109,-69.4398803710938,-43.517032623291
104.166549698809,166.464096069336,-69.2216873168945,-43.1184883117676
104.183216832599,166.005889892578,-68.9689025878906,-42.7676811218262
104.199883966388,166.193252563477,-68.6983795166016,-42.9410133361816
104.216551100178,166.825958251953,-68.5937652587891,-43.4545288085938
104.233218233967,166.412307739258,-68.5978240966797,-43.0174293518066
104.249885367756,166.360870361328,-68.6896362304688,-42.9617614746094
104.266552501545,167.082946777344,-68.8693923950195,-43.532112121582
104.283219635335,167.681991577148,-69.222297668457,-44.0011405944824
104.299886769124,168.328491210938,-69.7510223388672,-44.5941467285156
104.316553902913,169.724609375,-70.4504623413086,-45.8858947753906
104.333221036703,169.957702636719,-71.4123458862305,-46.1765365600586
104.349888170493,169.19091796875,-72.2650527954102,-46.0427627563477
104.366555304282,169.744812011719,-72.8697891235352,-46.7876014709473
104.383222438071,171.71858215332,-73.2634811401367,-48.6519927978516
104.399889571861,173.294967651367,-73.5289916992188,-50.1739196777344
104.41655670565,174.464889526367,-73.6811294555664,-51.3952903747559
104.433223839439,175.834823608398,-73.6742782592773,-52.7566947937012
104.449890973228,177.147201538086,-73.5016555786133,-54.0348014831543
104.466558107018,178.065444946289,-73.179931640625,-54.8968124389648
104.483225240808,178.795150756836,-72.7476348876953,-55.5481452941895
104.499892374597,179.398559570312,-72.2270965576172,-55.9892425537109
104.516559508386,179.829605102539,-71.6932983398438,-56.2065544128418
104.533226642176,179.986785888672,-71.1675567626953,-56.1357727050781
104.549893775965,179.997543334961,-70.6493911743164,-55.8846015930176
104.566560909754,179.936569213867,-70.1443710327148,-55.4952125549316
104.583228043543,179.660949707031,-69.6988906860352,-54.8980026245117
104.599895177333,179.316757202148,-69.2967071533203,-54.2451057434082
104.616562311122,179.168472290039,-68.9211349487305,-53.7461967468262
104.633229444912,179.177795410156,-68.583251953125,-53.364860534668
104.649896578701,179.248413085938,-68.3086700439453,-53.0570793151855
104.666563712491,179.520278930664,-68.0976257324219,-52.9649772644043
104.68323084628,179.859451293945,-67.9611740112305,-52.9438171386719
104.699897980069,179.883178710938,-67.9281616210938,-52.7378196716309
104.716565113858,179.687789916992,-67.9465103149414,-52.4938049316406
104.733232247648,179.439163208008,-67.9786911010742,-52.2262840270996
104.749899381437,178.778289794922,-68.0514678955078,-51.6355514526367
104.766566515226,177.905471801758,-68.1333084106445,-51.0282669067383
104.783233649016,177.474502563477,-68.2001495361328,-50.8242301940918
104.799900782806,177.966552734375,-68.2775192260742,-51.3582191467285
104.816567916595,178.042541503906,-68.566276550293,-51.4861450195312
104.833235050384,177.484375,-68.817268371582,-51.2712669372559
104.849902184174,178.105911254883,-68.9184188842773,-51.9730491638184
104.866569317963,178.538040161133,-69.0492706298828,-52.4967231750488
104.883236451752,178.491882324219,-69.0496292114258,-52.6506118774414
104.899903585541,178.527954101562,-68.8584060668945,-52.8265571594238
104.916570719331,178.608551025391,-68.4804534912109,-52.9556884765625
104.933237853121,178.425796508789,-68.0021514892578,-52.8114967346191
104.94990498691,178.535140991211,-67.4638748168945,-52.9182243347168
104.966572120699,179.204559326172,-66.9862289428711,-53.4163093566895
104.983239254489,179.813369750977,-66.6940307617188,-53.828670501709
104.999906388278,-179.455307006836,-66.5847549438477,-54.3639106750488
105.016573522067,-178.464797973633,-66.6520538330078,-55.1452140808105
105.033240655856,-177.395904541016,-66.8885726928711,-56.0347480773926
105.049907789646,-176.377151489258,-67.2488555908203,-56.923038482666
105.066574923435,-175.378646850586,-67.6963729858398,-57.8315200805664
105.083242057225,-174.467086791992,-68.2138748168945,-58.7167472839355
105.099909191014,-173.750106811523,-68.7256088256836,-59.4645843505859
105.116576324804,-173.522384643555,-69.2703857421875,-59.7750015258789
105.133243458593,-173.508041381836,-69.8326263427734,-60.0110206604004
105.149910592382,-173.760345458984,-70.387825012207,-60.0498504638672
105.166577726171,-174.298858642578,-70.9030914306641,-59.836124420166
105.183244859961,-174.851745605469,-71.3656311035156,-59.6319427490234
105.19991199375,-175.515609741211,-71.8173828125,-59.2983779907227
105.216579127539,-176.067810058594,-72.2181701660156,-59.0412673950195
105.233246261329,-176.20832824707,-72.4884796142578,-59.1423492431641
105.249913395119,-176.147979736328,-72.6288833618164,-59.3677253723145
105.266580528908,-176.351364135742,-72.6854019165039,-59.3049697875977
105.283247662697,-176.691680908203,-72.6229934692383,-59.0913467407227
105.299914796487,-177.069686889648,-72.4517974853516,-58.7946662902832
105.316581930276,-177.669036865234,-72.2152252197266,-58.2777900695801
105.333249064065,-178.835708618164,-72.0092926025391,-57.2311019897461
105.349916197854,179.558471679688,-71.8245620727539,-55.8286933898926
105.366583331644,178.469192504883,-71.6073837280273,-54.8775978088379
105.383250465434,178.623779296875,-71.3406982421875,-55.0595474243164
105.399917599223,178.646911621094,-71.5004806518555,-55.002326965332
105.416584733012,177.579986572266,-71.6965866088867,-53.9740905761719
105.433251866802,178.162094116211,-71.8335113525391,-54.3330268859863
105.449919000591,178.729461669922,-72.1122817993164,-54.6549491882324
105.46658613438,178.282470703125,-72.4069671630859,-54.1668968200684
105.483253268169,178.288955688477,-72.7277984619141,-54.0485572814941
105.499920401959,178.173248291016,-73.0919189453125,-53.8694038391113
105.516587535748,177.096115112305,-73.6360473632812,-52.8283462524414
105.533254669538,175.925369262695,-74.1209259033203,-51.7374229431152
105.549921803327,176.013122558594,-74.54541015625,-51.7433052062988
105.566588937117,176.955825805664,-74.9187774658203,-52.4892425537109
105.583256070906,178.108016967773,-75.2743225097656,-53.4197387695312
105.599923204695,179.612762451172,-75.5529403686523,-54.6782150268555
105.616590338484,-178.863235473633,-75.6808319091797,-55.9115715026855
105.633257472274,-177.537246704102,-75.6017837524414,-56.9548568725586
105.649924606064,-176.408905029297,-75.3225784301758,-57.7923622131348
105.666591739852,-175.581481933594,-74.8656005859375,-58.3237228393555
105.683258873642,-175.11669921875,-74.2874221801758,-58.4935150146484
105.699926007432,-175.016067504883,-73.6541748046875,-58.297176361084
105.716593141221,-175.236099243164,-73.0053024291992,-57.773811340332
105.73326027501,-175.641693115234,-72.3735961914062,-57.0436897277832
105.7499274088,-176.22509765625,-71.7757720947266,-56.1259422302246
105.766594542589,-176.875061035156,-71.2060241699219,-55.1323852539062
105.783261676378,-177.400741577148,-70.6738662719727,-54.257396697998
105.799928810168,-177.692779541016,-70.1980743408203,-53.6029052734375
105.816595943957,-177.805526733398,-69.8279418945312,-53.1259994506836
105.833263077747,-177.875061035156,-69.5632476806641,-52.6820640563965
105.849930211536,-177.756454467773,-69.3549957275391,-52.4450149536133
105.866597345325,-177.661056518555,-69.2163696289062,-52.256950378418
105.883264479115,-177.819107055664,-69.1770553588867,-51.9180526733398
105.899931612904,-178.238922119141,-69.2201309204102,-51.4766845703125
105.916598746693,-178.860595703125,-69.3327407836914,-50.9454803466797
105.933265880482,-179.562210083008,-69.4884948730469,-50.4538307189941
105.949933014273,179.807464599609,-69.7021331787109,-50.1719436645508
105.966600148061,179.468887329102,-69.9839019775391,-50.2813377380371
105.983267281851,-179.934906005859,-70.2844619750977,-51.407772064209
105.99993441564,-178.774185180664,-70.8372344970703,-53.0926780700684
106.01660154943,-179.012771606445,-71.5482025146484,-53.6124649047852
106.033268683219,-178.327423095703,-71.9544143676758,-55.0853958129883
106.049935817008,-176.82649230957,-72.2460708618164,-57.244083404541
106.066602950797,-176.484954833984,-72.4109725952148,-58.4985885620117
106.083270084587,-176.636459350586,-72.3413467407227,-59.3457870483398
106.099937218377,-176.50798034668,-71.9607315063477,-60.3652801513672
106.116604352165,-176.550674438477,-71.3383255004883,-61.1259803771973
106.133271485955,-176.447494506836,-70.5210723876953,-61.898193359375
106.149938619745,-175.583587646484,-69.5829315185547,-63.2449035644531
106.166605753534,-174.667739868164,-68.7989120483398,-64.5298309326172
106.183272887323,-173.884796142578,-68.2264175415039,-65.6194152832031
106.199940021113,-172.937377929688,-67.8586807250977,-66.8119125366211
106.216607154902,-171.818069458008,-67.6594696044922,-68.1105651855469
106.233274288691,-170.612075805664,-67.6095962524414,-69.4196090698242
106.249941422481,-169.323699951172,-67.7165832519531,-70.7811431884766
106.26660855627,-168.181869506836,-67.9589385986328,-71.9538955688477
106.28327569006,-167.059539794922,-68.2926559448242,-73.1556015014648
106.299942823849,-166.216186523438,-68.6778182983398,-74.0638046264648
106.316609957638,-165.767105102539,-69.1559906005859,-74.6330642700195
106.333277091428,-165.450561523438,-69.6602401733398,-75.1866302490234
106.349944225217,-165.286209106445,-70.1723175048828,-75.6040496826172
106.366611359006,-165.096984863281,-70.6306838989258,-76.0490493774414
106.383278492795,-164.906402587891,-71.0396957397461,-76.4950332641602
106.399945626586,-164.663726806641,-71.427375793457,-76.9677047729492
106.416612760374,-164.442474365234,-71.7512435913086,-77.4079742431641
106.433279894164,-163.8798828125,-71.9173049926758,-78.1114120483398
106.449947027953,-163.144378662109,-71.9340744018555,-78.9361953735352
106.466614161743,-162.818618774414,-71.8241424560547,-79.2889099121094
106.483281295532,-162.743499755859,-71.5410690307617,-79.3086776733398
106.499948429321,-162.833587646484,-71.1832580566406,-79.0901336669922
106.51661556311,-163.206466674805,-70.842041015625,-78.567497253418
106.5332826969,-163.481658935547,-70.5366516113281,-78.1057662963867
106.54994983069,-162.855926513672,-70.1401824951172,-78.5546112060547
106.566616964478,-162.595245361328,-70.3055114746094,-78.6252899169922
106.583284098268,-163.042526245117,-70.5271530151367,-78.0476837158203
106.599951232058,-162.767807006836,-70.7964859008789,-78.1630935668945
106.616618365847,-162.470748901367,-71.1039199829102,-78.3984680175781
106.633285499636,-161.776306152344,-71.484992980957,-79.1135025024414
106.649952633426,-160.59944152832,-71.9662170410156,-80.3669662475586
106.666619767215,-159.908721923828,-72.952507019043,-81.3949432373047
106.683286901004,-159.451156616211,-73.7850036621094,-82.3260726928711
106.699954034794,-157.434356689453,-74.2982482910156,-84.5708389282227
106.716621168583,-155.171401977539,-74.5478286743164,-86.960075378418
106.733288302373,-153.043838500977,-74.7159271240234,-89.1702423095703
106.749955436162,-151.250366210938,-74.8217163085938,-90.9883728027344
106.766622569951,-149.678131103516,-74.8054504394531,-92.5600280761719
106.783289703741,-148.39045715332,-74.6682968139648,-93.7889022827148
106.79995683753,-147.749267578125,-74.4981842041016,-94.3274078369141
106.816623971319,-147.764938354492,-74.2929611206055,-94.2098083496094
106.833291105108,-148.402801513672,-74.0507354736328,-93.473991394043
106.849958238899,-149.520797729492,-73.7705078125,-92.2670211791992
106.866625372687,-150.985763549805,-73.4783782958984,-90.7090072631836
106.883292506477,-152.627822875977,-73.1842651367188,-88.9522247314453
106.899959640266,-154.289855957031,-72.8749084472656,-87.1534118652344
106.916626774056,-155.944381713867,-72.5544586181641,-85.3618698120117
106.933293907845,-157.492614746094,-72.2173690795898,-83.6862487792969
106.949961041634,-158.706466674805,-71.8514175415039,-82.3508224487305
106.966628175423,-159.496520996094,-71.4971542358398,-81.4318084716797
106.983295309213,-159.95100402832,-71.1889343261719,-80.8701705932617
106.999962443003,-159.982543945312,-70.9376602172852,-80.7513275146484
107.016629576791,-159.784317016602,-70.7751541137695,-80.9012222290039
107.033296710581,-159.580993652344,-70.7178573608398,-81.1504516601562
107.049963844371,-159.519134521484,-70.7896423339844,-81.370735168457
107.06663097816,-159.60173034668,-70.9087524414062,-81.5228805541992
107.083298111949,-159.909133911133,-71.0740356445312,-81.5449752807617
107.099965245739,-160.429214477539,-71.1851654052734,-81.4216079711914
107.116632379528,-160.535629272461,-71.1379699707031,-81.6605072021484
107.133299513317,-160.472686767578,-71.1088562011719,-82.0412063598633
107.149966647107,-160.942337036133,-71.0485687255859,-81.9529037475586
107.166633780896,-160.910903930664,-70.8755950927734,-82.2640151977539
107.183300914686,-160.98405456543,-70.6301956176758,-82.4618835449219
107.199968048475,-160.929183959961,-70.2183837890625,-82.7251739501953
107.216635182264,-160.331359863281,-69.541130065918,-83.3769149780273
107.233302316054,-159.679473876953,-68.7209548950195,-83.9185638427734
107.249969449843,-159.335205078125,-67.9666900634766,-84.0898971557617
107.266636583632,-159.125961303711,-67.3175430297852,-84.0946044921875
107.283303717421,-158.865386962891,-66.773307800293,-84.1457901000977
107.299970851212,-158.557647705078,-66.3864212036133,-84.2888336181641
107.316637985,-158.365341186523,-66.2477111816406,-84.4008026123047
107.33330511879,-158.112884521484,-66.2641754150391,-84.653923034668
107.349972252579,-157.694580078125,-66.4066162109375,-85.1672897338867
107.366639386369,-157.099853515625,-66.6225662231445,-85.9314346313477
107.383306520158,-156.374359130859,-66.9052658081055,-86.9076843261719
107.399973653947,-155.622283935547,-67.2300720214844,-87.9638214111328
107.416640787736,-154.855895996094,-67.5476226806641,-89.0837860107422
107.433307921526,-154.050796508789,-67.8002319335938,-90.2523803710938
107.449975055316,-153.605895996094,-68.0777435302734,-90.9757537841797
107.466642189104,-153.063278198242,-68.3091659545898,-91.8369293212891
107.483309322894,-152.387954711914,-68.5035934448242,-92.818244934082
107.499976456684,-151.738098144531,-68.7102355957031,-93.735466003418
107.516643590473,-151.106811523438,-68.9052505493164,-94.6206130981445
107.533310724262,-150.483215332031,-69.0567169189453,-95.481201171875
107.549977858052,-149.886108398438,-69.1838684082031,-96.2515716552734
107.566644991841,-149.435668945312,-69.3155136108398,-96.8472290039062
107.58331212563,-149.109466552734,-69.4111785888672,-97.2826766967773
107.59997925942,-148.846618652344,-69.454475402832,-97.6323089599609
107.616646393209,-148.95133972168,-69.5282592773438,-97.616943359375
107.633313526999,-149.243927001953,-69.5567245483398,-97.42578125
107.649980660788,-149.528381347656,-69.5175323486328,-97.2081298828125
107.666647794577,-149.76123046875,-69.4855804443359,-96.9881591796875
107.683314928367,-150.160018920898,-69.5297775268555,-96.5734329223633
107.699982062156,-150.630996704102,-69.5882186889648,-96.1231460571289
107.716649195945,-151.009338378906,-69.5972137451172,-95.7721862792969
107.733316329734,-150.406524658203,-69.3845901489258,-96.3832015991211
107.749983463525,-151.054122924805,-69.8542327880859,-95.8666000366211
107.766650597313,-151.466857910156,-70.0212478637695,-95.5478210449219
107.783317731103,-151.545211791992,-70.2685394287109,-95.7226257324219
107.799984864892,-152.846588134766,-70.7290115356445,-94.8927993774414
107.816651998682,-153.91081237793,-71.1677474975586,-94.3872909545898
107.833319132471,-154.519149780273,-71.4825744628906,-94.6160202026367
107.84998626626,-156.207595825195,-72.1459808349609,-94.1191329956055
107.866653400049,-158.352890014648,-72.6428756713867,-93.4316711425781
107.883320533839,-159.194107055664,-72.7882995605469,-94.1982040405273
107.899987667629,-159.67414855957,-72.6660461425781,-95.4098968505859
107.916654801417,-160.342742919922,-72.4314346313477,-96.5619201660156
107.933321935207,-160.663360595703,-72.0588684082031,-98.0740280151367
107.949989068997,-160.795944213867,-71.5939102172852,-99.6608352661133
107.966656202786,-161.514007568359,-71.1213226318359,-100.713562011719
107.983323336575,-162.734069824219,-70.6157455444336,-101.27458190918
107.999990470365,-164.188171386719,-70.0692749023438,-101.400695800781
108.016657604154,-165.894561767578,-69.5376052856445,-101.098709106445
108.033324737943,-167.771560668945,-69.0449676513672,-100.472198486328
108.049991871733,-169.672836303711,-68.6181869506836,-99.6495742797852
108.066659005522,-171.597930908203,-68.2765350341797,-98.6716232299805
108.083326139312,-173.475662231445,-68.0087432861328,-97.6393966674805
108.099993273101,-175.158615112305,-67.7577896118164,-96.6452178955078
108.11666040689,-176.51741027832,-67.4919128417969,-95.809684753418
108.13332754068,-177.648544311523,-67.1743545532227,-95.0821228027344
108.149994674469,-178.525650024414,-66.8538436889648,-94.5821685791016
108.166661808258,-179.144668579102,-66.5327301025391,-94.2894668579102
108.183328942047,-179.361282348633,-66.1759796142578,-94.2790603637695
108.199996075838,-179.250839233398,-65.8052062988281,-94.4290008544922
108.216663209626,-178.952835083008,-65.4732894897461,-94.632453918457
108.233330343416,-178.830932617188,-65.1987228393555,-94.6513519287109
108.249997477205,-179.008193969727,-64.9751052856445,-94.4783554077148
108.266664610995,-179.616348266602,-64.8521499633789,-94.0000305175781
108.283331744784,179.265686035156,-64.8296051025391,-93.2383651733398
108.299998878573,178.121597290039,-64.8349990844727,-92.46435546875
108.316666012362,177.258026123047,-64.8959808349609,-91.9294586181641
108.333333146152,176.788299560547,-65.0532913208008,-91.8595199584961
108.350000279942,176.458114624023,-65.2901992797852,-92.0283966064453
108.36666741373,176.569976806641,-65.4931030273438,-92.5873718261719
108.38333454752,176.536956787109,-65.9224090576172,-92.9110412597656
108.40000168131,174.478988647461,-66.5505065917969,-91.8781967163086
108.416668815099,172.840759277344,-66.8265228271484,-91.3293228149414
108.433335948888,172.858749389648,-66.7556915283203,-91.7011489868164
108.450003082678,172.592300415039,-66.3864669799805,-91.8272094726562
108.466670216467,171.940155029297,-65.7893218994141,-91.6805191040039
108.483337350256,171.246368408203,-65.1501693725586,-91.4746322631836
108.500004484046,170.920501708984,-64.4687957763672,-91.6016845703125
108.516671617835,171.110427856445,-63.8811874389648,-92.1640243530273
108.533338751625,171.371887207031,-63.5279121398926,-92.7498397827148
108.550005885414,171.509994506836,-63.3939590454102,-93.2517929077148
108.566673019203,171.615676879883,-63.449104309082,-93.7428894042969
108.583340152993,171.811553955078,-63.5870208740234,-94.3023147583008
108.600007286782,172.044906616211,-63.7687911987305,-94.865104675293
108.616674420571,172.173248291016,-63.9755668640137,-95.306999206543
108.63334155436,172.265701293945,-64.1801681518555,-95.6932601928711
108.650008688151,172.456954956055,-64.3699188232422,-96.158317565918
108.666675821939,172.725830078125,-64.5348205566406,-96.6642990112305
108.683342955729,173.078704833984,-64.7307662963867,-97.2620010375977
108.700010089518,173.253768920898,-64.8807754516602,-97.5958938598633
108.716677223308,173.224609375,-65.0724182128906,-97.7469787597656
108.733344357097,173.171890258789,-65.2616195678711,-97.9093399047852
108.750011490886,172.917877197266,-65.4463882446289,-97.8411636352539
108.766678624675,172.498977661133,-65.6313629150391,-97.6143493652344
108.783345758465,172.05339050293,-65.8166198730469,-97.3431777954102
108.800012892255,171.661468505859,-65.994743347168,-97.0951995849609
108.816680026043,171.474334716797,-66.1699752807617,-97.0229034423828
108.833347159833,171.378707885742,-66.350341796875,-97.0059280395508
108.850014293623,171.47004699707,-66.4828643798828,-97.1571426391602
108.866681427412,171.578628540039,-66.5743713378906,-97.2857284545898
108.883348561201,171.460800170898,-66.6455764770508,-97.1709518432617
108.900015694991,171.08447265625,-66.703857421875,-96.8367080688477
108.91668282878,170.405258178711,-66.8036117553711,-96.2260131835938
108.933349962569,169.378341674805,-66.9174575805664,-95.3433380126953
108.950017096359,168.111297607422,-67.0149154663086,-94.2691955566406
108.966684230148,165.976852416992,-67.1696395874023,-92.4668121337891
108.983351363938,163.119064331055,-67.2220306396484,-89.9721527099609
109.000018497727,160.656982421875,-67.3155212402344,-88.0563812255859
109.016685631516,159.179824829102,-67.4246597290039,-87.1436233520508
109.033352765306,159.105209350586,-67.7013931274414,-87.5232391357422
109.050019899095,160.384719848633,-68.3204345703125,-89.0935974121094
109.066687032884,161.702575683594,-69.0923385620117,-90.5253982543945
109.083354166673,162.209579467773,-69.6221160888672,-91.4440536499023
109.100021300464,162.697540283203,-70.0021820068359,-92.3739242553711
109.116688434252,163.142913818359,-70.3105773925781,-93.303108215332
109.133355568042,163.421508789062,-70.4586639404297,-93.9689178466797
109.150022701831,163.867416381836,-70.6485900878906,-94.7579193115234
109.166689835621,163.98551940918,-70.8783721923828,-95.3294219970703
109.18335696941,164.090377807617,-71.1013717651367,-95.8899383544922
109.200024103199,164.264343261719,-71.259033203125,-96.5248870849609
109.216691236988,164.414810180664,-71.2615356445312,-97.1261825561523
109.233358370778,164.70329284668,-71.098014831543,-97.8277893066406
109.250025504568,165.176605224609,-70.7914657592773,-98.6694793701172
109.266692638356,165.656494140625,-70.3881225585938,-99.4690399169922
109.283359772146,166.017578125,-69.9411926269531,-100.109390258789
109.300026905936,166.108169555664,-69.5036773681641,-100.446395874023
109.316694039725,165.957778930664,-69.0968551635742,-100.51545715332
109.333361173514,165.668212890625,-68.7494812011719,-100.408027648926
109.350028307304,165.370101928711,-68.4718780517578,-100.262001037598
109.366695441093,165.007385253906,-68.2536468505859,-99.9739227294922
109.383362574882,164.822677612305,-68.0911712646484,-99.8676147460938
109.400029708672,164.685775756836,-67.9856796264648,-99.7921752929688
109.416696842461,164.607940673828,-67.9719924926758,-99.7836990356445
109.433363976251,164.56803894043,-68.0007171630859,-99.8201370239258
109.45003111004,164.538360595703,-68.0399475097656,-99.8592987060547
109.466698243829,164.509353637695,-68.1183853149414,-99.9182434082031
109.483365377619,164.459213256836,-68.1809005737305,-99.9546661376953
109.500032511408,164.563949584961,-68.2426071166992,-100.151481628418
109.516699645197,164.568786621094,-68.3509902954102,-100.317642211914
109.533366778986,164.191680908203,-68.583381652832,-100.218978881836
109.550033912777,163.752380371094,-68.8911285400391,-100.137893676758
109.566701046565,163.434310913086,-69.2608947753906,-100.233871459961
109.583368180355,163.311935424805,-69.7294845581055,-100.586059570312
109.600035314144,163.469284057617,-70.3206939697266,-101.255592346191
109.616702447934,163.405303955078,-71.029426574707,-101.773544311523
109.633369581723,162.410934448242,-71.7975311279297,-101.520050048828
109.650036715512,162.130004882812,-72.5324096679688,-102.09774017334
109.666703849301,163.036285400391,-73.3493041992188,-103.713455200195
109.683370983091,164.044082641602,-74.1363754272461,-105.462783813477
109.700038116881,166.771423339844,-74.7484283447266,-108.888305664062
109.716705250669,171.133087158203,-75.1649475097656,-113.656593322754
109.733372384459,174.983276367188,-75.4106597900391,-118.034820556641
109.750039518249,178.530914306641,-75.4067306518555,-122.060577392578
109.766706652038,-178.119552612305,-75.240478515625,-125.898612976074
109.783373785827,-175.553695678711,-74.9925918579102,-129.058624267578
109.800040919617,-173.468170166016,-74.7479476928711,-131.872497558594
109.816708053406,-171.697814941406,-74.802360534668,-134.592361450195
109.833375187195,-169.865661621094,-75.2380142211914,-137.612182617188
109.850042320985,-167.226638793945,-75.7946548461914,-141.469314575195
109.866709454774,-162.779632568359,-76.1694564819336,-146.736740112305
109.883376588564,-157.186889648438,-76.2550048828125,-152.725891113281
109.900043722353,-150.873229980469,-76.1326599121094,-159.131729125977
109.916710856142,-144.349365234375,-75.9100646972656,-165.674774169922
109.933377989932,-138.397262573242,-75.6821060180664,-171.665298461914
109.950045123721,-133.626754760742,-75.4841384887695,-176.515197753906
109.96671225751,-129.793472290039,-75.3593063354492,179.457534790039
109.983379391299,-126.21053314209,-75.3336334228516,175.708206176758
110.00004652509,-123.277648925781,-75.4082183837891,172.579711914062
110.016713658878,-120.921234130859,-75.5184936523438,169.992523193359
110.033380792668,-119.290924072266,-75.6411895751953,168.157333374023
110.050047926457,-118.529289245605,-75.7613983154297,167.151672363281
110.066715060247,-118.415237426758,-75.8902206420898,166.796035766602
110.083382194036,-118.932350158691,-76.0171127319336,167.052215576172
110.100049327825,-119.985595703125,-76.1317672729492,167.878204345703
110.116716461614,-121.596946716309,-76.2102203369141,169.314865112305
110.133383595404,-123.574584960938,-76.2585830688477,171.168914794922
110.150050729194,-125.761993408203,-76.2542877197266,173.305236816406
110.166717862982,-128.145401000977,-76.1979904174805,175.685791015625
110.183384996772,-130.745880126953,-76.1499710083008,178.354110717773
110.200052130562,-133.443405151367,-76.174919128418,-178.97184753418
110.216719264351,-135.906677246094,-76.2726974487305,-176.574310302734
110.23338639814,-138.509521484375,-76.4120864868164,-174.156661987305
110.25005353193,-141.266830444336,-76.4612045288086,-171.701690673828
110.266720665719,-142.919189453125,-76.5862045288086,-169.865585327148
110.283387799508,-144.784164428711,-76.6092987060547,-168.25048828125
110.300054933298,-145.988311767578,-76.5932083129883,-167.170196533203
110.316722067087,-146.471969604492,-76.5386505126953,-166.648971557617
110.333389200877,-146.968399047852,-76.4452514648438,-166.054122924805
110.350056334666,-147.627227783203,-76.3724975585938,-165.226959228516
110.366723468455,-148.657638549805,-76.3412094116211,-164.053268432617
110.383390602245,-149.855438232422,-76.3113174438477,-162.709716796875
110.400057736034,-150.74235534668,-76.2369232177734,-161.579147338867
110.416724869823,-151.256362915039,-76.1148223876953,-160.708419799805
110.433392003612,-151.434875488281,-75.954475402832,-160.075714111328
110.450059137403,-151.230377197266,-75.7889938354492,-159.79182434082
110.466726271191,-150.567581176758,-75.6263427734375,-159.939147949219
110.483393404981,-149.499954223633,-75.4653701782227,-160.462173461914
110.50006053877,-148.32731628418,-75.2652282714844,-161.020843505859
110.51672767256,-147.221435546875,-75.0231475830078,-161.465225219727
110.533394806349,-146.180877685547,-74.7431564331055,-161.762649536133
110.550061940138,-145.350601196289,-74.4556503295898,-161.763626098633
110.566729073927,-144.793533325195,-74.1730194091797,-161.423141479492
110.583396207717,-144.549667358398,-73.9200439453125,-160.753265380859
110.600063341507,-144.713821411133,-73.6949081420898,-159.651596069336
110.616730475296,-145.195541381836,-73.5006561279297,-158.192535400391
110.633397609085,-145.931274414062,-73.3424224853516,-156.45002746582
110.650064742875,-146.924057006836,-73.2029876708984,-154.498031616211
110.666731876664,-148.044403076172,-73.0450592041016,-152.467727661133
110.683399010453,-149.234283447266,-72.8615798950195,-150.411361694336
110.700066144243,-150.496765136719,-72.6370391845703,-148.353988647461
110.716733278032,-151.773376464844,-72.3846817016602,-146.371520996094
110.733400411821,-153.127868652344,-72.1480712890625,-144.397796630859
110.750067545611,-154.535018920898,-71.9880981445312,-142.527694702148
110.766734679401,-155.944183349609,-71.8914108276367,-140.852249145508
110.78340181319,-157.36474609375,-71.765983581543,-139.251419067383
110.800068946979,-158.767578125,-71.584716796875,-137.671234130859
110.816736080768,-160.338363647461,-71.3507843017578,-135.862152099609
110.833403214558,-162.048614501953,-71.1028060913086,-133.879852294922
110.850070348347,-163.656814575195,-70.8440551757812,-132.001037597656
110.866737482136,-165.069320678711,-70.6739730834961,-130.249740600586
110.883404615925,-166.65168762207,-70.5613327026367,-128.520431518555
110.900071749716,-168.765594482422,-70.5592422485352,-126.885070800781
110.916738883505,-170.187072753906,-70.5269317626953,-125.561920166016
110.933406017294,-171.271408081055,-70.5085906982422,-124.763145446777
110.950073151083,-172.235809326172,-70.3055877685547,-124.207862854004
110.966740284873,-172.437164306641,-69.801643371582,-124.134048461914
110.983407418662,-172.729202270508,-69.2580490112305,-123.850250244141
111.000074552451,-173.799774169922,-68.7764587402344,-123.089614868164
111.01674168624,-174.95703125,-68.3198547363281,-122.316261291504
111.03340882003,-175.618286132812,-67.8457183837891,-121.883918762207
111.05007595382,-175.85319519043,-67.3963317871094,-121.792327880859
111.066743087609,-176.001907348633,-67.0082473754883,-121.811470031738
111.083410221398,-176.361434936523,-66.7710952758789,-121.77010345459
111.100077355188,-176.748611450195,-66.6901702880859,-121.726432800293
111.116744488977,-177.014770507812,-66.757926940918,-121.828598022461
111.133411622766,-177.177200317383,-66.9615478515625,-122.044456481934
111.150078756556,-177.359298706055,-67.2425155639648,-122.23316192627
111.166745890345,-177.556259155273,-67.5089721679688,-122.340766906738
111.183413024134,-177.933517456055,-67.7845230102539,-122.265602111816
111.200080157924,-178.304733276367,-68.1445846557617,-122.272315979004
111.216747291714,-179.067626953125,-68.377571105957,-121.782890319824
111.233414425503,-179.916656494141,-68.6520767211914,-121.253562927246
111.250081559292,179.718612670898,-68.9080047607422,-121.158653259277
111.266748693081,179.340408325195,-69.0868072509766,-121.026252746582
111.283415826871,178.763107299805,-69.2386856079102,-120.781639099121
111.30008296066,178.026840209961,-69.3557052612305,-120.37540435791
111.316750094449,177.320251464844,-69.4315032958984,-120.014007568359
111.333417228238,176.850738525391,-69.4317169189453,-119.818092346191
111.350084362029,176.629211425781,-69.3509140014648,-119.757766723633
111.366751495818,176.46711730957,-69.2479858398438,-119.706581115723
111.383418629607,176.299850463867,-69.1372222900391,-119.619087219238
111.400085763396,176.367248535156,-68.991340637207,-119.695320129395
111.416752897186,176.509490966797,-68.8926391601562,-119.757247924805
111.433420030975,176.402542114258,-68.8516082763672,-119.580894470215
111.450087164764,175.998397827148,-68.9062042236328,-119.266578674316
111.466754298553,175.661178588867,-69.0433807373047,-119.027809143066
111.483421432343,175.870727539062,-69.1795425415039,-119.08447265625
111.500088566133,175.220260620117,-69.2934646606445,-118.404922485352
111.516755699922,173.471374511719,-69.4637756347656,-117.354019165039
111.533422833711,173.152160644531,-69.4601745605469,-116.905052185059
111.550089967501,172.784957885742,-69.4018707275391,-116.433937072754
111.56675710129,172.107696533203,-69.3574447631836,-115.875213623047
111.583424235079,171.394195556641,-69.4818878173828,-115.292678833008
111.600091368869,170.886016845703,-69.6977767944336,-114.969627380371
111.616758502658,169.949279785156,-70.0703964233398,-114.406051635742
111.633425636447,169.566314697266,-70.4750518798828,-114.341415405273
111.650092770237,170.047164916992,-70.8988952636719,-114.805114746094
111.666759904027,170.889556884766,-71.2802505493164,-115.59659576416
111.683427037816,171.604217529297,-71.5537872314453,-116.299819946289
111.700094171605,172.438690185547,-71.6782608032227,-117.068954467773
111.716761305394,173.252563476562,-71.6722946166992,-117.74341583252
111.733428439184,173.982421875,-71.5360794067383,-118.350921630859
111.750095572973,174.671676635742,-71.2664566040039,-118.896980285645
111.766762706762,175.379730224609,-70.8879699707031,-119.419776916504
111.783429840551,176.018447875977,-70.4407119750977,-119.851692199707
111.800096974342,176.562622070312,-69.9611587524414,-120.18244934082
111.816764108131,176.976821899414,-69.4997940063477,-120.398628234863
111.83343124192,177.316055297852,-69.0767211914062,-120.571556091309
111.850098375709,177.703277587891,-68.6785125732422,-120.76708984375
111.866765509499,178.303741455078,-68.2837142944336,-121.129608154297
111.883432643288,179.182800292969,-67.8908996582031,-121.737754821777
111.900099777077,-179.620391845703,-67.4577713012695,-122.601463317871
111.916766910866,-178.418701171875,-67.0309753417969,-123.462692260742
111.933434044656,-177.41584777832,-66.6557083129883,-124.154754638672
111.950101178446,-176.499786376953,-66.3647689819336,-124.769966125488
111.966768312235,-175.682693481445,-66.1815795898438,-125.302963256836
111.983435446024,-175.144500732422,-66.167350769043,-125.637886047363
112.000102579814,-174.940475463867,-66.3072204589844,-125.846305847168
112.016769713603,-175.049423217773,-66.4975357055664,-125.836402893066
112.033436847392,-175.610824584961,-66.7216720581055,-125.455604553223
112.050103981182,-176.343185424805,-66.92041015625,-124.981224060059
112.066771114971,-176.634994506836,-67.1249084472656,-124.998489379883
112.08343824876,-176.304443359375,-67.3283004760742,-125.606964111328
112.10010538255,-176.177642822266,-67.6787948608398,-126.063697814941
112.11677251634,-176.865798950195,-68.0604476928711,-125.884704589844
112.133439650129,-176.826095581055,-68.263542175293,-126.403923034668
112.150106783918,-175.881927490234,-68.2808303833008,-127.671546936035
112.166773917707,-175.948715209961,-68.3688049316406,-127.988388061523
112.183441051497,-176.843322753906,-68.2646255493164,-127.654434204102
112.200108185286,-176.275512695312,-67.8642730712891,-128.598770141602
112.216775319075,-175.956115722656,-67.3663177490234,-129.215454101562
112.233442452864,-176.214767456055,-66.8232116699219,-129.255722045898
112.250109586655,-175.937530517578,-66.2513198852539,-129.760528564453
112.266776720444,-175.374526977539,-65.8000717163086,-130.53596496582
112.283443854233,-175.097106933594,-65.6131591796875,-131.058258056641
112.300110988022,-174.75732421875,-65.5978317260742,-131.646179199219
112.316778121812,-174.168411254883,-65.7035980224609,-132.477447509766
112.333445255601,-173.534729003906,-65.9116287231445,-133.335968017578
112.35011238939,-172.941162109375,-66.1625366210938,-134.124496459961
112.36677952318,-172.47900390625,-66.426155090332,-134.780029296875
112.383446656969,-172.239028930664,-66.6935958862305,-135.235626220703
112.400113790759,-172.19758605957,-66.9813766479492,-135.559829711914
112.416780924548,-172.505920410156,-67.2346496582031,-135.546630859375
112.433448058337,-173.258987426758,-67.5287475585938,-135.119857788086
112.450115192127,-174.125,-67.793571472168,-134.653564453125
112.466782325916,-175.138229370117,-68.0390701293945,-134.042098999023
112.483449459705,-176.357009887695,-68.2938766479492,-133.228302001953
112.500116593495,-177.624557495117,-68.5230712890625,-132.344314575195
112.516783727284,-178.926574707031,-68.7347717285156,-131.385620117188
112.533450861073,179.901123046875,-68.8910522460938,-130.518997192383
112.550117994863,179.187026977539,-68.9756774902344,-130.02082824707
112.566785128653,178.716445922852,-68.9729995727539,-129.650573730469
112.583452262442,178.285049438477,-68.8610229492188,-129.22021484375
112.600119396231,177.90869140625,-68.6891326904297,-128.734832763672
112.61678653002,177.486572265625,-68.5748596191406,-128.197845458984
112.63345366381,176.808990478516,-68.5708312988281,-127.413040161133
112.650120797599,176.155242919922,-68.6832046508789,-126.680519104004
112.666787931388,176.400115966797,-68.8536148071289,-126.813804626465
112.683455065177,176.440994262695,-69.0231857299805,-126.533256530762
112.700122198968,174.956192016602,-69.0916748046875,-124.917793273926
112.716789332757,174.499069213867,-69.1066665649414,-124.204147338867
112.733456466546,173.929763793945,-69.0886306762695,-123.412666320801
112.750123600335,173.209228515625,-69.0458908081055,-122.564712524414
112.766790734125,172.652603149414,-69.1249008178711,-121.916053771973
112.783457867914,171.674865722656,-69.2762756347656,-120.943962097168
112.800125001703,170.713821411133,-69.4364242553711,-120.00080871582
112.816792135493,169.60334777832,-69.6225051879883,-118.924453735352
112.833459269282,169.286193847656,-69.7592391967773,-118.566535949707
112.850126403072,169.862976074219,-69.9273376464844,-118.975257873535
112.866793536861,170.463500976562,-70.1010208129883,-119.394195556641
112.88346067065,171.257354736328,-70.2737579345703,-119.962303161621
112.90012780444,172.201797485352,-70.3806915283203,-120.601486206055
112.916794938229,173.100372314453,-70.3790283203125,-121.189918518066
112.933462072018,173.831359863281,-70.2530136108398,-121.607109069824
112.950129205808,174.369323730469,-70.0172653198242,-121.847396850586
112.966796339597,174.637802124023,-69.7040481567383,-121.860412597656
112.983463473386,174.63557434082,-69.3348770141602,-121.627937316895
113.000130607176,174.474395751953,-68.9401931762695,-121.253860473633
113.016797740966,174.216934204102,-68.5402297973633,-120.793823242188
113.033464874755,173.925735473633,-68.1417617797852,-120.293418884277
113.050132008544,173.695388793945,-67.7424011230469,-119.848937988281
113.066799142333,173.538040161133,-67.3578491210938,-119.470771789551
113.083466276123,173.542175292969,-66.9716644287109,-119.22290802002
113.100133409912,173.686492919922,-66.607780456543,-119.117324829102
113.116800543701,173.792297363281,-66.2726593017578,-118.966049194336
113.13346767749,174.049667358398,-65.9535827636719,-118.996803283691
113.150134811281,174.181457519531,-65.6700057983398,-118.887107849121
113.16680194507,174.127105712891,-65.4517059326172,-118.669166564941
113.183469078859,173.733352661133,-65.2720184326172,-118.142524719238
113.200136212648,173.329055786133,-65.092155456543,-117.638809204102
113.216803346438,172.677383422852,-64.9476165771484,-116.883430480957
113.233470480227,171.838882446289,-64.8870468139648,-115.982475280762
113.250137614016,171.320510864258,-64.8857727050781,-115.433708190918
113.266804747806,171.367248535156,-64.8995513916016,-115.382225036621
113.283471881595,170.838516235352,-65.009635925293,-114.751922607422
113.300139015385,170.459045410156,-65.0157852172852,-114.306594848633
113.316806149174,171.119049072266,-65.0902557373047,-114.789665222168
113.333473282963,171.39958190918,-65.2196807861328,-114.921073913574
113.350140416753,171.681671142578,-65.2298889160156,-115.090393066406
113.366807550542,172.47314453125,-65.0590896606445,-115.707870483398
113.383474684331,173.337692260742,-64.7272262573242,-116.364364624023
113.400141818121,173.933990478516,-64.30078125,-116.726707458496
113.41680895191,174.831466674805,-63.8934211730957,-117.390830993652
113.433476085699,175.947555541992,-63.620548248291,-118.315391540527
113.450143219489,176.88020324707,-63.5540657043457,-119.092613220215
113.466810353279,177.697647094727,-63.6676979064941,-119.795478820801
113.483477487068,178.497329711914,-63.9520950317383,-120.558876037598
113.500144620857,179.377975463867,-64.349723815918,-121.445693969727
113.516811754646,-179.630523681641,-64.8248062133789,-122.466316223145
113.533478888436,-178.562118530273,-65.3517608642578,-123.593902587891
113.550146022225,-177.345794677734,-65.9133377075195,-124.918724060059
113.566813156014,-176.336227416992,-66.4482421875,-125.988334655762
113.583480289803,-175.663589477539,-67.0060653686523,-126.809730529785
113.600147423594,-175.17919921875,-67.5382385253906,-127.554069519043
113.616814557383,-175.054336547852,-68.0539627075195,-127.977912902832
113.633481691172,-175.114044189453,-68.5354919433594,-128.258483886719
113.650148824961,-175.209976196289,-68.96337890625,-128.494033813477
113.666815958751,-175.165649414062,-69.3652877807617,-128.851257324219
113.68348309254,-175.040939331055,-69.7537689208984,-129.229934692383
113.700150226329,-174.776016235352,-70.1022033691406,-129.688873291016
113.716817360119,-174.353866577148,-70.3637542724609,-130.232681274414
113.733484493908,-173.795211791992,-70.5248413085938,-130.829559326172
113.750151627698,-173.294830322266,-70.5608291625977,-131.295837402344
113.766818761487,-172.897445678711,-70.5409164428711,-131.602966308594
113.783485895276,-172.674499511719,-70.523567199707,-131.727844238281
113.800153029066,-172.863952636719,-70.5736770629883,-131.438232421875
113.816820162855,-173.279846191406,-70.674430847168,-130.945526123047
113.833487296644,-173.589797973633,-70.7306060791016,-130.565643310547
113.850154430434,-173.285247802734,-70.7109375,-130.778396606445
113.866821564224,-172.93635559082,-70.8862686157227,-131.022323608398
113.883488698012,-173.846450805664,-71.1116180419922,-130.104339599609
113.900155831802,-173.475662231445,-71.3366622924805,-130.395965576172
113.916822965592,-173.55094909668,-71.6363906860352,-130.253402709961
113.933490099381,-173.592422485352,-71.9480819702148,-130.17317199707
113.95015723317,-173.225021362305,-72.3056945800781,-130.503295898438
113.966824366959,-172.434555053711,-72.6634902954102,-131.320083618164
113.983491500749,-172.843627929688,-73.3583679199219,-131.089630126953
114.000158634538,-173.400085449219,-73.9690933227539,-130.723999023438
114.016825768328,-172.654724121094,-74.5281448364258,-131.492477416992
114.033492902116,-171.460876464844,-74.9709167480469,-132.653747558594
114.050160035907,-169.810653686523,-75.2830581665039,-134.202438354492
114.066827169696,-168.394302368164,-75.5020980834961,-135.484649658203
114.083494303485,-166.996337890625,-75.5613555908203,-136.746398925781
114.100161437274,-165.833389282227,-75.4706573486328,-137.701553344727
114.116828571064,-164.850784301758,-75.2313690185547,-138.46272277832
114.133495704853,-164.194351196289,-74.8557739257812,-138.868988037109
114.150162838642,-163.826614379883,-74.3904495239258,-138.965744018555
114.166829972432,-163.699752807617,-73.8886337280273,-138.813232421875
114.183497106221,-163.769729614258,-73.3847961425781,-138.464813232422
114.200164240011,-163.862640380859,-72.9027709960938,-138.085189819336
114.2168313738,-163.937957763672,-72.4344635009766,-137.706512451172
114.23349850759,-164.001922607422,-71.9814071655273,-137.351028442383
114.250165641379,-164.008453369141,-71.5651397705078,-137.073669433594
114.266832775168,-163.891036987305,-71.1819229125977,-136.93017578125
114.283499908957,-163.530380249023,-70.8097915649414,-137.018081665039
114.300167042747,-163.128845214844,-70.5037841796875,-137.157318115234
114.316834176537,-162.660919189453,-70.19384765625,-137.381546020508
114.333501310325,-162.182006835938,-69.9388580322266,-137.641708374023
114.350168444115,-161.909255981445,-69.772819519043,-137.802291870117
114.366835577905,-161.955017089844,-69.7394714355469,-137.738998413086
114.383502711694,-162.329040527344,-69.7649993896484,-137.449493408203
114.400169845483,-162.906372070312,-69.789306640625,-137.004806518555
114.416836979272,-163.683975219727,-69.828742980957,-136.425079345703
114.433504113062,-164.500335693359,-69.8836212158203,-135.816589355469
114.450171246851,-164.478759765625,-69.8493118286133,-135.959732055664
114.466838380641,-164.292617797852,-70.0097503662109,-136.200073242188
114.483505514429,-165.240112304688,-70.3131942749023,-135.416763305664
114.50017264822,-165.48420715332,-70.4117736816406,-135.212677001953
114.516839782009,-165.839050292969,-70.4524078369141,-134.902145385742
114.533506915798,-166.591583251953,-70.4629058837891,-134.21858215332
114.550174049587,-168.067962646484,-70.474967956543,-132.830413818359
114.566841183377,-168.981094360352,-70.2322158813477,-131.929061889648
114.583508317166,-169.783905029297,-69.7997436523438,-131.091018676758
114.600175450955,-170.846115112305,-69.2677154541016,-129.912719726562
114.616842584745,-171.096893310547,-68.6123123168945,-129.440216064453
114.633509718534,-170.873977661133,-68.022834777832,-129.410583496094
114.650176852324,-170.896484375,-67.6944961547852,-129.134521484375
114.666843986113,-170.925109863281,-67.5683822631836,-128.849014282227
114.683511119903,-170.834579467773,-67.600212097168,-128.705474853516
114.700178253692,-170.726409912109,-67.7641067504883,-128.600616455078
114.716845387481,-170.6923828125,-68.0189590454102,-128.440582275391
114.73351252127,-170.726531982422,-68.3195190429688,-128.234878540039
114.75017965506,-170.740356445312,-68.6580352783203,-128.130981445312
114.76684678885,-171.082901000977,-68.9779281616211,-127.686424255371
114.783513922638,-171.795913696289,-69.3565139770508,-126.970375061035
114.800181056428,-172.682968139648,-69.7149658203125,-126.222564697266
114.816848190218,-173.766235351562,-70.0334625244141,-125.384788513184
114.833515324007,-175.049697875977,-70.3436660766602,-124.426025390625
114.850182457796,-176.291076660156,-70.6438674926758,-123.606384277344
114.866849591585,-177.409240722656,-70.8936309814453,-122.906547546387
114.883516725375,-178.387390136719,-71.1289443969727,-122.345611572266
114.900183859164,-179.408096313477,-71.3381195068359,-121.695861816406
114.916850992954,179.825439453125,-71.5040588378906,-121.288368225098
114.933518126742,179.276443481445,-71.570915222168,-121.031257629395
114.950185260533,178.793304443359,-71.5665817260742,-120.769889831543
114.966852394322,178.228240966797,-71.4795608520508,-120.351783752441
114.983519528111,177.677978515625,-71.3806381225586,-119.870063781738
115.0001866619,176.965972900391,-71.2841415405273,-119.211708068848
115.01685379569,176.068786621094,-71.2222290039062,-118.36206817627
115.033520929479,175.16926574707,-71.2068023681641,-117.485404968262
115.050188063268,174.963043212891,-71.2143707275391,-117.273048400879
115.066855197058,174.569412231445,-71.3907089233398,-116.825294494629
115.083522330847,173.660659790039,-71.5873947143555,-115.951461791992
115.100189464637,173.596450805664,-71.8452987670898,-115.848533630371
115.116856598426,173.391067504883,-72.0597229003906,-115.65966796875
115.133523732216,172.938659667969,-72.1821060180664,-115.266944885254
115.150190866005,172.946670532227,-72.3010330200195,-115.336860656738
115.166857999794,172.983627319336,-72.4766311645508,-115.54736328125
115.183525133583,172.626266479492,-72.7550277709961,-115.397346496582
115.200192267373,172.083572387695,-73.0652770996094,-115.110260009766
115.216859401163,172.407592773438,-73.4138641357422,-115.568237304688
115.233526534951,173.712356567383,-73.7658309936523,-116.918182373047
115.250193668741,175.37223815918,-74.0891265869141,-118.532196044922
115.266860802531,176.952499389648,-74.3075790405273,-120.033813476562
115.28352793632,178.350433349609,-74.3844223022461,-121.319625854492
115.300195070109,179.510406494141,-74.3274459838867,-122.356842041016
115.316862203898,-179.542572021484,-74.1609344482422,-123.163177490234
115.333529337688,-178.775238037109,-73.9065856933594,-123.761962890625
115.350196471477,-178.246932983398,-73.5620193481445,-124.08122253418
115.366863605267,-177.868194580078,-73.1307830810547,-124.230033874512
115.383530739055,-177.707626342773,-72.6515350341797,-124.147216796875
115.400197872846,-177.65412902832,-72.1525802612305,-123.975517272949
115.416865006635,-177.700164794922,-71.6596298217773,-123.692321777344
115.433532140424,-177.708435058594,-71.1577072143555,-123.450271606445
115.450199274213,-177.716445922852,-70.6593704223633,-123.224075317383
115.466866408003,-177.75227355957,-70.1514434814453,-122.970115661621
115.483533541792,-177.61164855957,-69.6189346313477,-122.869216918945
115.500200675581,-177.344619750977,-69.1041030883789,-122.860542297363
115.516867809371,-177.111282348633,-68.6557312011719,-122.778541564941
115.53353494316,-176.801071166992,-68.2983245849609,-122.764373779297
115.55020207695,-176.416015625,-68.0591201782227,-122.86043548584
115.566869210739,-176.421463012695,-67.9669876098633,-122.648933410645
115.583536344529,-176.809585571289,-67.9698867797852,-122.178192138672
115.600203478318,-177.434371948242,-68.0222244262695,-121.573379516602
115.616870612107,-178.378280639648,-68.1171112060547,-120.780967712402
115.633537745896,-179.542724609375,-68.2415237426758,-119.898468017578
115.650204879686,179.793106079102,-68.3455581665039,-119.577613830566
115.666872013476,179.597778320312,-68.5803375244141,-119.745590209961
115.683539147264,178.932220458984,-68.9527969360352,-119.535034179688
115.700206281054,178.786743164062,-69.2490997314453,-119.883125305176
115.716873414844,179.493270874023,-69.4332046508789,-120.970397949219
115.733540548633,-179.028717041016,-69.3977127075195,-122.715744018555
115.750207682422,-177.312026977539,-69.2808303833008,-124.670501708984
115.766874816211,-176.532440185547,-69.0312576293945,-125.729316711426
115.783541950001,-175.48811340332,-68.5387573242188,-126.962577819824
115.80020908379,-174.636367797852,-67.8878784179688,-127.975135803223
115.81687621758,-173.686340332031,-67.1501083374023,-128.986206054688
115.833543351368,-172.542953491211,-66.5158157348633,-130.11979675293
115.850210485159,-171.681198120117,-66.0442276000977,-130.945266723633
115.866877618948,-170.756546020508,-65.7275161743164,-131.775329589844
115.883544752737,-169.689819335938,-65.56787109375,-132.707641601562
115.900211886526,-168.543685913086,-65.5457077026367,-133.681747436523
115.916879020316,-167.39094543457,-65.6399002075195,-134.593353271484
115.933546154105,-166.44856262207,-65.8261947631836,-135.299346923828
115.950213287894,-165.910934448242,-66.1703567504883,-135.782073974609
115.966880421684,-165.706130981445,-66.588264465332,-136.013946533203
115.983547555473,-166.016098022461,-67.1177520751953,-135.721298217773
116.000214689263,-166.6572265625,-67.7518615722656,-135.234832763672
116.016881823052,-167.372100830078,-68.4288711547852,-134.77961730957
116.033548956842,-168.336059570312,-69.1640243530273,-134.140121459961
116.050216090631,-169.46369934082,-69.9168472290039,-133.402236938477
116.06688322442,-170.612319946289,-70.630973815918,-132.665740966797
116.083550358209,-171.678924560547,-71.2666168212891,-132.005630493164
116.100217491999,-172.514938354492,-71.7929077148438,-131.534561157227
116.116884625789,-173.183410644531,-72.1947555541992,-131.180145263672
116.133551759577,-173.930038452148,-72.415168762207,-130.668884277344
116.150218893367,-174.633224487305,-72.4238662719727,-130.106018066406
116.166886027157,-175.198211669922,-72.2453308105469,-129.557662963867
116.183553160946,-175.770446777344,-72.0008850097656,-128.914169311523
116.200220294735,-176.639526367188,-71.7011413574219,-127.992858886719
116.216887428524,-177.470825195312,-71.3814926147461,-127.096641540527
116.233554562314,-177.578140258789,-71.0902252197266,-126.936126708984
116.250221696103,-177.987594604492,-71.0060272216797,-126.437156677246
116.266888829893,-178.988189697266,-70.9658203125,-125.32243347168
116.283555963681,-178.920761108398,-71.0720291137695,-125.222557067871
116.300223097472,-178.369720458984,-71.2483901977539,-125.582534790039
116.316890231261,-177.904586791992,-71.5098114013672,-125.842300415039
116.33355736505,-177.732284545898,-71.8776779174805,-125.903518676758
116.350224498839,-177.401840209961,-72.3181915283203,-126.179649353027
116.366891632629,-178.316909790039,-72.9991760253906,-125.389472961426
116.383558766418,-178.961654663086,-73.6735382080078,-124.88330078125
116.400225900207,-178.54052734375,-74.4264831542969,-125.365676879883
116.416893033997,-177.288177490234,-75.0815811157227,-126.62557220459
116.433560167786,-175.187545776367,-75.554084777832,-128.611083984375
116.450227301576,-173.235580444336,-75.836051940918,-130.450149536133
116.466894435365,-171.283477783203,-75.9257354736328,-132.259567260742
116.483561569155,-169.594848632812,-75.8460311889648,-133.834991455078
116.500228702944,-168.43083190918,-75.6111145019531,-134.921936035156
116.516895836733,-167.768142700195,-75.1836929321289,-135.503845214844
116.533562970522,-167.487426757812,-74.6011199951172,-135.673446655273
116.550230104312,-167.422134399414,-73.9053955078125,-135.573623657227
116.566897238102,-167.41325378418,-73.1263198852539,-135.349960327148
116.58356437189,-167.44367980957,-72.3183517456055,-135.025314331055
116.60023150568,-167.516357421875,-71.5217056274414,-134.601791381836
116.61689863947,-167.604019165039,-70.750358581543,-134.118789672852
116.633565773259,-167.690231323242,-70.0185623168945,-133.604034423828
116.650232907048,-167.701324462891,-69.3417282104492,-133.130416870117
116.666900040837,-167.517440795898,-68.7241516113281,-132.826110839844
116.683567174627,-167.172576904297,-68.2149887084961,-132.672882080078
116.700234308416,-166.637817382812,-67.8338623046875,-132.703048706055
116.716901442206,-165.992736816406,-67.5706329345703,-132.88703918457
116.733568575994,-165.577362060547,-67.4358673095703,-132.956359863281
116.750235709785,-165.667327880859,-67.4709014892578,-132.692428588867
116.766902843574,-166.136642456055,-67.5871505737305,-132.207153320312
116.783569977363,-166.842544555664,-67.7441024780273,-131.601058959961
116.800237111152,-167.877136230469,-67.9861450195312,-130.762573242188
116.816904244942,-168.629852294922,-68.2642822265625,-130.300643920898
116.833571378731,-168.792678833008,-68.5720901489258,-130.463943481445
116.85023851252,-169.460250854492,-69.0080490112305,-130.133697509766
116.86690564631,-169.943954467773,-69.2593460083008,-129.996047973633
116.883572780099,-169.697494506836,-69.4029998779297,-130.513732910156
116.900239913889,-169.252670288086,-69.4861221313477,-131.14111328125
116.916907047678,-168.338119506836,-69.4438705444336,-132.160186767578
116.933574181468,-167.567596435547,-69.3574447631836,-133.002456665039
116.950241315257,-167.225204467773,-69.1116333007812,-133.337173461914
116.966908449046,-167.128524780273,-68.7528457641602,-133.380447387695
116.983575582835,-167.041732788086,-68.2929153442383,-133.377197265625
117.000242716625,-166.587738037109,-67.8058700561523,-133.729629516602
117.016909850415,-166.186614990234,-67.4455261230469,-134.039001464844
117.033576984203,-165.899703979492,-67.2417068481445,-134.244400024414
117.050244117993,-165.532348632812,-67.1655654907227,-134.575485229492
117.066911251783,-165.124908447266,-67.221565246582,-134.986236572266
117.083578385572,-164.603378295898,-67.3634490966797,-135.543487548828
117.100245519361,-164.072402954102,-67.5877990722656,-136.118118286133
117.11691265315,-163.364990234375,-67.8359680175781,-136.934005737305
117.13357978694,-162.86701965332,-68.1472473144531,-137.401565551758
117.150246920729,-162.25895690918,-68.4919967651367,-138.083618164062
117.166914054519,-161.67041015625,-68.8263931274414,-138.777420043945
117.183581188307,-161.306274414062,-69.2045593261719,-139.309707641602
117.200248322098,-161.157760620117,-69.5569305419922,-139.667602539062
117.216915455887,-160.992172241211,-69.8907928466797,-140.076965332031
117.233582589676,-160.797760009766,-70.209587097168,-140.530059814453
117.250249723465,-160.624633789062,-70.5407638549805,-140.923477172852
117.266916857255,-160.414459228516,-70.8086853027344,-141.360626220703
117.283583991044,-160.387069702148,-71.0541381835938,-141.588500976562
117.300251124833,-160.247650146484,-71.1637649536133,-141.878768920898
117.316918258623,-160.179931640625,-71.1560440063477,-141.997970581055
117.333585392412,-159.994110107422,-71.0079345703125,-142.168792724609
117.350252526202,-159.858200073242,-70.8013000488281,-142.196685791016
117.366919659991,-159.694869995117,-70.5671463012695,-142.15592956543
117.383586793781,-159.367431640625,-70.3718109130859,-142.254257202148
117.40025392757,-158.963180541992,-70.3245315551758,-142.395919799805
117.416921061359,-158.245223999023,-70.3979110717773,-142.855606079102
117.433588195148,-156.4892578125,-70.4115829467773,-144.383010864258
117.450255328938,-155.776794433594,-70.8825531005859,-144.852798461914
117.466922462728,-156.433624267578,-71.3401565551758,-143.943572998047
117.483589596516,-155.730575561523,-71.281379699707,-144.309524536133
117.500256730306,-156.606109619141,-71.5622634887695,-143.374450683594
117.516923864096,-157.765762329102,-71.9492950439453,-142.254684448242
117.533590997885,-158.987167358398,-72.6936874389648,-141.242782592773
117.550258131674,-159.712631225586,-73.524299621582,-140.777191162109
117.566925265463,-158.968078613281,-74.469841003418,-141.809295654297
117.583592399253,-157.064300537109,-75.378532409668,-143.939483642578
117.600259533042,-154.062774658203,-76.1333770751953,-147.045211791992
117.616926666832,-150.47932434082,-76.6524887084961,-150.637329101562
117.63359380062,-147.210922241211,-76.7523880004883,-153.751449584961
117.650260934411,-144.825622558594,-76.5611724853516,-155.914855957031
117.6669280682,-143.902191162109,-76.2447967529297,-156.662185668945
117.683595201989,-144.269546508789,-75.810661315918,-156.122665405273
117.700262335778,-145.554718017578,-75.2624664306641,-154.661087036133
117.716929469568,-147.317901611328,-74.6118011474609,-152.670272827148
117.733596603357,-149.153335571289,-73.8910980224609,-150.537704467773
117.750263737146,-150.88720703125,-73.150764465332,-148.459426879883
117.766930870936,-152.35498046875,-72.4534759521484,-146.609527587891
117.783598004725,-153.598052978516,-71.8346710205078,-144.970779418945
117.800265138515,-154.633590698242,-71.2929153442383,-143.533843994141
117.816932272304,-155.44401550293,-70.7799072265625,-142.320358276367
117.833599406094,-155.970184326172,-70.2773742675781,-141.387664794922
117.850266539883,-156.180969238281,-69.8259353637695,-140.790466308594
117.866933673672,-156.060791015625,-69.4142456054688,-140.556655883789
117.883600807461,-155.738052368164,-69.09033203125,-140.613586425781
117.900267941251,-155.4501953125,-68.9153289794922,-140.738586425781
117.916935075041,-155.392822265625,-68.8887252807617,-140.753402709961
117.933602208829,-155.413909912109,-68.8821105957031,-140.722366333008
117.950269342619,-155.691070556641,-68.9379501342773,-140.461502075195
117.966936476409,-156.272262573242,-69.0268478393555,-139.938415527344
117.983603610198,-156.833419799805,-69.0594940185547,-139.547698974609
118.000270743987,-157.084167480469,-69.0097427368164,-139.475875854492
118.016937877776,-157.973937988281,-69.2067184448242,-138.821060180664
118.033605011566,-158.957077026367,-69.2539138793945,-138.074951171875
118.050272145355,-159.558776855469,-69.234375,-137.680267333984
118.066939279145,-160.504745483398,-69.2112121582031,-136.996276855469
118.083606412933,-161.440887451172,-69.1322402954102,-136.325347900391
118.100273546724,-161.988952636719,-68.8675003051758,-135.991546630859
118.116940680513,-162.080352783203,-68.4074478149414,-135.988403320312
118.133607814302,-162.011672973633,-67.8061599731445,-135.986465454102
118.150274948091,-161.40657043457,-67.1367721557617,-136.388381958008
118.166942081881,-160.097549438477,-66.4839172363281,-137.434631347656
118.18360921567,-158.43440246582,-66.0329284667969,-138.807998657227
118.200276349459,-156.695755004883,-65.8174133300781,-140.252563476562
118.216943483249,-154.793411254883,-65.7622222900391,-141.895294189453
118.233610617038,-152.828872680664,-65.8023834228516,-143.645858764648
118.250277750828,-150.88850402832,-65.9113159179688,-145.407577514648
118.266944884617,-149.121948242188,-66.0975341796875,-147.041625976562
118.283612018407,-147.631042480469,-66.3527069091797,-148.449722290039
118.300279152196,-146.283981323242,-66.6317367553711,-149.800323486328
118.316946285985,-145.381423950195,-66.9457321166992,-150.708938598633
118.333613419774,-144.93864440918,-67.3415756225586,-151.201858520508
118.350280553564,-144.530212402344,-67.6558990478516,-151.727203369141
118.366947687354,-144.20149230957,-67.9372940063477,-152.196578979492
118.383614821142,-144.027236938477,-68.2638549804688,-152.536651611328
118.400281954932,-143.922805786133,-68.5933380126953,-152.836532592773
118.416949088722,-143.959228515625,-68.9083480834961,-153.005889892578
118.433616222511,-144.083480834961,-69.1829223632812,-153.096237182617
118.4502833563,-144.455902099609,-69.4290008544922,-152.957244873047
118.466950490089,-144.952270507812,-69.6072692871094,-152.641891479492
118.483617623879,-145.416946411133,-69.6668014526367,-152.345062255859
118.500284757668,-145.927612304688,-69.6406555175781,-151.901031494141
118.516951891458,-146.314025878906,-69.5322494506836,-151.503570556641
118.533619025246,-146.594161987305,-69.4176025390625,-151.137954711914
118.550286159037,-146.797927856445,-69.3700790405273,-150.821319580078
118.566953292826,-147.043243408203,-69.4393997192383,-150.456481933594
118.583620426615,-147.281005859375,-69.5929489135742,-150.093536376953
118.600287560404,-147.247772216797,-69.7453002929688,-150.027374267578
118.616954694194,-146.701675415039,-69.8757400512695,-150.50895690918
118.633621827983,-147.029602050781,-70.3815078735352,-150.133605957031
118.650288961772,-147.323959350586,-70.6637496948242,-149.810592651367
118.666956095562,-147.590957641602,-70.9194641113281,-149.608978271484
118.683623229352,-148.580856323242,-71.2190933227539,-148.668991088867
118.700290363141,-149.818237304688,-71.5215530395508,-147.514785766602
118.71695749693,-151.001724243164,-71.8163833618164,-146.471694946289
118.73362463072,-151.637619018555,-72.0088424682617,-145.991500854492
118.750291764509,-152.403350830078,-72.4349212646484,-145.416015625
118.766958898298,-152.423980712891,-72.6347351074219,-145.435165405273
118.783626032087,-151.307464599609,-72.7143859863281,-146.50178527832
118.800293165877,-149.605117797852,-72.7146606445312,-148.069351196289
118.816960299667,-147.59700012207,-72.68408203125,-149.883636474609
118.833627433456,-145.51286315918,-72.5390090942383,-151.715148925781
118.850294567245,-143.670486450195,-72.2560501098633,-153.21240234375
118.866961701035,-142.272811889648,-71.9006271362305,-154.19059753418
118.883628834824,-141.347412109375,-71.5092163085938,-154.664215087891
118.900295968613,-140.938537597656,-71.1481781005859,-154.623886108398
118.916963102402,-141.03840637207,-70.8502807617188,-154.129196166992
118.933630236192,-141.614349365234,-70.6338577270508,-153.204376220703
118.950297369981,-142.5078125,-70.4961013793945,-152.012985229492
118.966964503771,-143.558532714844,-70.4001541137695,-150.701431274414
118.98363163756,-144.628540039062,-70.2651138305664,-149.386993408203
119.00029877135,-145.576202392578,-70.0695724487305,-148.186538696289
119.016965905139,-146.376205444336,-69.8262100219727,-147.123245239258
119.033633038928,-146.999710083008,-69.5425262451172,-146.225479125977
119.050300172717,-147.565017700195,-69.2587432861328,-145.382034301758
119.066967306507,-147.988311767578,-68.9727096557617,-144.6953125
119.083634440296,-148.532287597656,-68.7823181152344,-143.908126831055
119.100301574085,-149.239593505859,-68.6899108886719,-143.050094604492
119.116968707875,-150.120666503906,-68.6696472167969,-142.089401245117
119.133635841665,-151.134826660156,-68.7035751342773,-141.079940795898
119.150302975454,-152.170486450195,-68.7723159790039,-140.117294311523
119.166970109243,-153.342330932617,-68.9196014404297,-139.082641601562
119.183637243033,-154.520492553711,-69.1421432495117,-138.139373779297
119.200304376822,-155.530563354492,-69.416130065918,-137.411651611328
119.216971510611,-156.044555664062,-69.6400680541992,-137.253173828125
119.2336386444,-155.925140380859,-69.8130874633789,-137.733200073242
119.25030577819,-156.591644287109,-70.165168762207,-137.48388671875
119.26697291198,-156.7939453125,-70.271484375,-137.66242980957
119.283640045769,-157.430313110352,-70.4133071899414,-137.447113037109
119.300307179558,-158.035705566406,-70.3761444091797,-137.244659423828
119.316974313348,-158.345123291016,-70.0901107788086,-137.259475708008
119.333641447137,-158.626724243164,-69.6091842651367,-137.210968017578
119.350308580926,-158.739410400391,-69.0303726196289,-137.204437255859
119.366975714715,-158.643600463867,-68.4173583984375,-137.313140869141
119.383642848505,-158.104293823242,-67.8450164794922,-137.825576782227
119.400309982294,-157.296737670898,-67.4418487548828,-138.604888916016
119.416977116084,-156.459564208984,-67.2833633422852,-139.430526733398
119.433644249873,-155.444366455078,-67.2258911132812,-140.445587158203
119.450311383663,-154.305770874023,-67.2533187866211,-141.626800537109
119.466978517452,-153.191558837891,-67.3546371459961,-142.781661987305
119.483645651241,-152.096710205078,-67.4832229614258,-143.938171386719
119.50031278503,-151.108749389648,-67.6294097900391,-145.02294921875
119.51697991882,-150.356414794922,-67.7516632080078,-145.844985961914
119.533647052609,-150.014892578125,-67.9414596557617,-146.251617431641
119.550314186398,-149.780181884766,-68.1471633911133,-146.613571166992
119.566981320188,-149.640884399414,-68.366096496582,-146.908660888672
119.583648453978,-149.619979858398,-68.6169586181641,-147.097915649414
119.600315587767,-149.606842041016,-68.8793792724609,-147.288558959961
119.616982721556,-149.543670654297,-69.1181564331055,-147.527404785156
119.633649855346,-149.422958374023,-69.3409957885742,-147.824203491211
119.650316989135,-149.234237670898,-69.553596496582,-148.176193237305
119.666984122924,-149.089218139648,-69.7440872192383,-148.471542358398
119.683651256713,-148.969589233398,-69.8356018066406,-148.690643310547
119.700318390503,-148.85954284668,-69.8170166015625,-148.831771850586
119.716985524293,-148.956069946289,-69.7012481689453,-148.669036865234
119.733652658082,-149.235961914062,-69.5118942260742,-148.269943237305
119.750319791871,-149.830307006836,-69.3502349853516,-147.541641235352
119.766986925661,-150.733917236328,-69.2660675048828,-146.510864257812
119.78365405945,-151.945648193359,-69.260383605957,-145.209625244141
119.800321193239,-153.398406982422,-69.3488464355469,-143.721832275391
119.816988327028,-154.785949707031,-69.4710845947266,-142.340881347656
119.833655460818,-155.840225219727,-69.5476531982422,-141.322235107422
119.850322594607,-157.777877807617,-69.8744277954102,-139.441375732422
119.866989728397,-159.857650756836,-70.0628280639648,-137.429168701172
119.883656862186,-161.753494262695,-70.2344436645508,-135.629333496094
119.900323995976,-164.204818725586,-70.4450149536133,-133.257232666016
119.916991129765,-166.382217407227,-70.6409606933594,-131.216094970703
119.933658263554,-168.600479125977,-70.9586944580078,-129.199844360352
119.950325397343,-170.309326171875,-71.3349533081055,-127.73950958252
119.966992531133,-171.82942199707,-71.8407211303711,-126.465599060059
119.983659664922,-172.770874023438,-72.2883758544922,-125.620483398438
